date,team,attack,defence,net
2010-08-01,Bayern Munich,0.37839476528494065,-0.2787658698422071,0.6571606351271477
2010-08-01,Werder Bremen,0.3654128809025179,-0.08361726723638076,0.44903014813889863
2010-08-01,Schalke 04,0.08981338830342007,-0.2996325607976755,0.38944594910109553
2010-08-01,Leverkusen,0.22869409331566135,-0.10124002716757402,0.32993412048323534
2010-08-01,Stuttgart,0.189919915593315,-0.11385194283588869,0.3037718584292037
2010-08-01,Wolfsburg,0.33614433916335573,0.04578827427473456,0.2903560648886212
2010-08-01,Dortmund,0.16623348935934423,-0.10145764102565998,0.2676911303850042
2010-08-01,Hamburg,0.08228730899445288,-0.13279285821179046,0.21508016720624334
2010-08-01,Hoffenheim,0.028412042677389178,-0.06044489400346688,0.08885693668085606
2010-08-01,Mainz,-0.19433454454182905,-0.11750334138242687,-0.07683120315940219
2010-08-01,Ein Frankfurt,-0.00348616660119757,0.13084822533025142,-0.134334391931449
2010-08-01,FC Koln,-0.20879616361255662,-0.07122038456420009,-0.13757577904835655
2010-08-01,Hannover,0.04238569084755635,0.2837389711933649,-0.24135328034580855
2010-08-01,M'gladbach,-0.08237677712311979,0.16324920295410325,-0.24562598007722303
2010-08-01,Freiburg,-0.17741024625433208,0.10955199730453066,-0.28696224355886274
2010-08-01,Nurnberg,-0.2081183007887927,0.10157367479577728,-0.30969197558456996
2010-08-01,Kaiserslautern,-0.3,0.3,-0.6
2010-08-01,St Pauli,-0.3,0.3,-0.6
2010-09-01,Bayern Munich,0.3117718911200922,-0.2642411534786174,0.5760130445987095
2010-09-01,Werder Bremen,0.34826172126834587,-0.01724050033496977,0.36550222160331564
2010-09-01,Schalke 04,0.03717222940230618,-0.2576372914334204,0.2948095208357266
2010-09-01,Leverkusen,0.2176838446841281,-0.03690401642390978,0.2545878611080379
2010-09-01,Dortmund,0.13197967707619643,-0.10263020651767915,0.23460988359387558
2010-09-01,Hamburg,0.08764026797607863,-0.14072077012789486,0.22836103810397348
2010-09-01,Wolfsburg,0.31520676848234447,0.08901850090449993,0.22618826757784455
2010-09-01,Stuttgart,0.1268968068821158,-0.0703210820720975,0.1972178889542133
2010-09-01,Hoffenheim,0.03364518400575822,-0.09847539757599034,0.13212058158174855
2010-09-01,Mainz,-0.1131732071165489,-0.11657511964493895,0.003401912528390061
2010-09-01,Kaiserslautern,-0.038684168774750234,0.08437982630608355,-0.1230639950808338
2010-09-01,M'gladbach,-0.01839444664050558,0.17376070833965224,-0.1921551549801578
2010-09-01,Ein Frankfurt,-0.04842472488592605,0.15236592197083165,-0.2007906468567577
2010-09-01,FC Koln,-0.21354691356513342,0.004080688674142047,-0.21762760223927546
2010-09-01,Hannover,0.030918517256863357,0.2534958559008648,-0.22257733864400148
2010-09-01,Freiburg,-0.1883342387175231,0.13962607534091825,-0.3279603140584414
2010-09-01,Nurnberg,-0.2476952779767976,0.10280670181921218,-0.3505019797960098
2010-09-01,St Pauli,-0.22774345540579938,0.19311222112729592,-0.4208556765330953
2010-10-01,Bayern Munich,0.25396938588335893,-0.2853905798038944,0.5393599656872533
2010-10-01,Dortmund,0.22580873447481994,-0.1541489065207283,0.37995764099554824
2010-10-01,Werder Bremen,0.31299862726366473,0.015741063211457615,0.2972575640522071
2010-10-01,Leverkusen,0.22518678027391853,-0.06329286864259978,0.28847964891651834
2010-10-01,Wolfsburg,0.3103789146874041,0.04771991945966491,0.26265899522773917
2010-10-01,Schalke 04,0.02879918762334787,-0.1822239699228676,0.21102315754621548
2010-10-01,Stuttgart,0.1820987726341827,-0.015629369074351494,0.1977281417085342
2010-10-01,Mainz,-0.03495639161036188,-0.19718276092630943,0.16222636931594756
2010-10-01,Hamburg,0.07261877856465809,-0.08679400930714891,0.15941278787180702
2010-10-01,Hoffenheim,0.05042979993799215,-0.09227525755326509,0.14270505749125723
2010-10-01,Ein Frankfurt,-0.0239059291950407,0.10233116542190838,-0.1262370946169491
2010-10-01,Hannover,0.048801442497499875,0.20365331799021005,-0.15485187549271018
2010-10-01,FC Koln,-0.2606031419255054,-0.04343163181197087,-0.2171715101135345
2010-10-01,Freiburg,-0.16216860135920386,0.09203052643778376,-0.2541991277969876
2010-10-01,Nurnberg,-0.26556977615835886,0.04085097176729418,-0.30642074792565305
2010-10-01,M'gladbach,-0.0524880578371135,0.2922836644747294,-0.34477172231184294
2010-10-01,St Pauli,-0.25122573937171394,0.1619633998540908,-0.41318913922580475
2010-10-01,Kaiserslautern,-0.17154112622979167,0.27160343884934324,-0.4431445650791349
2010-11-01,Bayern Munich,0.23519607893908548,-0.29495707086318046,0.5301531498022659
2010-11-01,Dortmund,0.226107279691768,-0.20705652846566988,0.4331638081574379
2010-11-01,Leverkusen,0.20808286864019895,-0.08430495958227642,0.2923878282224754
2010-11-01,Werder Bremen,0.3164464730625954,0.03673702734273875,0.2797094457198566
2010-11-01,Wolfsburg,0.2727047455924471,0.04192732611268366,0.23077741947976346
2010-11-01,Hoffenheim,0.10202990969051869,-0.06312404132395376,0.16515395101447244
2010-11-01,Stuttgart,0.14306689247354604,-0.01629608099400183,0.15936297346754785
2010-11-01,Schalke 04,-0.02598574661891662,-0.18404865929260744,0.15806291267369083
2010-11-01,Mainz,-0.0456552337977341,-0.20287271168326507,0.15721747788553098
2010-11-01,Hamburg,0.05116668788348475,-0.10544202237800808,0.15660871026149284
2010-11-01,Ein Frankfurt,0.005921408100496128,0.0376335347565323,-0.03171212665603617
2010-11-01,Nurnberg,-0.15934815388400217,0.04853030826262242,-0.2078784621466246
2010-11-01,FC Koln,-0.20613979168065966,0.012858710122875754,-0.21899850180353542
2010-11-01,Freiburg,-0.09182571768771232,0.1314252484050718,-0.2232509660927841
2010-11-01,Hannover,-0.01713972191758386,0.22761180782364324,-0.2447515297412271
2010-11-01,M'gladbach,-0.08882951987784203,0.3201169613077252,-0.40894648118556726
2010-11-01,St Pauli,-0.24497401601824478,0.17780263689160966,-0.42277665290985444
2010-11-01,Kaiserslautern,-0.19242363751050348,0.2633579085799528,-0.4557815460904563
2010-12-01,Bayern Munich,0.25901512160009227,-0.2859127482822789,0.5449278698823712
2010-12-01,Dortmund,0.2584959747732913,-0.2572777267542886,0.5157737015275798
2010-12-01,Leverkusen,0.18503125164876247,-0.11581454838727268,0.3008458000360351
2010-12-01,Hoffenheim,0.10000748754656906,-0.08203305980311744,0.1820405473496865
2010-12-01,Wolfsburg,0.23056604441910555,0.05594259719855701,0.17462344722054854
2010-12-01,Stuttgart,0.18242532993383354,0.01717326818425106,0.16525206174958249
2010-12-01,Schalke 04,0.0006631220658294981,-0.15336402013489792,0.1540271422007274
2010-12-01,Mainz,-0.06415898828628384,-0.21538578603291494,0.15122679774663111
2010-12-01,Werder Bremen,0.23846412582886262,0.08748723411037429,0.15097689171848833
2010-12-01,Hamburg,0.07035440400378692,-0.07175127185509708,0.142105675858884
2010-12-01,Ein Frankfurt,-0.029380921131260125,0.04847697882349813,-0.07785789995475825
2010-12-01,Kaiserslautern,0.07766671781220877,0.23205497188921106,-0.1543882540770023
2010-12-01,Hannover,-0.0023173146512094917,0.20506866374580468,-0.20738597839701417
2010-12-01,Freiburg,-0.14639169413769054,0.08867836359479345,-0.235070057732484
2010-12-01,FC Koln,-0.25909194621499315,0.0319198459055262,-0.29101179212051936
2010-12-01,Nurnberg,-0.18595242162485282,0.11037921149712863,-0.29633163312198146
2010-12-01,M'gladbach,-0.0003430557403259798,0.33130896818954914,-0.33165202392987514
2010-12-01,St Pauli,-0.3935825202262754,0.17279701999639877,-0.5663795402226741
2011-01-01,Dortmund,0.23767635287746283,-0.2966759578407497,0.5343523107182125
2011-01-01,Bayern Munich,0.2918714858752069,-0.24074240914304776,0.5326138950182546
2011-01-01,Leverkusen,0.23478240166505207,-0.0612063154029699,0.295988717068022
2011-01-01,Schalke 04,0.03349953384488546,-0.20435491041828677,0.23785444426317223
2011-01-01,Hoffenheim,0.08993750957911345,-0.08379671495964343,0.17373422453875687
2011-01-01,Wolfsburg,0.1803225884400401,0.016204386264967438,0.16411820217507267
2011-01-01,Mainz,-0.03401820368869182,-0.1660016159713568,0.13198341228266497
2011-01-01,Werder Bremen,0.1801444272531574,0.06349981323735417,0.11664461401580324
2011-01-01,Stuttgart,0.18696160298046774,0.07405484916832494,0.1129067538121428
2011-01-01,Hamburg,0.06261939836823632,-0.03641861231830876,0.09903801068654508
2011-01-01,Ein Frankfurt,-0.0380055796031628,0.019050063443949532,-0.05705564304711233
2011-01-01,Freiburg,-0.10228591869491263,0.044289970261403716,-0.14657588895631635
2011-01-01,Kaiserslautern,-0.01821467504849288,0.1323729515002687,-0.1505876265487616
2011-01-01,Hannover,0.0044059309086170685,0.2047516842232754,-0.20034575331465831
2011-01-01,Nurnberg,-0.168628166357591,0.09824883548856742,-0.2668770018461584
2011-01-01,FC Koln,-0.25060456803933107,0.054092754251666736,-0.3046973222909978
2011-01-01,M'gladbach,-0.04221128868408803,0.34989170267994496,-0.392102991364033
2011-01-01,St Pauli,-0.3760614530748983,0.2262733769145534,-0.6023348299894518
2011-02-01,Dortmund,0.2678450807883796,-0.31708762511798183,0.5849327059063614
2011-02-01,Bayern Munich,0.3363724848256134,-0.23734143961624965,0.573713924441863
2011-02-01,Leverkusen,0.24433918985678013,-0.05079528687166934,0.2951344767284495
2011-02-01,Schalke 04,-0.013449989280535557,-0.21728963114545014,0.20383964186491457
2011-02-01,Hoffenheim,0.08862674825492713,-0.06959591688448878,0.1582226651394159
2011-02-01,Wolfsburg,0.1588823037912096,0.014006104184940334,0.14487619960626927
2011-02-01,Stuttgart,0.15746421970022856,0.0438789464262766,0.11358527327395196
2011-02-01,Mainz,-0.087693852410495,-0.1951825471360929,0.1074886947255979
2011-02-01,Hamburg,0.0370061579068035,-0.05321522560922788,0.09022138351603137
2011-02-01,Werder Bremen,0.16518603996228665,0.1121211972426024,0.053064842719684244
2011-02-01,Freiburg,-0.09278521788414809,0.03194729807019238,-0.12473251595434047
2011-02-01,Ein Frankfurt,-0.11143059856521027,0.04063049791404475,-0.15206109647925503
2011-02-01,Hannover,0.00018201330593447463,0.18094123017950323,-0.18075921687356875
2011-02-01,Nurnberg,-0.18070730049137781,0.07140828284163886,-0.25211558333301665
2011-02-01,Kaiserslautern,-0.07255314938358984,0.19791352586801825,-0.27046667525160806
2011-02-01,FC Koln,-0.2318212971711897,0.062288901231180804,-0.2941101984023705
2011-02-01,M'gladbach,-0.04853254296705764,0.32165392985506985,-0.37018647282212747
2011-02-01,St Pauli,-0.22318435408416235,0.2208273735507028,-0.4440117276348652
2011-03-01,Dortmund,0.2534077742212146,-0.35388018263433846,0.607287956855553
2011-03-01,Bayern Munich,0.3733341467400988,-0.17957578464663576,0.5529099313867345
2011-03-01,Leverkusen,0.2694350154698572,-0.053266874659891196,0.3227018901297484
2011-03-01,Schalke 04,-0.05194321794318437,-0.2368482242355548,0.18490500629237042
2011-03-01,Hamburg,0.029031531794088062,-0.09964514550616695,0.128676677300255
2011-03-01,Wolfsburg,0.0988918390928967,0.00937127528684492,0.08952056380605178
2011-03-01,Hoffenheim,0.07251387643117412,0.0005240765041270283,0.07198979992704709
2011-03-01,Stuttgart,0.1760911862607775,0.10643035725448419,0.0696608290062933
2011-03-01,Mainz,-0.06469329183420063,-0.10692778850290208,0.04223449666870145
2011-03-01,Werder Bremen,0.13492251836066013,0.1323085822269896,0.0026139361336705302
2011-03-01,Nurnberg,-0.0907151570393744,0.009322109388798575,-0.10003726642817297
2011-03-01,Hannover,-0.0060499002572908045,0.11085820667281338,-0.11690810693010419
2011-03-01,Freiburg,-0.14755400932488355,-0.009391790362691596,-0.13816221896219194
2011-03-01,FC Koln,-0.1380892481748305,0.0539092485428141,-0.1919984967176446
2011-03-01,Ein Frankfurt,-0.19254058241523334,0.06996813049388377,-0.2625087129091171
2011-03-01,Kaiserslautern,-0.09994405266175471,0.21224149439796516,-0.3121855470597199
2011-03-01,M'gladbach,-0.03102062621371148,0.34102235334380104,-0.37204297955751253
2011-03-01,St Pauli,-0.24800487112513564,0.14666025922972478,-0.3946651303548604
2011-04-01,Dortmund,0.209684079711547,-0.365908775643152,0.575592855354699
2011-04-01,Bayern Munich,0.40446416507212923,-0.16772694722449338,0.5721911122966226
2011-04-01,Leverkusen,0.27815303436338623,-0.11296343918744274,0.39111647355082896
2011-04-01,Schalke 04,-0.08133996606785994,-0.23158549172891665,0.1502455256610567
2011-04-01,Mainz,-0.030296223298040468,-0.11847349319276243,0.08817726989472197
2011-04-01,Stuttgart,0.1591724888515125,0.07541418357703193,0.08375830527448057
2011-04-01,Hamburg,0.09056380593818701,0.02669547745460629,0.06386832848358072
2011-04-01,Werder Bremen,0.15365750181625434,0.10829546407214756,0.045362037744106784
2011-04-01,Wolfsburg,0.06402924256716423,0.02008054019503082,0.043948702372133414
2011-04-01,Hoffenheim,0.018298492044543407,-0.012188309582990133,0.03048680162753354
2011-04-01,Nurnberg,-0.03079885114287696,0.010211747947886261,-0.04101059909076322
2011-04-01,Hannover,0.008864842720988954,0.1101110630440552,-0.10124622032306624
2011-04-01,FC Koln,-0.08881370786151215,0.08313914295899617,-0.17195285082050832
2011-04-01,Freiburg,-0.16293328614827288,0.031411646376259185,-0.19434493252453205
2011-04-01,Ein Frankfurt,-0.20571672224669785,0.05790068294770336,-0.2636174051944012
2011-04-01,Kaiserslautern,-0.1404338434929421,0.1315460920146362,-0.2719799355075783
2011-04-01,M'gladbach,-0.05985206906429414,0.2935683245133256,-0.35342039357761973
2011-04-01,St Pauli,-0.28796135821413654,0.23585822127711642,-0.523819579491253
2011-05-01,Bayern Munich,0.4316574252388099,-0.17532466582743322,0.6069820910662431
2011-05-01,Dortmund,0.2262570789886287,-0.3772769085012013,0.60353398748983
2011-05-01,Leverkusen,0.2510214430471758,-0.058356666123668736,0.3093781091708445
2011-05-01,Stuttgart,0.20446648824683203,0.08380003592023667,0.12066645232659536
2011-05-01,Schalke 04,-0.09322480026005914,-0.21299217949170612,0.11976737923164699
2011-05-01,Mainz,-0.060915029301997645,-0.15344722300519048,0.09253219370319284
2011-05-01,Wolfsburg,0.07477245251611485,0.013973181319920721,0.060799271196194125
2011-05-01,Werder Bremen,0.130813559911401,0.09660807783337545,0.034205482078025554
2011-05-01,Hoffenheim,-0.004774275170892748,0.0019470216507411011,-0.0067212968216338485
2011-05-01,Hamburg,0.007073748314459788,0.019240330524799933,-0.012166582210340143
2011-05-01,Nurnberg,-0.0695018481924426,-0.03661650764175357,-0.03288534055068902
2011-05-01,Hannover,0.008648017649315937,0.09654984097803959,-0.08790182332872365
2011-05-01,Freiburg,-0.11592782876861339,0.06701308851712719,-0.18294091728574058
2011-05-01,Kaiserslautern,-0.11489216341610539,0.08962760543110139,-0.2045197688472068
2011-05-01,FC Koln,-0.08338511667310991,0.15299792852305308,-0.236383045196163
2011-05-01,M'gladbach,-0.029640944227840478,0.2133434501194545,-0.24298439434729496
2011-05-01,Ein Frankfurt,-0.23060486262848878,0.05183481218528515,-0.2824396748137739
2011-05-01,St Pauli,-0.3019808160216017,0.27701951911981704,-0.5790003351414188
2011-08-01,Bayern Munich,0.47268700613996545,-0.18492199401823742,0.6576090001582029
2011-08-01,Dortmund,0.2159564594052805,-0.3525742186350216,0.5685306780403021
2011-08-01,Leverkusen,0.22559499136480218,-0.09897922839025743,0.3245742197550596
2011-08-01,Stuttgart,0.19631843379049083,0.04880130535609776,0.14751712843439307
2011-08-01,Mainz,-0.01843246253194135,-0.16261808399756478,0.14418562146562341
2011-08-01,Wolfsburg,0.0892028535229609,-0.00012086644894604912,0.08932371997190694
2011-08-01,Schalke 04,-0.09076556834055526,-0.173010095397164,0.08224452705660874
2011-08-01,Werder Bremen,0.1461681677579666,0.07321945976326799,0.0729487079946986
2011-08-01,Hamburg,-0.005998463819604291,-0.01687940733510829,0.010880943515504001
2011-08-01,Kaiserslautern,0.011797071222277944,0.004006811958999086,0.007790259263278858
2011-08-01,Hoffenheim,0.004799456450678051,0.004151846286122802,0.0006476101645552486
2011-08-01,Hannover,0.029987000773208053,0.07108672746738104,-0.041099726694172986
2011-08-01,Nurnberg,-0.07218966219235824,-0.01668602116278544,-0.0555036410295728
2011-08-01,FC Koln,-0.05040047616524828,0.10864328236231521,-0.1590437585275635
2011-08-01,M'gladbach,-0.02152969738885819,0.15857003621976015,-0.18009973360861833
2011-08-01,Freiburg,-0.15463150318317073,0.040027903565283865,-0.1946594067484546
2011-08-01,Hertha,-0.23070003606864245,0.10146091693233145,-0.3321609530009739
2011-08-01,Augsburg,-0.3,0.3,-0.6
2011-09-01,Bayern Munich,0.467177474070004,-0.24709738390299188,0.7142748579729958
2011-09-01,Dortmund,0.1909574286203453,-0.38906587079158117,0.5800232994119264
2011-09-01,Leverkusen,0.16297493858294035,-0.16210519619600688,0.32508013477894726
2011-09-01,Stuttgart,0.16012766390639566,0.010742835833873943,0.1493848280725217
2011-09-01,Mainz,0.01979514793046227,-0.1273948520068399,0.14718999993730217
2011-09-01,Schalke 04,-0.004174904294285905,-0.13991975166025544,0.13574484736596953
2011-09-01,Werder Bremen,0.18764454024611069,0.0655681172585811,0.12207642298752959
2011-09-01,Wolfsburg,0.06311711176226457,0.032148723874838185,0.03096838788742639
2011-09-01,Hoffenheim,-0.0028390815494183917,-0.015791661701576844,0.012952580152158453
2011-09-01,Hannover,0.03527054575735972,0.05976455625008936,-0.024494010492729645
2011-09-01,Nurnberg,-0.11331492987802695,-0.029918623417142878,-0.08339630646088407
2011-09-01,Hamburg,0.017884647509076763,0.1129843787345895,-0.09509973122551274
2011-09-01,M'gladbach,-0.005077053115381228,0.09167509700028828,-0.09675215011566951
2011-09-01,Kaiserslautern,-0.08055773708716624,0.02760800953897542,-0.10816574662614166
2011-09-01,Freiburg,-0.06162198824153167,0.10651038782162389,-0.16813237606315556
2011-09-01,FC Koln,-0.0265632129377076,0.20225114341713601,-0.22881435635484362
2011-09-01,Hertha,-0.24761609321568268,0.044447623519508456,-0.29206371673519116
2011-09-01,Augsburg,-0.3838187457681829,0.2468591711643698,-0.6306779169325527
2011-10-01,Bayern Munich,0.5159133079475984,-0.30764584617078133,0.8235591541183798
2011-10-01,Dortmund,0.17596821748547165,-0.3381715015581992,0.5141397190436708
2011-10-01,Leverkusen,0.1578206953473868,-0.09119854659086933,0.24901924193825614
2011-10-01,Stuttgart,0.16930654307692616,-0.030392515682548304,0.19969905875947447
2011-10-01,Werder Bremen,0.17100131510763006,0.03361320144111366,0.1373881136665164
2011-10-01,Schalke 04,0.009100154145550337,-0.10497739229276874,0.11407754643831908
2011-10-01,Hoffenheim,0.03992318285868933,-0.036967428574190685,0.07689061143288001
2011-10-01,Wolfsburg,0.055156581914171054,0.02634984535104968,0.028806736563121375
2011-10-01,Mainz,-0.019502524330524518,-0.023234862351882837,0.0037323380213583196
2011-10-01,Hannover,-0.003390310001944758,0.04411613537620109,-0.04750644537814585
2011-10-01,M'gladbach,-0.032092692085172195,0.021511575787376405,-0.0536042678725486
2011-10-01,Nurnberg,-0.13439308504588104,-0.05878342496466908,-0.07560966008121196
2011-10-01,Hamburg,-0.020241769603480675,0.08420359214977635,-0.10444536175325703
2011-10-01,Kaiserslautern,-0.13009882545556506,0.0038774387342655437,-0.1339762641898306
2011-10-01,FC Koln,0.02466580724548839,0.17060282508180968,-0.1459370178363213
2011-10-01,Hertha,-0.1891366674904969,0.057727124072667474,-0.24686379156316438
2011-10-01,Freiburg,-0.06676554584296747,0.2093605761201849,-0.2761261219631524
2011-10-01,Augsburg,-0.38095683095202254,0.29495707057836357,-0.6759139015303861
2011-11-01,Bayern Munich,0.5136045715896761,-0.33464360929876363,0.8482481808884397
2011-11-01,Dortmund,0.23360152966568334,-0.3909095622826342,0.6245110919483176
2011-11-01,Leverkusen,0.1491543768237422,-0.10079652835379777,0.24995090517753996
2011-11-01,Stuttgart,0.18173570810565592,-0.04054302082779518,0.2222787289334511
2011-11-01,Schalke 04,0.037962483711973014,-0.11335500633181281,0.1513174900437858
2011-11-01,Werder Bremen,0.1737672027823349,0.05799406170326053,0.11577314107907437
2011-11-01,Hoffenheim,-0.010683788034183052,-0.053622333581588834,0.04293854554740578
2011-11-01,Wolfsburg,0.06329631760744853,0.07212358900611182,-0.008827271398663294
2011-11-01,Hannover,0.00949327022114308,0.05373835913154545,-0.044245088910402366
2011-11-01,M'gladbach,-0.053530289506220984,0.015067634220895562,-0.06859792372711654
2011-11-01,Mainz,-0.05091441341001595,0.02020407057112286,-0.0711184839811388
2011-11-01,Kaiserslautern,-0.12112709754265744,-0.03469851489034803,-0.0864285826523094
2011-11-01,Hamburg,-0.0320763704501945,0.08168079092453925,-0.11375716137473375
2011-11-01,Nurnberg,-0.10152466791290388,0.022734742816040144,-0.12425941072894402
2011-11-01,FC Koln,0.01327581718427291,0.1980353146903777,-0.1847594975061048
2011-11-01,Hertha,-0.14974643623427786,0.04113509608458017,-0.19088153231885802
2011-11-01,Freiburg,-0.13285233267570948,0.17931621852225865,-0.31216855119796816
2011-11-01,Augsburg,-0.45020378584136667,0.277629691272208,-0.7278334771135746
2011-12-01,Bayern Munich,0.4752661813574764,-0.2925838664271849,0.7678500477846613
2011-12-01,Dortmund,0.2534440332456944,-0.4436753981006193,0.6971194313463137
2011-12-01,Leverkusen,0.1675855307314797,-0.07943070689556207,0.24701623762704178
2011-12-01,Schalke 04,0.05863338261926724,-0.11786286738843745,0.1764962500077047
2011-12-01,Stuttgart,0.13405451088027892,-0.014627892484038594,0.1486824033643175
2011-12-01,M'gladbach,0.027469717845823093,-0.04092050744448648,0.06839022529030957
2011-12-01,Werder Bremen,0.15390139550850876,0.09112143701523176,0.062779958493277
2011-12-01,Mainz,0.0004919496621294469,0.01196825845169278,-0.011476308789563332
2011-12-01,Hoffenheim,-0.06586877476245648,-0.05001196759366743,-0.015856807168789046
2011-12-01,Wolfsburg,0.06263900072742205,0.11442653298265983,-0.05178753225523777
2011-12-01,Hamburg,-0.02667475629121104,0.04779620951888242,-0.07447096581009346
2011-12-01,Hannover,-0.009974453362939296,0.08823520677995685,-0.09820966014289614
2011-12-01,Kaiserslautern,-0.18215814369218428,-0.043650577523547236,-0.13850756616863705
2011-12-01,Nurnberg,-0.14963176443724605,0.05003849469998684,-0.19967025913723288
2011-12-01,Hertha,-0.0984099914725467,0.10628649038130321,-0.20469648185384992
2011-12-01,FC Koln,-0.014003169818508882,0.22032678598691924,-0.23432995580542812
2011-12-01,Freiburg,-0.11468910830095101,0.1617309974088938,-0.2764201057098448
2011-12-01,Augsburg,-0.39013658868637807,0.19753942105471176,-0.5876760097410898
2012-01-01,Bayern Munich,0.48989893769473386,-0.30276100248236115,0.7926599401770951
2012-01-01,Dortmund,0.2678358132737492,-0.41890408171384713,0.6867398949875964
2012-01-01,Schalke 04,0.13211987759015312,-0.1254040532298828,0.2575239308200359
2012-01-01,Leverkusen,0.12491238081175449,-0.07814473338223962,0.2030571141939941
2012-01-01,Stuttgart,0.109562193399605,-0.002187786157060602,0.1117499795566656
2012-01-01,M'gladbach,-0.0025016797956177684,-0.06032100191423875,0.05781932211862099
2012-01-01,Werder Bremen,0.168726211325601,0.154898067368219,0.013828143957381994
2012-01-01,Hoffenheim,-0.07427570165338129,-0.058769255137748465,-0.015506446515632828
2012-01-01,Mainz,-0.039584585563203295,-0.016861800282530717,-0.022722785280672578
2012-01-01,Hamburg,-0.0479341511125473,0.01843316041485419,-0.0663673115274015
2012-01-01,Wolfsburg,0.05657513527864311,0.13720221260444562,-0.08062707732580252
2012-01-01,Hannover,-0.03754014097486389,0.05669891118501706,-0.09423905215988096
2012-01-01,Kaiserslautern,-0.18648931934519983,-0.056921801592158844,-0.12956751775304098
2012-01-01,FC Koln,0.01561985013273014,0.1990506470010236,-0.18343079686829344
2012-01-01,Nurnberg,-0.14628786548531933,0.04561149133487586,-0.19189935682019518
2012-01-01,Hertha,-0.10305975071389631,0.10701804180103382,-0.21007779251493014
2012-01-01,Freiburg,-0.13654401224428894,0.2250896145637746,-0.36163362680806355
2012-01-01,Augsburg,-0.36597959187008916,0.16735205902540876,-0.5333316508954979
2012-02-01,Bayern Munich,0.46924094177036024,-0.2805199168389822,0.7497608586093425
2012-02-01,Dortmund,0.3239574860962239,-0.4013348052890983,0.7252922913853221
2012-02-01,Schalke 04,0.1824199675737866,-0.130319784079787,0.3127397516535736
2012-02-01,Leverkusen,0.13492800584123874,-0.07171051275537764,0.20663851859661636
2012-02-01,M'gladbach,0.056962823282050344,-0.09960069101642322,0.15656351429847357
2012-02-01,Stuttgart,0.08305507969969125,0.04486548555849645,0.038189594141194806
2012-02-01,Werder Bremen,0.13469709248572573,0.11964063561909132,0.015056456866634413
2012-02-01,Mainz,-0.000495074857071901,0.006379511371149877,-0.0068745862282217785
2012-02-01,Hoffenheim,-0.09476992947560926,-0.06008704080860158,-0.03468288866700768
2012-02-01,Wolfsburg,0.021846343069346966,0.10099576779577313,-0.07914942472642617
2012-02-01,Hannover,-0.06708906459251546,0.012686267005079273,-0.07977533159759473
2012-02-01,Hamburg,-0.031139471680062616,0.06596279979575122,-0.09710227147581384
2012-02-01,Kaiserslautern,-0.19689857083474,-0.06300397269797446,-0.13389459813676552
2012-02-01,Nurnberg,-0.1564499778006861,0.017427855434366153,-0.17387783323505224
2012-02-01,FC Koln,-0.011678173843281608,0.214353029913715,-0.2260312037569966
2012-02-01,Hertha,-0.1488560550817964,0.1368689531333937,-0.2857250082151901
2012-02-01,Freiburg,-0.14722761261642683,0.2221077215110205,-0.36933533412744735
2012-02-01,Augsburg,-0.36332094513591734,0.17730905016099371,-0.540629995296911
2012-03-01,Dortmund,0.31722944235512457,-0.44354062635740893,0.7607700687125335
2012-03-01,Bayern Munich,0.4271712812078892,-0.33316309674881917,0.7603343779567084
2012-03-01,Schalke 04,0.16952756104578304,-0.1171972455303873,0.28672480657617033
2012-03-01,Leverkusen,0.15979427135700278,-0.08880060848743873,0.2485948798444415
2012-03-01,M'gladbach,0.0637900858898703,-0.13948542667393077,0.20327551256380105
2012-03-01,Stuttgart,0.18041458772870758,0.07825142659493367,0.10216316113377391
2012-03-01,Mainz,0.0342149606246685,-0.025629265062645228,0.05984422568731373
2012-03-01,Werder Bremen,0.12949821371172393,0.11902233520124897,0.010475878510474962
2012-03-01,Hoffenheim,-0.07956367013570101,-0.05596903717400423,-0.023594632961696782
2012-03-01,Hannover,-0.018431618204876044,0.013740985271179479,-0.03217260347605552
2012-03-01,Hamburg,-0.046795541197878536,0.049062431317661206,-0.09585797251553974
2012-03-01,Wolfsburg,-0.00290359688558691,0.1417790600087164,-0.14468265689430332
2012-03-01,Nurnberg,-0.1853350047535953,-0.021799252836282805,-0.16353575191731248
2012-03-01,Kaiserslautern,-0.2622180557179181,0.0002427738012452326,-0.26246082951916333
2012-03-01,FC Koln,-0.06378236973103123,0.20294138717929322,-0.26672375691032446
2012-03-01,Freiburg,-0.13386411156157094,0.2381770412259668,-0.37204115278753774
2012-03-01,Augsburg,-0.2867272733103308,0.1847965326855091,-0.47152380599583993
2012-03-01,Hertha,-0.26075442500990165,0.21094461822162516,-0.4716990432315268
2012-04-01,Bayern Munich,0.47775006821486865,-0.3434394526698083,0.8211895208846769
2012-04-01,Dortmund,0.33922442992654905,-0.3953589928639072,0.7345834227904562
2012-04-01,Schalke 04,0.20928134553262479,-0.12554820001414743,0.33482954554677224
2012-04-01,Leverkusen,0.11701297009453515,-0.06088804538692443,0.1779010154814596
2012-04-01,Stuttgart,0.21865363789079056,0.0434552033875756,0.17519843450321496
2012-04-01,M'gladbach,0.01457295133773058,-0.15403600147903376,0.16860895281676436
2012-04-01,Mainz,0.046717411726629826,-0.0073902393078024865,0.05410765103443231
2012-04-01,Werder Bremen,0.06399568424480612,0.09253079417749423,-0.02853510993268811
2012-04-01,Hannover,-0.002778236320273159,0.035896266801407194,-0.03867450312168035
2012-04-01,Wolfsburg,0.07086147562081901,0.11485113916338023,-0.043989663542561216
2012-04-01,Hoffenheim,-0.07760130569370194,0.012740714670481823,-0.09034202036418376
2012-04-01,Hamburg,-0.09049139530342376,0.1063268081838001,-0.19681820348722384
2012-04-01,Nurnberg,-0.2344405645500947,-0.0369912462177232,-0.1974493183323715
2012-04-01,Freiburg,-0.07403372549308183,0.13798311999268698,-0.21201684548576882
2012-04-01,FC Koln,-0.08491624560751505,0.2595988571130724,-0.34451510272058744
2012-04-01,Augsburg,-0.24153745844967123,0.10961903616264068,-0.3511564946123119
2012-04-01,Kaiserslautern,-0.36459281343591,-0.00530473583688972,-0.35928807759902026
2012-04-01,Hertha,-0.2763221148943975,0.255756170607779,-0.5320782855021765
2012-05-01,Bayern Munich,0.42275831955337057,-0.3839624699424415,0.806720789495812
2012-05-01,Dortmund,0.38794866578871784,-0.4064393968942537,0.7943880626829716
2012-05-01,Schalke 04,0.22007364062947793,-0.09695122635765097,0.3170248669871289
2012-05-01,Stuttgart,0.2572210786320117,0.023416714057987304,0.2338043645740244
2012-05-01,Leverkusen,0.12164186093083172,-0.05787976145375992,0.17952162238459163
2012-05-01,M'gladbach,-0.03267412669715906,-0.16742443481700503,0.13475030811984598
2012-05-01,Mainz,0.006612470200296362,-0.0691164887472547,0.07572895894755106
2012-05-01,Hoffenheim,-0.059496892550813314,0.0002751334507347599,-0.05977202600154807
2012-05-01,Hannover,-0.0684395354447059,-0.0028201784109608365,-0.06561935703374507
2012-05-01,Wolfsburg,0.03851445281830376,0.11986238921516633,-0.08134793639686257
2012-05-01,Nurnberg,-0.1133554678810725,-0.029585266840972325,-0.08377020104010016
2012-05-01,Werder Bremen,0.053013998032062436,0.1392408900416121,-0.08622689200954967
2012-05-01,Freiburg,-0.0616813626434796,0.10761574341739276,-0.16929710606087237
2012-05-01,Hamburg,-0.14127572777846545,0.09477698335142444,-0.2360527111298899
2012-05-01,Augsburg,-0.2403358526999142,0.06495215926711284,-0.30528801196702704
2012-05-01,Kaiserslautern,-0.323348413962317,0.10206557372284276,-0.42541398768515976
2012-05-01,FC Koln,-0.13306371655418348,0.30050182742344544,-0.4335655439776289
2012-05-01,Hertha,-0.2723220048935155,0.29120166126582225,-0.5635236661593377
2012-08-01,Dortmund,0.3957624643319476,-0.416896099782274,0.8126585641142217
2012-08-01,Bayern Munich,0.4319383758770557,-0.3775466950825325,0.8094850709595882
2012-08-01,Schalke 04,0.23371260079663683,-0.10042956781022912,0.33414216860686596
2012-08-01,Stuttgart,0.2610241327946152,0.015454080681903183,0.24557005211271205
2012-08-01,Leverkusen,0.15713489325984908,-0.07624131820081557,0.23337621146066467
2012-08-01,M'gladbach,0.000729070965637198,-0.19721527939509736,0.19794435036073457
2012-08-01,Mainz,-0.009131729630226184,-0.05307192769019469,0.04394019805996851
2012-08-01,Hannover,-0.05778531163682899,-0.017139215806487623,-0.04064609583034137
2012-08-01,Wolfsburg,0.04954406381674038,0.10955328521368586,-0.06000922139694548
2012-08-01,Hoffenheim,-0.06004593294956471,0.008982405489315337,-0.06902833843888004
2012-08-01,Werder Bremen,0.06067332759811733,0.13626119098275755,-0.07558786338464021
2012-08-01,Nurnberg,-0.10805869343467928,-0.0027172235540059322,-0.10534146988067335
2012-08-01,Augsburg,-0.15761287018114958,-0.0367541490499595,-0.12085872113119009
2012-08-01,Freiburg,-0.06707817176374327,0.10564317331137504,-0.17272134507511833
2012-08-01,Hamburg,-0.1524660740782049,0.06939793023615065,-0.22186400431435555
2012-08-01,Ein Frankfurt,-0.30893504563153584,0.14860415513478464,-0.4575392007663205
2012-08-01,Greuther Furth,-0.3,0.3,-0.6
2012-08-01,Fortuna Dusseldorf,-0.3,0.3,-0.6
2012-09-01,Bayern Munich,0.4376355758300349,-0.37536864079472476,0.8130042166247596
2012-09-01,Dortmund,0.38474059355920065,-0.39134907336047614,0.7760896669196768
2012-09-01,Schalke 04,0.24022845043917287,-0.06976002683970338,0.30998847727887624
2012-09-01,Stuttgart,0.22556477365375402,0.024139168544201377,0.20142560510955265
2012-09-01,Leverkusen,0.1450029065394486,-0.04404320688040887,0.1890461134198575
2012-09-01,M'gladbach,0.009002146320529262,-0.17846526744382749,0.18746741376435674
2012-09-01,Mainz,-0.04990840376310961,-0.04184963843772937,-0.008058765325380239
2012-09-01,Wolfsburg,0.04261418785159518,0.08611658517373624,-0.04350239732214106
2012-09-01,Hannover,-0.0412874518879982,0.008340715408849522,-0.04962816729684772
2012-09-01,Werder Bremen,0.06237195598754034,0.13962139278138844,-0.0772494367938481
2012-09-01,Hoffenheim,-0.05753674745270799,0.031166400996355884,-0.08870314844906388
2012-09-01,Nurnberg,-0.10972870764019327,-0.012435599090264052,-0.09729310854992922
2012-09-01,Freiburg,-0.07369328854760578,0.11469189759938064,-0.1883851861469864
2012-09-01,Augsburg,-0.19901192943594254,0.0052639851721894065,-0.20427591460813194
2012-09-01,Hamburg,-0.18022081664685405,0.08045308772155742,-0.2606739043684115
2012-09-01,Fortuna Dusseldorf,-0.19834256636344794,0.15614564884542492,-0.35448821520887286
2012-09-01,Ein Frankfurt,-0.2668763474716192,0.1445745403564013,-0.41145088782802053
2012-09-01,Greuther Furth,-0.3516105642251254,0.19997154432664344,-0.5515821085517688
2012-10-01,Bayern Munich,0.4807664807490516,-0.43770839027597364,0.9184748710250252
2012-10-01,Dortmund,0.4302921465946772,-0.32522966815683924,0.7555218147515164
2012-10-01,Schalke 04,0.25758018960661344,-0.0785886852155441,0.3361688748221575
2012-10-01,Leverkusen,0.13378151364938293,-0.07128511220251117,0.2050666258518941
2012-10-01,Stuttgart,0.17678382296236111,0.07844426029518863,0.09833956266717249
2012-10-01,M'gladbach,-0.014502609777235156,-0.08247164119714308,0.06796903141990793
2012-10-01,Hannover,0.03955222652319855,0.019729048677339628,0.019823177845858922
2012-10-01,Mainz,-0.04609513156193327,-0.04669410438168906,0.0005989728197557942
2012-10-01,Werder Bremen,0.06307465684644284,0.1317506663581061,-0.06867600951166325
2012-10-01,Hoffenheim,-0.0267162359561031,0.0834840335529339,-0.11020026950903701
2012-10-01,Ein Frankfurt,0.012033035230764136,0.13146958685079077,-0.11943655162002663
2012-10-01,Nurnberg,-0.11290028255788506,0.05158764313903014,-0.1644879256969152
2012-10-01,Fortuna Dusseldorf,-0.31342642163480294,-0.1362184113191398,-0.17720801031566313
2012-10-01,Wolfsburg,-0.07152423890163451,0.12598967215552612,-0.19751391105716062
2012-10-01,Freiburg,-0.06459672624828106,0.13585857593110715,-0.2004553021793882
2012-10-01,Hamburg,-0.12967920695031054,0.09255627433524556,-0.2222354812855561
2012-10-01,Augsburg,-0.2855612547629167,0.024118767392846022,-0.30968002215576274
2012-10-01,Greuther Furth,-0.5210896846004072,0.2144883378383928,-0.7355780224388
2012-11-01,Bayern Munich,0.4860388175998797,-0.44635825547514957,0.9323970730750293
2012-11-01,Dortmund,0.40506317874178793,-0.33632042049579725,0.7413835992375852
2012-11-01,Schalke 04,0.2554021954818476,-0.14242924238072205,0.3978314378625697
2012-11-01,Leverkusen,0.16571423745984426,-0.07674921711041734,0.24246345457026158
2012-11-01,Stuttgart,0.16275956151352075,0.04895335045378748,0.11380621105973326
2012-11-01,Mainz,-0.014571253619818649,-0.0823182123196067,0.06774695869978806
2012-11-01,M'gladbach,-0.003171882893663953,-0.052686335832260844,0.04951445293859689
2012-11-01,Hannover,0.04225870400540148,0.05155420522276168,-0.009295501217360204
2012-11-01,Werder Bremen,0.09056379098643025,0.12511991177531792,-0.03455612078888767
2012-11-01,Ein Frankfurt,0.0077481357944107,0.12468103762801676,-0.11693290183360605
2012-11-01,Freiburg,-0.050276730930189945,0.08200197096754668,-0.1322787018977366
2012-11-01,Hoffenheim,-0.03922546761682037,0.11961991308865368,-0.15884538070547405
2012-11-01,Hamburg,-0.14418961890872328,0.0370886339647449,-0.1812782528734682
2012-11-01,Wolfsburg,-0.066263999391847,0.13511705855920958,-0.2013810579510566
2012-11-01,Nurnberg,-0.17903218085095574,0.03128602463756104,-0.21031820548851676
2012-11-01,Augsburg,-0.30068248638011136,0.0005937383146445212,-0.3012762246947559
2012-11-01,Fortuna Dusseldorf,-0.4056100878619529,0.15164710209580395,-0.5572571899577569
2012-11-01,Greuther Furth,-0.4510228065960627,0.2226693723538491,-0.6736921789499117
2012-12-01,Bayern Munich,0.48118948512878623,-0.5170315296913812,0.9982210148201675
2012-12-01,Dortmund,0.36296112657522106,-0.33297468367924676,0.6959358102544678
2012-12-01,Schalke 04,0.1973517544531197,-0.07938393686607721,0.2767356913191969
2012-12-01,Leverkusen,0.2014950079663423,-0.06774524733174385,0.26924025529808615
2012-12-01,Stuttgart,0.1273869730387355,0.06386380614306868,0.06352316689566682
2012-12-01,Mainz,-0.017212923722034125,-0.0784777529331895,0.06126482921115537
2012-12-01,M'gladbach,0.004896301357204253,-0.04785597523960197,0.05275227659680622
2012-12-01,Hannover,0.052551105815890876,0.0770546434043731,-0.02450353758848222
2012-12-01,Werder Bremen,0.06910829228506407,0.1420573808508935,-0.07294908856582943
2012-12-01,Freiburg,-0.06657028030335846,0.01286517683277546,-0.07943545713613392
2012-12-01,Wolfsburg,-0.07122856603826289,0.10112696460892401,-0.1723555306471869
2012-12-01,Nurnberg,-0.17007661143637798,0.0033841818166372895,-0.17346079325301528
2012-12-01,Hamburg,-0.1829220826404019,0.011283012123703026,-0.19420509476410494
2012-12-01,Hoffenheim,-0.030809636295577075,0.1838370035738997,-0.21464663986947677
2012-12-01,Ein Frankfurt,-0.03382048012680184,0.197412632684634,-0.23123311281143583
2012-12-01,Fortuna Dusseldorf,-0.19097388032768065,0.042230079499501486,-0.23320395982718212
2012-12-01,Augsburg,-0.29677786998711625,0.07720728758733722,-0.3739851575744535
2012-12-01,Greuther Furth,-0.45984796563296926,0.23237635030854714,-0.6922243159415165
2013-01-01,Bayern Munich,0.4551268789119084,-0.5168334903689961,0.9719603692809045
2013-01-01,Dortmund,0.36774694067225544,-0.29590391294881074,0.6636508536210661
2013-01-01,Leverkusen,0.20857608534813196,-0.06940169782825827,0.2779777831763902
2013-01-01,Schalke 04,0.1697941725915607,-0.022442232892994077,0.19223640548455478
2013-01-01,M'gladbach,0.015404331964284562,-0.09829853467307767,0.11370286663736223
2013-01-01,Mainz,-0.005325367306765161,-0.0719210802003108,0.06659571289354563
2013-01-01,Stuttgart,0.13142381589039195,0.0649310316023412,0.06649278428805075
2013-01-01,Hannover,0.07040301253706535,0.10056746367306069,-0.030164451135995335
2013-01-01,Freiburg,-0.04989459380581342,-0.01257260015929832,-0.037321993646515096
2013-01-01,Werder Bremen,0.08861120976219561,0.16421546401121206,-0.07560425424901646
2013-01-01,Ein Frankfurt,0.029733478342969116,0.15941615242217883,-0.12968267407920972
2013-01-01,Nurnberg,-0.17734363165085376,-0.03376343102922379,-0.14358020062162996
2013-01-01,Wolfsburg,-0.06944571274301697,0.10577893967006184,-0.17522465241307883
2013-01-01,Hamburg,-0.19158782142954298,0.006688789144206862,-0.19827661057374985
2013-01-01,Fortuna Dusseldorf,-0.20484691196023483,0.060585607099781946,-0.26543251906001675
2013-01-01,Hoffenheim,-0.0587694678376003,0.2347301444960766,-0.2934996123336769
2013-01-01,Augsburg,-0.31333354713629685,0.07317121241933003,-0.3865047595556269
2013-01-01,Greuther Furth,-0.5320346254949786,0.18983571052335807,-0.7218703360183367
2013-02-01,Bayern Munich,0.4409681976621863,-0.5437292308512356,0.9846974285134219
2013-02-01,Dortmund,0.40659485945817714,-0.33039598482611854,0.7369908442842956
2013-02-01,Leverkusen,0.19617503313626933,-0.09415484005890824,0.29032987319517756
2013-02-01,Schalke 04,0.18965167808093272,0.00529855652375102,0.1843531215571817
2013-02-01,M'gladbach,-0.004659476295824157,-0.11916533412054774,0.11450585782472358
2013-02-01,Mainz,-0.004364909272703834,-0.10283061200513337,0.09846570273242954
2013-02-01,Stuttgart,0.09199216978197262,0.0709611293138241,0.02103104046814852
2013-02-01,Hannover,0.11735782890725156,0.14315510296325826,-0.025797274056006694
2013-02-01,Freiburg,-0.0928974801539302,-0.0649182089511018,-0.027979271202828407
2013-02-01,Werder Bremen,0.08286732118397443,0.2231256355897918,-0.14025831440581737
2013-02-01,Wolfsburg,-0.06631031184615242,0.08470030459519699,-0.15101061644134942
2013-02-01,Ein Frankfurt,0.02161339863919584,0.17299918534473432,-0.15138578670553848
2013-02-01,Nurnberg,-0.19375637238767449,-0.019514398377145425,-0.17424197401052907
2013-02-01,Hamburg,-0.1595402757051278,0.01648267568981459,-0.1760229513949424
2013-02-01,Hoffenheim,-0.08765252735753816,0.2123043650710792,-0.29995689242861734
2013-02-01,Fortuna Dusseldorf,-0.1781703542732817,0.13845371228057524,-0.31662406655385694
2013-02-01,Augsburg,-0.28601495904136254,0.05561083844949526,-0.3416257974908578
2013-02-01,Greuther Furth,-0.5808895349900889,0.2103383130029574,-0.7912278479930464
2013-03-01,Bayern Munich,0.5011847289365702,-0.5843234340508541,1.0855081629874244
2013-03-01,Dortmund,0.4064588779870688,-0.2629797416186144,0.6694386196056832
2013-03-01,Leverkusen,0.20926527727762756,-0.04854225737837943,0.257807534656007
2013-03-01,Schalke 04,0.17728148460262091,0.0597076154637111,0.11757386913890981
2013-03-01,M'gladbach,0.0006949000860527508,-0.08423027531574845,0.0849251754018012
2013-03-01,Mainz,-0.018752838279249635,-0.06521522187970794,0.046462383600458304
2013-03-01,Hannover,0.13573894077741902,0.13423346588333962,0.0015054748940794005
2013-03-01,Freiburg,-0.10448358870418628,-0.07601238594987662,-0.028471202754309657
2013-03-01,Stuttgart,0.05305060620239292,0.1082994150545418,-0.055248808852148876
2013-03-01,Werder Bremen,0.13574640771815288,0.2543469955984698,-0.11860058788031691
2013-03-01,Ein Frankfurt,-0.04408586254720792,0.09989299486497902,-0.14397885741218694
2013-03-01,Nurnberg,-0.18590300496392476,-0.03964448500739404,-0.14625851995653072
2013-03-01,Wolfsburg,-0.09254110662151964,0.06429048813891716,-0.1568315947604368
2013-03-01,Hamburg,-0.1301749807287917,0.04459856196984416,-0.17477354269863585
2013-03-01,Fortuna Dusseldorf,-0.17243247594169847,0.0979739044826141,-0.2704063804243126
2013-03-01,Augsburg,-0.26233867738508,0.04588169044282635,-0.30822036782790635
2013-03-01,Hoffenheim,-0.12343320032594443,0.195231367078239,-0.3186645674041834
2013-03-01,Greuther Furth,-0.6209367878748246,0.1197556107426981,-0.7406923986175228
2013-04-01,Bayern Munich,0.545458482008727,-0.5220258766335419,1.067484358642269
2013-04-01,Dortmund,0.4228457347736568,-0.2528975314329982,0.6757432662066549
2013-04-01,Leverkusen,0.21257990682891867,-0.06460654503866757,0.2771864518675862
2013-04-01,Schalke 04,0.20186812356854447,0.038485042684786246,0.16338308088375822
2013-04-01,M'gladbach,-0.05718517940325839,-0.12397215742316348,0.06678697801990509
2013-04-01,Mainz,-0.07702261508020522,-0.12662075246040502,0.0495981373801998
2013-04-01,Hannover,0.08830362510250793,0.08196077041846533,0.006342854684042595
2013-04-01,Stuttgart,0.02220437109048378,0.08592209306686689,-0.06371772197638312
2013-04-01,Nurnberg,-0.12970227809872267,-0.055417390206910125,-0.07428488789181255
2013-04-01,Freiburg,-0.08023076845621892,0.008535051539752779,-0.08876581999597169
2013-04-01,Werder Bremen,0.09391174480683741,0.2353892263055096,-0.14147748149867218
2013-04-01,Wolfsburg,-0.03707951294107447,0.1140517411500816,-0.15113125409115608
2013-04-01,Ein Frankfurt,-0.08535749086204897,0.08924760027470297,-0.17460509113675193
2013-04-01,Hamburg,-0.1396488124317718,0.11472113104047992,-0.2543699434722517
2013-04-01,Fortuna Dusseldorf,-0.1558607458166534,0.13625391856084665,-0.29211466437750006
2013-04-01,Hoffenheim,-0.1519270508006766,0.14793753735323015,-0.2998645881539067
2013-04-01,Augsburg,-0.29945010544813144,0.010565253012439303,-0.31001535846057077
2013-04-01,Greuther Furth,-0.5538585469215498,0.18629755427700875,-0.7401561011985586
2013-05-01,Bayern Munich,0.5611676733527319,-0.5611354971927495,1.1223031705454813
2013-05-01,Dortmund,0.47128190000318354,-0.22926949222083265,0.7005513922240162
2013-05-01,Leverkusen,0.22050306258959343,-0.09737412095204732,0.31787718354164074
2013-05-01,Schalke 04,0.20477493270413843,0.013754708261564033,0.1910202244425744
2013-05-01,M'gladbach,-0.09977274255624773,-0.10920153420002518,0.009428791643777454
2013-05-01,Mainz,-0.12628777460663562,-0.11373008880502954,-0.012557685801606086
2013-05-01,Freiburg,-0.07759499223232019,-0.03374807311301075,-0.04384691911930944
2013-05-01,Hannover,0.0821780511294384,0.14851252744935264,-0.06633447631991424
2013-05-01,Stuttgart,-0.0030248186514187756,0.06505591703623458,-0.06808073568765335
2013-05-01,Wolfsburg,0.011459974230811801,0.08316033915253829,-0.07170036492172649
2013-05-01,Nurnberg,-0.1564116729410411,-0.017455068787191788,-0.1389566041538493
2013-05-01,Ein Frankfurt,-0.16823912013324333,0.020282598907411253,-0.18852171904065457
2013-05-01,Werder Bremen,0.02667034727357587,0.23671982165554137,-0.2100494743819655
2013-05-01,Augsburg,-0.23171601826797442,-0.006778421276396464,-0.22493759699157795
2013-05-01,Hamburg,-0.13551053997707485,0.12950602726420282,-0.26501656724127765
2013-05-01,Hoffenheim,-0.11249746103401977,0.1711850341881216,-0.28368249522214134
2013-05-01,Fortuna Dusseldorf,-0.18479086953190865,0.18180361333948097,-0.3665944828713896
2013-05-01,Greuther Furth,-0.5105595973090141,0.24596622431696233,-0.7565258216259765
2013-08-01,Bayern Munich,0.573686675508697,-0.5313113708215077,1.1049980463302047
2013-08-01,Dortmund,0.45396219378002073,-0.21638094275989836,0.6703431365399191
2013-08-01,Leverkusen,0.2259782784903394,-0.1717898385349198,0.3977681170252592
2013-08-01,Schalke 04,0.1969251714506683,-0.0398005978853664,0.23672576933603467
2013-08-01,M'gladbach,-0.026918125852882602,-0.09775761636354366,0.07083949051066106
2013-08-01,Freiburg,-0.05617819612382147,-0.07126820913013725,0.01509001300631578
2013-08-01,Ein Frankfurt,-0.05877461155474913,-0.06772116752235587,0.008946555967606733
2013-08-01,Mainz,-0.0732479091447919,-0.07907087232211124,0.00582296317731934
2013-08-01,Hannover,0.10502620717546249,0.10954187255789415,-0.004515665382431658
2013-08-01,Wolfsburg,0.04608031367524865,0.059210652700166996,-0.013130339024918343
2013-08-01,Stuttgart,-0.004060668100272315,0.04059444761660173,-0.04465511571687404
2013-08-01,Nurnberg,-0.1257164958142792,-0.037594066543048935,-0.08812242927123028
2013-08-01,Werder Bremen,0.03812632206990872,0.2104682504003179,-0.17234192833040918
2013-08-01,Hamburg,-0.106376245018055,0.06676631175441079,-0.1731425567724658
2013-08-01,Augsburg,-0.21165788865800697,-0.02313475468997092,-0.18852313396803605
2013-08-01,Hoffenheim,-0.08222802941594609,0.14211797909338472,-0.2243460085093308
2013-08-01,Hertha,-0.2713038296590527,0.270474898543077,-0.5417787282021297
2013-08-01,Braunschweig,-0.3,0.3,-0.6
2013-09-01,Bayern Munich,0.5358220104324957,-0.559374205627247,1.0951962160597426
2013-09-01,Dortmund,0.42766579486553186,-0.2545061925780275,0.6821719874435593
2013-09-01,Leverkusen,0.23086811012846378,-0.17437770533254718,0.40524581546101096
2013-09-01,Schalke 04,0.17768673403747207,0.0038380430391899917,0.17384869099828207
2013-09-01,M'gladbach,0.05032951669940427,-0.07643296254001186,0.12676247923941614
2013-09-01,Hannover,0.12266070490776264,0.08435752420751753,0.038303180700245104
2013-09-01,Mainz,-0.032359819360835165,-0.05428848686981401,0.021928667508978844
2013-09-01,Wolfsburg,0.03181235378615745,0.014452914669296777,0.017359439116860678
2013-09-01,Freiburg,-0.034190096026182386,-0.03577962219759541,0.0015895261714130235
2013-09-01,Ein Frankfurt,-0.081473921337358,-0.01413340359013073,-0.06734051774722727
2013-09-01,Stuttgart,-0.02188333285740925,0.05660628312576597,-0.07848961598317522
2013-09-01,Nurnberg,-0.14743813926354343,-0.03033519494286582,-0.11710294432067761
2013-09-01,Hoffenheim,0.020638678947727137,0.16510069940904287,-0.14446202046131573
2013-09-01,Werder Bremen,-0.015803042998819457,0.1681636237136447,-0.18396666671246417
2013-09-01,Hamburg,-0.07842428901623746,0.10901404456074737,-0.18743833357698483
2013-09-01,Augsburg,-0.2464081348259804,-0.029425722573785885,-0.2169824122521945
2013-09-01,Hertha,-0.09600996566357989,0.2106825555757206,-0.30669252123930046
2013-09-01,Braunschweig,-0.5311397178639018,0.33706413349921016,-0.868203851363112
2013-10-01,Bayern Munich,0.5107978044951469,-0.6266538296514759,1.1374516341466228
2013-10-01,Dortmund,0.4647979285851568,-0.26057216330712796,0.7253700918922847
2013-10-01,Leverkusen,0.2613743039114767,-0.20789592493852452,0.46927022885000125
2013-10-01,Schalke 04,0.16207549506763153,0.022651067597402513,0.139424427470229
2013-10-01,M'gladbach,0.06646485827910564,-0.05842473299967855,0.12488959127878418
2013-10-01,Stuttgart,0.04960719589398539,0.014047297191931126,0.03555989870205427
2013-10-01,Hannover,0.08318742378715466,0.05456283609315648,0.02862458769399818
2013-10-01,Wolfsburg,0.006456513164310754,-0.013428987163917666,0.01988550032822842
2013-10-01,Ein Frankfurt,-0.057066460412083034,-0.044635653804596255,-0.012430806607486779
2013-10-01,Mainz,-0.07680524746994731,-0.00461588425641567,-0.07218936321353164
2013-10-01,Freiburg,-0.07771339034634513,0.0049905598923144934,-0.08270395023865962
2013-10-01,Nurnberg,-0.13479131598981084,-0.027569696710869004,-0.10722161927894183
2013-10-01,Hoffenheim,0.04478354172407129,0.2187037065143033,-0.173920164790232
2013-10-01,Augsburg,-0.21589927277143783,-0.025101525764139685,-0.19079774700729815
2013-10-01,Werder Bremen,-0.01802751825335973,0.17749632163926057,-0.1955238398926203
2013-10-01,Hamburg,-0.08665118291815938,0.15692317945448797,-0.24357436237264735
2013-10-01,Hertha,-0.10716482338131096,0.14792250986999317,-0.2550873332513041
2013-10-01,Braunschweig,-0.5595403229116843,0.457838240613286,-1.0173785635249704
2013-11-01,Bayern Munich,0.5081366422603077,-0.5664457327058928,1.0745823749662007
2013-11-01,Dortmund,0.42711342288691007,-0.2730763508427457,0.7001897737296557
2013-11-01,Leverkusen,0.24671283471109767,-0.2211136741964757,0.4678265089075734
2013-11-01,M'gladbach,0.08368151304645503,-0.09291495607220883,0.17659646911866386
2013-11-01,Schalke 04,0.18716056083844662,0.052731176899720844,0.13442938393872578
2013-11-01,Stuttgart,0.04351286588732593,0.029870778566898674,0.013642087320427258
2013-11-01,Wolfsburg,-0.006775649983734008,-0.01712213063614756,0.010346480652413552
2013-11-01,Hannover,0.024936366876534728,0.06455237063498995,-0.03961600375845522
2013-11-01,Ein Frankfurt,-0.07574665430396209,-0.00567559785330727,-0.07007105645065481
2013-11-01,Mainz,-0.07565647001979847,0.01580939582878831,-0.09146586584858678
2013-11-01,Hamburg,0.02650358538331638,0.13585418477995492,-0.10935059939663855
2013-11-01,Hoffenheim,0.08246869080930665,0.20555308648560117,-0.12308439567629452
2013-11-01,Freiburg,-0.14688021193724074,0.0034149022228937387,-0.15029511416013447
2013-11-01,Hertha,-0.0880154644126106,0.08482929190351847,-0.17284475631612906
2013-11-01,Nurnberg,-0.16866739522771002,0.011456124729657608,-0.1801235199573676
2013-11-01,Werder Bremen,-0.08097208262050253,0.1578117037342931,-0.23878378635479564
2013-11-01,Augsburg,-0.2203925904943295,0.028315182849239576,-0.24870777334356908
2013-11-01,Braunschweig,-0.4662913384847918,0.384283050487697,-0.8505743889724888
2013-12-01,Bayern Munich,0.5026391957169235,-0.6121006407757192,1.1147398364926429
2013-12-01,Dortmund,0.45138549977465686,-0.22515320289099502,0.6765387026656519
2013-12-01,Leverkusen,0.2540377920683582,-0.20968402649535076,0.463721818563709
2013-12-01,M'gladbach,0.11488308783134832,-0.134140463715587,0.2490235515469353
2013-12-01,Schalke 04,0.232431496206353,0.03512846580634691,0.1973030304000061
2013-12-01,Wolfsburg,-0.001322178943187751,-0.04417816308119104,0.04285598413800329
2013-12-01,Stuttgart,0.02686006578690006,0.09809560847936315,-0.07123554269246309
2013-12-01,Mainz,-0.05638686258857801,0.037771683633096964,-0.09415854622167497
2013-12-01,Hannover,-0.005813598020759072,0.0907510737727277,-0.09656467179348678
2013-12-01,Ein Frankfurt,-0.07377761697009172,0.02697091622866981,-0.10074853319876154
2013-12-01,Hamburg,0.05113782396497557,0.1621673635053598,-0.11102953954038422
2013-12-01,Freiburg,-0.13026803266657383,-0.0028813376095291744,-0.12738669505704467
2013-12-01,Hoffenheim,0.09261988780900032,0.25854934707534377,-0.16592945926634345
2013-12-01,Augsburg,-0.23338777469237776,-0.015121753872605304,-0.21826602081977245
2013-12-01,Hertha,-0.16816092719672476,0.05534922585662757,-0.22351015305335234
2013-12-01,Werder Bremen,-0.008195663179871809,0.2258896135182363,-0.2340852766981081
2013-12-01,Nurnberg,-0.20809359807744593,0.06814269650061841,-0.2762362945780643
2013-12-01,Braunschweig,-0.5660437037775617,0.18846577452689323,-0.754509478304455
2014-01-01,Bayern Munich,0.5391087341108728,-0.6073401323126263,1.146448866423499
2014-01-01,Dortmund,0.4034097165086552,-0.19414211381809598,0.5975518303267512
2014-01-01,Leverkusen,0.19220515918097,-0.24731542518585287,0.43952058436682284
2014-01-01,M'gladbach,0.08630897661232831,-0.16188651079270103,0.24819548740502934
2014-01-01,Schalke 04,0.19972326980689584,0.003183331957604337,0.1965399378492915
2014-01-01,Wolfsburg,0.05545142866191191,-0.05646708876660332,0.11191851742851523
2014-01-01,Stuttgart,0.05676972085963206,0.1305578687831621,-0.07378814792353006
2014-01-01,Mainz,-0.05546454271394633,0.0186898207165016,-0.07415436343044793
2014-01-01,Hertha,-0.08633514019433394,0.0196853134686332,-0.10602045366296714
2014-01-01,Hannover,0.027751708220153222,0.1410811587964139,-0.11332945057626068
2014-01-01,Ein Frankfurt,-0.12239366655719279,0.009364453835630124,-0.13175812039282292
2014-01-01,Hamburg,0.0352200666349209,0.18275310739771303,-0.1475330407627921
2014-01-01,Augsburg,-0.18648396492704505,-0.038363588989996894,-0.14812037593704816
2014-01-01,Hoffenheim,0.0827572333496427,0.2395967034963796,-0.15683947014673688
2014-01-01,Freiburg,-0.17985925147803772,0.011505421098235732,-0.19136467257627346
2014-01-01,Nurnberg,-0.20030471075110623,0.06015915726972744,-0.26046386802083366
2014-01-01,Werder Bremen,-0.010864172752132233,0.2708070224782155,-0.2816711952303477
2014-01-01,Braunschweig,-0.589390880613783,0.23026872972081663,-0.8196596103345997
2014-02-01,Bayern Munich,0.5314902716653267,-0.6142893713187724,1.145779642984099
2014-02-01,Dortmund,0.3954161777892377,-0.16376975381967288,0.5591859316089106
2014-02-01,Leverkusen,0.19642122937471296,-0.20206467171332826,0.3984859010880412
2014-02-01,Schalke 04,0.2121384258735096,-0.01950123534930831,0.2316396612228179
2014-02-01,M'gladbach,0.07179229472331324,-0.1561958601370531,0.22798815486036633
2014-02-01,Wolfsburg,0.042622980652409354,-0.026206233839001176,0.06882921449141052
2014-02-01,Mainz,-0.044026328935435,0.010372199992048305,-0.0543985289274833
2014-02-01,Hannover,0.05654526744356992,0.1293639370326366,-0.07281866958906669
2014-02-01,Stuttgart,0.04613401005569977,0.13326775271492194,-0.08713374265922218
2014-02-01,Ein Frankfurt,-0.12878797279475754,-0.010352078361590585,-0.11843589443316696
2014-02-01,Augsburg,-0.1607106020682477,-0.038139651549829005,-0.12257095051841868
2014-02-01,Hertha,-0.12228849033412884,0.019353971168196805,-0.14164246150232565
2014-02-01,Freiburg,-0.1381516655089726,0.021273173244392016,-0.1594248387533646
2014-02-01,Hamburg,0.009715268130324686,0.19788201698605457,-0.18816674885572987
2014-02-01,Nurnberg,-0.15374242252314124,0.04144178163356934,-0.1951842041567106
2014-02-01,Hoffenheim,0.0616607067753172,0.26937016897279503,-0.20770946219747782
2014-02-01,Werder Bremen,-0.044156510473168764,0.2567458380258539,-0.30090234849902264
2014-02-01,Braunschweig,-0.6087192415309441,0.1754175314083181,-0.7841367729392622
2014-03-01,Bayern Munich,0.5652155685389031,-0.6737496760190487,1.2389652445579518
2014-03-01,Dortmund,0.4039730034455641,-0.15662623662813357,0.5605992400736977
2014-03-01,Leverkusen,0.16420257945453676,-0.18216476081859861,0.34636734027313537
2014-03-01,Schalke 04,0.1840327178241847,-0.0787384997074385,0.2627712175316232
2014-03-01,M'gladbach,0.025174927700568256,-0.12599673287439894,0.1511716605749672
2014-03-01,Wolfsburg,0.08656542118242053,-0.05242026759263275,0.13898568877505327
2014-03-01,Augsburg,-0.06614599169948603,-0.03653642073278256,-0.02960957096670347
2014-03-01,Mainz,-0.07836112862217871,-0.03828376092420992,-0.040077367697968797
2014-03-01,Hannover,0.022232857721845804,0.13971632937223846,-0.11748347165039266
2014-03-01,Hoffenheim,0.10198558359861212,0.22758151810128502,-0.1255959345026729
2014-03-01,Hertha,-0.13167632446863198,0.001340847630248581,-0.13301717209888056
2014-03-01,Nurnberg,-0.13035946504909476,0.009273720187116918,-0.13963318523621168
2014-03-01,Stuttgart,0.01213568898149392,0.19989437359169085,-0.18775868461019693
2014-03-01,Ein Frankfurt,-0.1718276112660189,0.02178333361205521,-0.1936109448780741
2014-03-01,Hamburg,-0.01004547807904246,0.23251057711181966,-0.24255605519086212
2014-03-01,Freiburg,-0.18911627071602152,0.05613977349020952,-0.24525604420623104
2014-03-01,Werder Bremen,-0.08591646333403086,0.2648524247888896,-0.35076888812292045
2014-03-01,Braunschweig,-0.5013237243290326,0.22998119191791377,-0.7313049162469464
2014-04-01,Bayern Munich,0.6006775959088444,-0.6067368945401371,1.2074144904489814
2014-04-01,Dortmund,0.36700891397133534,-0.2190043238871397,0.586013237858475
2014-04-01,Schalke 04,0.19008985030522246,-0.12044947892169848,0.31053932922692096
2014-04-01,Leverkusen,0.12257209746032906,-0.1724799226231531,0.29505202008348214
2014-04-01,M'gladbach,0.026576335600319623,-0.15400248915184087,0.1805788247521605
2014-04-01,Wolfsburg,0.08349424466345738,0.04549862695070293,0.03799561771275445
2014-04-01,Mainz,-0.0504716010344312,-0.05573471895008773,0.005263117915656534
2014-04-01,Hoffenheim,0.20377218310328266,0.25631744934467954,-0.05254526624139688
2014-04-01,Augsburg,-0.10059953722023142,-0.007410175733936846,-0.09318936148629457
2014-04-01,Hannover,-0.020687494083896352,0.12263203465791253,-0.1433195287418089
2014-04-01,Freiburg,-0.12317063014610992,0.03128243346121466,-0.15445306360732458
2014-04-01,Ein Frankfurt,-0.1176463057501227,0.03918665653580829,-0.156832962285931
2014-04-01,Stuttgart,-0.03819718002017019,0.19018962381879,-0.2283868038389602
2014-04-01,Nurnberg,-0.15641239418834973,0.08375263532127107,-0.24016502950962082
2014-04-01,Hamburg,-0.08217283269206713,0.193959418340484,-0.2761322510325511
2014-04-01,Hertha,-0.22434929858914107,0.06348078558082829,-0.28783008416996936
2014-04-01,Werder Bremen,-0.10972152768648163,0.22319905838187418,-0.33292058606835584
2014-04-01,Braunschweig,-0.37391563937288114,0.1795490498217085,-0.5534646891945896
2014-05-01,Bayern Munich,0.5683840265052638,-0.5268566288047354,1.0952406553099991
2014-05-01,Dortmund,0.4058249196719525,-0.2254551714735779,0.6312800911455304
2014-05-01,Leverkusen,0.15457002153144594,-0.14586681842157745,0.3004368399530234
2014-05-01,Schalke 04,0.15082922500041085,-0.11482099379009536,0.2656502187905062
2014-05-01,M'gladbach,0.030360199841508194,-0.1499360866727476,0.1802962865142558
2014-05-01,Wolfsburg,0.1295236313041812,0.04853521963860992,0.08098841166557129
2014-05-01,Mainz,-0.02796764402226179,-0.045162869227046716,0.017195225204784927
2014-05-01,Augsburg,-0.12451008579070955,-0.05557131276051075,-0.0689387730301988
2014-05-01,Hoffenheim,0.15737720675890143,0.227712232028414,-0.07033502526951257
2014-05-01,Freiburg,-0.07746247849746674,0.04023783550275908,-0.11770031400022582
2014-05-01,Ein Frankfurt,-0.1413030987429679,0.016397506218745653,-0.15770060496171356
2014-05-01,Stuttgart,-0.030686823679182757,0.1307161488127773,-0.16140297249196006
2014-05-01,Hannover,-0.04068076047350173,0.1277145560929274,-0.16839531656642912
2014-05-01,Hertha,-0.24768220971821703,0.017042254177431198,-0.26472446389564824
2014-05-01,Hamburg,-0.08122366822958725,0.2187685995694203,-0.29999226779900756
2014-05-01,Werder Bremen,-0.08856256783211042,0.23612012670314514,-0.32468269453525556
2014-05-01,Nurnberg,-0.18961212020113988,0.15153233409991543,-0.34114445430105533
2014-05-01,Braunschweig,-0.39393073739920226,0.15637036221299255,-0.5503010996121949
2014-08-01,Bayern Munich,0.5594740022189156,-0.5292605637543646,1.0887345659732803
2014-08-01,Dortmund,0.4271432958037709,-0.2373743056426912,0.6645176014464621
2014-08-01,Leverkusen,0.16198419718543863,-0.17744466971618988,0.33942886690162855
2014-08-01,Schalke 04,0.18473412602628125,-0.14589600701409522,0.3306301330403765
2014-08-01,M'gladbach,0.054637357217726945,-0.14078463865542723,0.19542199587315418
2014-08-01,Wolfsburg,0.15696929103159984,0.015010091717819045,0.1419591993137808
2014-08-01,Mainz,-0.0005797709008431015,-0.02928303842328616,0.02870326752244306
2014-08-01,Augsburg,-0.10511561793212795,-0.08809726658060625,-0.0170183513515217
2014-08-01,Hoffenheim,0.1836263074332237,0.2007364816837241,-0.017110174250500404
2014-08-01,Hannover,-0.00166669939031368,0.0957654489129144,-0.09743214830322808
2014-08-01,Freiburg,-0.07268495442473336,0.043694366389327416,-0.11637932081406077
2014-08-01,Stuttgart,-0.04011154558182927,0.08342016773381399,-0.12353171331564325
2014-08-01,Ein Frankfurt,-0.14412303353095088,0.010391665280008325,-0.1545146988109592
2014-08-01,Hertha,-0.20781247759987395,-0.008641160120278194,-0.19917131747959577
2014-08-01,Werder Bremen,-0.06808947637987679,0.19198481314980934,-0.26007428952968614
2014-08-01,Hamburg,-0.05138372919727989,0.21900667944796,-0.2703904086452399
2014-08-01,FC Koln,-0.267732307426619,0.30715780771529033,-0.5748901151419094
2014-08-01,Paderborn,-0.3,0.3,-0.6
2014-09-01,Bayern Munich,0.5351032049156986,-0.5049490140681818,1.0400522189838806
2014-09-01,Dortmund,0.41322250538003835,-0.18439021762956845,0.5976127230096068
2014-09-01,Leverkusen,0.19922771924522123,-0.17525526368037733,0.37448298292559856
2014-09-01,Schalke 04,0.1702458893524062,-0.13311952059606505,0.3033654099484713
2014-09-01,M'gladbach,0.01254177184459586,-0.1482906654994591,0.16083243734405497
2014-09-01,Wolfsburg,0.15780774924236274,0.03403862388906255,0.12376912535330019
2014-09-01,Mainz,-0.025032077263850254,-0.02358505090334889,-0.0014470263605013654
2014-09-01,Hoffenheim,0.167469506636179,0.18376127981516435,-0.016291773178985364
2014-09-01,Augsburg,-0.11423036304910356,-0.04297842297701207,-0.07125194007209149
2014-09-01,Hannover,-0.015912578074450966,0.07418254426419738,-0.09009512233864835
2014-09-01,Ein Frankfurt,-0.13310051518001606,0.008252972970454577,-0.14135348815047064
2014-09-01,Freiburg,-0.12045880175706869,0.028674665082778574,-0.14913346683984727
2014-09-01,Stuttgart,-0.07272837031371451,0.10270153027637866,-0.17542990059009317
2014-09-01,Hertha,-0.16209819958572216,0.06936956486428389,-0.23146776445000605
2014-09-01,Werder Bremen,-0.07004515289284813,0.1991779982207288,-0.2692231511135769
2014-09-01,Paderborn,-0.09033796326519272,0.18156571374160094,-0.27190367700679363
2014-09-01,Hamburg,-0.11251528926919577,0.23452236518214242,-0.34703765445133816
2014-09-01,FC Koln,-0.3051674902808534,0.1427646356307913,-0.44793212591164466
2014-10-01,Bayern Munich,0.5243835974133387,-0.5497183172751028,1.0741019146884416
2014-10-01,Dortmund,0.4000794508801994,-0.12110670036876389,0.5211861512489633
2014-10-01,Leverkusen,0.18221298167570404,-0.11345005244671671,0.2956630341224208
2014-10-01,Schalke 04,0.2103460434555663,-0.08347573654607432,0.2938217800016406
2014-10-01,M'gladbach,0.04634361996373245,-0.1744607800444264,0.22080440000815885
2014-10-01,Wolfsburg,0.17074400904011475,0.020326468190940413,0.15041754084917433
2014-10-01,Mainz,0.015511342559415317,-0.04871581781726227,0.06422716037667758
2014-10-01,Hoffenheim,0.17066309812151612,0.16019223626667714,0.010470861854838975
2014-10-01,Augsburg,-0.08476064099363168,-0.06282863680583597,-0.0219320041877957
2014-10-01,Hannover,-0.0526132052684638,0.05965372167154405,-0.11226692694000785
2014-10-01,Ein Frankfurt,-0.09112750200082696,0.03231649785037463,-0.1234439998512016
2014-10-01,Freiburg,-0.07960152810819658,0.0643872888355063,-0.14398881694370289
2014-10-01,Stuttgart,-0.08550296991561268,0.08515673484170368,-0.17065970475731634
2014-10-01,Hertha,-0.16324436596016242,0.08480622272068138,-0.2480505886808438
2014-10-01,Werder Bremen,-0.02222076848852049,0.269641051941577,-0.2918618204300975
2014-10-01,Paderborn,-0.18943091094803663,0.14485860565280403,-0.33428951660084066
2014-10-01,Hamburg,-0.15191183545613018,0.21381812542432208,-0.3657299608804523
2014-10-01,FC Koln,-0.48063298201563914,0.004992092402835332,-0.48562507441847447
2014-11-01,Bayern Munich,0.5344184306607532,-0.5941749388130397,1.1285933694737929
2014-11-01,Dortmund,0.314259086899459,-0.09325063310865127,0.40750972000811025
2014-11-01,Schalke 04,0.15600421015734622,-0.11754684123129819,0.27355105138864444
2014-11-01,M'gladbach,0.04210035224609893,-0.2297384401432718,0.2718387923893707
2014-11-01,Leverkusen,0.18254087134746522,-0.07753179172268451,0.26007266307014976
2014-11-01,Wolfsburg,0.17119046900174453,-0.019767625129764,0.19095809413150852
2014-11-01,Mainz,-0.0024436472565342194,-0.029414349913745846,0.026970702657211625
2014-11-01,Hoffenheim,0.13630219349943573,0.1280580362250807,0.00824415727435504
2014-11-01,Augsburg,-0.12578006825056043,-0.089017697918303,-0.03676237033225743
2014-11-01,Stuttgart,0.023241025305921068,0.17243365680663342,-0.14919263150071235
2014-11-01,Hannover,-0.09072320152288763,0.0671361884624222,-0.15785938998530982
2014-11-01,Ein Frankfurt,-0.02273620459043936,0.15286617480329354,-0.1756023793937329
2014-11-01,Freiburg,-0.12284607227818517,0.07664938264442453,-0.1994954549226097
2014-11-01,Paderborn,-0.12298132486556465,0.0843223584738437,-0.20730368333940835
2014-11-01,Hertha,-0.12344266673188668,0.08568521193239738,-0.20912787866428406
2014-11-01,FC Koln,-0.37184880208176607,-0.019323164435821067,-0.352525637645945
2014-11-01,Werder Bremen,-0.07618523958644152,0.29841946434710603,-0.37460470393354756
2014-11-01,Hamburg,-0.18935850938703136,0.1877626236585028,-0.3771211330455342
2014-12-01,Bayern Munich,0.5254521747348647,-0.6540722089703171,1.1795243837051819
2014-12-01,Dortmund,0.26776180732262916,-0.1061428028787723,0.3739046102014015
2014-12-01,Leverkusen,0.18547610188538083,-0.11109148936189112,0.29656759124727194
2014-12-01,Schalke 04,0.1798007028500021,-0.10221326875310464,0.28201397160310676
2014-12-01,Wolfsburg,0.19581918171603974,-0.07108118999472776,0.2669003717107675
2014-12-01,M'gladbach,-0.0064656568988348045,-0.22516850195213842,0.21870284505330362
2014-12-01,Augsburg,-0.08684427194349242,-0.13868828918518628,0.05184401724169385
2014-12-01,Mainz,-0.03788673268566839,-0.0033568893320692693,-0.03452984335359912
2014-12-01,Hoffenheim,0.16338838377689024,0.2122311150573298,-0.04884273128043956
2014-12-01,Ein Frankfurt,-0.02196653365602717,0.11024160273647482,-0.13220813639250198
2014-12-01,Hannover,-0.07328843454468023,0.07249254798564687,-0.14578098253032712
2014-12-01,Freiburg,-0.10931607625245901,0.07124687590137022,-0.18056295215382923
2014-12-01,Stuttgart,-0.015059692107041698,0.17656800699526945,-0.19162769910231114
2014-12-01,Hertha,-0.16061973045990663,0.08330593215093346,-0.2439256626108401
2014-12-01,Werder Bremen,-0.051713845861255436,0.23354378102206674,-0.2852576268833222
2014-12-01,Hamburg,-0.21217172046326688,0.14657973143688457,-0.35875145190015145
2014-12-01,Paderborn,-0.14877347632807092,0.2125994485061708,-0.3613729248342417
2014-12-01,FC Koln,-0.29961248959023185,0.14113697770761935,-0.4407494672978512
2015-01-01,Bayern Munich,0.522242357160954,-0.686892756324263,1.209135113485217
2015-01-01,Dortmund,0.21477101721338238,-0.10354161028033164,0.31831262749371403
2015-01-01,Leverkusen,0.13882075203007896,-0.1627978663848317,0.30161861841491067
2015-01-01,Schalke 04,0.16595165765294217,-0.11596248856756594,0.28191414622050814
2015-01-01,Wolfsburg,0.2045760127423534,-0.06356354485009964,0.26813955759245306
2015-01-01,M'gladbach,0.04463194599360102,-0.18694762823707686,0.23157957423067788
2015-01-01,Hoffenheim,0.18177892273051224,0.1718447493639479,0.009934173366564353
2015-01-01,Augsburg,-0.0885040333379437,-0.08282324522774229,-0.00568078811020141
2015-01-01,Mainz,-0.07469992414594202,-0.009780876067773283,-0.06491904807816874
2015-01-01,Ein Frankfurt,0.07520803055557648,0.16786532458781975,-0.09265729403224326
2015-01-01,Hannover,-0.025674197045469815,0.10936776335838494,-0.13504196040385474
2015-01-01,Freiburg,-0.1433188556518448,0.054110364053592895,-0.1974292197054377
2015-01-01,Stuttgart,-0.07727123816747349,0.15955018172892999,-0.23682141989640348
2015-01-01,Hertha,-0.10918236342951566,0.17465929535915173,-0.2838416587886674
2015-01-01,Werder Bremen,0.002764628638852001,0.30777797430213244,-0.3050133456632804
2015-01-01,Paderborn,-0.22278128435566297,0.124242906710404,-0.34702419106606697
2015-01-01,Hamburg,-0.26314139645169704,0.08669009860826375,-0.3498314950599608
2015-01-01,FC Koln,-0.2950097141098448,0.09976967736369309,-0.39477939147353786
2015-02-01,Bayern Munich,0.5088487908553431,-0.5904767600832544,1.0993255509385975
2015-02-01,Dortmund,0.1915413598237215,-0.13338760634640665,0.3249289661701281
2015-02-01,Wolfsburg,0.24184942136265825,-0.07822893796706065,0.3200783593297189
2015-02-01,Leverkusen,0.11021713759963278,-0.188021090814295,0.2982382284139278
2015-02-01,Schalke 04,0.14859243960203541,-0.13579146139985607,0.2843839010018915
2015-02-01,M'gladbach,0.03434771963761483,-0.2095797708725289,0.24392749051014373
2015-02-01,Hoffenheim,0.17826918786911874,0.1690876840123079,0.009181503856810852
2015-02-01,Mainz,-0.018200472041196528,-0.023961467320357102,0.0057609952791605745
2015-02-01,Augsburg,-0.08934724166139925,-0.0836993886666086,-0.0056478529947906475
2015-02-01,Ein Frankfurt,0.06988573939080799,0.19960548541805234,-0.12971974602724434
2015-02-01,Hannover,-0.04494017542414708,0.09017080540593003,-0.1351109808300771
2015-02-01,Freiburg,-0.09851749175394327,0.0473917006177958,-0.14590919237173908
2015-02-01,Stuttgart,-0.09900912909414718,0.14835895954780245,-0.24736808864194965
2015-02-01,Hertha,-0.10890286266622064,0.1717791936903564,-0.28068205635657706
2015-02-01,Werder Bremen,0.0014421278089639955,0.30232854969902506,-0.30088642189006104
2015-02-01,FC Koln,-0.2617528053122924,0.0675746284677773,-0.3293274337800697
2015-02-01,Hamburg,-0.28619385064141717,0.09820071982287737,-0.38439457046429454
2015-02-01,Paderborn,-0.26104340443281243,0.21915007532904393,-0.48019347976185633
2015-03-01,Bayern Munich,0.5936870066024943,-0.6031425724724462,1.1968295790749406
2015-03-01,Dortmund,0.25978899628729213,-0.1341876725650808,0.3939766688523729
2015-03-01,Wolfsburg,0.2933682158936136,-0.06286306368347967,0.3562312795770933
2015-03-01,Leverkusen,0.13688429928943618,-0.12867345242610617,0.26555775171554236
2015-03-01,Schalke 04,0.09578431098976574,-0.15998881428338907,0.2557731252731548
2015-03-01,M'gladbach,0.0017053914288652971,-0.24195817342065265,0.24366356484951796
2015-03-01,Augsburg,-0.05034931100497733,-0.06537491045566247,0.015025599450685143
2015-03-01,Hoffenheim,0.13960098274321192,0.1657130634465528,-0.026112080703340868
2015-03-01,Mainz,-0.027999329283390054,0.01980763517711673,-0.047806964460506786
2015-03-01,Ein Frankfurt,0.07578493934078831,0.1833824939499124,-0.1075975546091241
2015-03-01,Freiburg,-0.13718264612050932,0.020371921260819603,-0.15755456738132892
2015-03-01,Hannover,-0.07719575469941227,0.11004277488057729,-0.18723852957998954
2015-03-01,Werder Bremen,0.056104995768064644,0.24935237878029987,-0.1932473830122352
2015-03-01,Stuttgart,-0.11744925036380391,0.13158546917379965,-0.24903471953760356
2015-03-01,Hertha,-0.16710559555074525,0.12005552853843346,-0.2871611240891787
2015-03-01,Hamburg,-0.23287896600843958,0.1504002901092595,-0.3832792561176991
2015-03-01,FC Koln,-0.36990089645162,0.03094716696557937,-0.40084806341719936
2015-03-01,Paderborn,-0.32272792708748727,0.2916178173798535,-0.6143457444673408
2015-04-01,Bayern Munich,0.592897489640679,-0.5680683579211656,1.1609658475618447
2015-04-01,Wolfsburg,0.3179543120330994,-0.06109374443319565,0.379048056466295
2015-04-01,Dortmund,0.23408090691681324,-0.14407039566958263,0.37815130258639584
2015-04-01,Leverkusen,0.17937126382710714,-0.17356314024978764,0.3529344040768948
2015-04-01,M'gladbach,0.0426628977896181,-0.28503293814690966,0.32769583593652774
2015-04-01,Schalke 04,0.10288859447591121,-0.14238093879490693,0.24526953327081813
2015-04-01,Mainz,-0.001770755671132968,0.007056864798558514,-0.008827620469691481
2015-04-01,Hoffenheim,0.12890638387819367,0.15386548819524695,-0.024959104317053282
2015-04-01,Augsburg,-0.09196083096951223,-0.05818084888826256,-0.03377998208124967
2015-04-01,Ein Frankfurt,0.1136706184018007,0.2337938069191771,-0.12012318851737638
2015-04-01,Freiburg,-0.16196305306386238,0.015440381375081344,-0.17740343443894374
2015-04-01,Hannover,-0.06556208943848241,0.1468334464590176,-0.21239553589750002
2015-04-01,Werder Bremen,0.06294864309166286,0.27683069574599334,-0.21388205265433047
2015-04-01,Hertha,-0.16720339970298365,0.08817009164279845,-0.2553734913457821
2015-04-01,Stuttgart,-0.12694856342977287,0.1403488550487155,-0.26729741847848837
2015-04-01,FC Koln,-0.32098669586036477,0.004120122241547811,-0.32510681810191255
2015-04-01,Hamburg,-0.29462387223964537,0.13872604941923006,-0.4333499216588754
2015-04-01,Paderborn,-0.45142376145505164,0.3104497247043985,-0.7618734861594502
2015-05-01,Bayern Munich,0.5576502554366592,-0.6336451745607636,1.1912954299974228
2015-05-01,Leverkusen,0.24321442098165058,-0.17395015460886631,0.4171645755905169
2015-05-01,M'gladbach,0.07396197660386863,-0.3241798493597481,0.3981418259636167
2015-05-01,Wolfsburg,0.3035932254067361,-0.07954762503293313,0.3831408504396692
2015-05-01,Dortmund,0.21995608088125013,-0.15032176967726438,0.3702778505585145
2015-05-01,Schalke 04,0.04214124634597016,-0.16938903336913627,0.21153027971510643
2015-05-01,Mainz,0.030475580661993962,0.010462846933239806,0.020012733728754156
2015-05-01,Hoffenheim,0.13220752797866156,0.20396420153617015,-0.07175667355750859
2015-05-01,Augsburg,-0.09295642449483893,-0.017176146288052228,-0.0757802782067867
2015-05-01,Ein Frankfurt,0.06908961034740149,0.2169157615361534,-0.14782615118875192
2015-05-01,Freiburg,-0.14813586021885136,0.024376984474900998,-0.17251284469375236
2015-05-01,Hertha,-0.19931119448884121,0.027874639451559068,-0.2271858339404003
2015-05-01,Werder Bremen,0.04201859196113232,0.2765516526640769,-0.23453306070294455
2015-05-01,Hannover,-0.0845434272971292,0.18492112172157474,-0.2694645490187039
2015-05-01,Stuttgart,-0.08714431226047864,0.18333231220130541,-0.27047662446178405
2015-05-01,FC Koln,-0.31943658174708284,-0.014812048331195083,-0.30462453341588774
2015-05-01,Hamburg,-0.3009635728690688,0.1736594988959422,-0.47462307176501095
2015-05-01,Paderborn,-0.43138568431621005,0.3286706578741221,-0.7600563421903321
2015-08-01,Bayern Munich,0.5142625319742319,-0.5664842801995059,1.0807468121737378
2015-08-01,M'gladbach,0.12176871544077186,-0.31921568140079215,0.440984396841564
2015-08-01,Leverkusen,0.24294171035217393,-0.19254507670405663,0.43548678705623056
2015-08-01,Wolfsburg,0.33103196612288616,-0.06768403640540922,0.39871600252829537
2015-08-01,Dortmund,0.22976713945673208,-0.16225206772209638,0.39201920717882843
2015-08-01,Schalke 04,0.02524383388216247,-0.14076060586844444,0.1660044397506069
2015-08-01,Augsburg,-0.05796214024057027,-0.07923472281634927,0.021272582575779006
2015-08-01,Mainz,0.014580583559722747,-0.006436411899498097,0.021016995459220845
2015-08-01,Hoffenheim,0.1223276889269196,0.1746987144943777,-0.05237102556745811
2015-08-01,Ein Frankfurt,0.06766662139195942,0.14025997709174098,-0.07259335569978156
2015-08-01,FC Koln,-0.20247299837423777,-0.1199379702212106,-0.08253502815302717
2015-08-01,Hannover,-0.03493053486271143,0.14010094283335386,-0.1750314776960653
2015-08-01,Stuttgart,-0.023689848383374068,0.15446529149326707,-0.17815513987664114
2015-08-01,Werder Bremen,0.03781315869293136,0.23069459410736917,-0.1928814354144378
2015-08-01,Hertha,-0.21488988304771459,0.0034393474215467946,-0.2183292304692614
2015-08-01,Hamburg,-0.23187731647131182,0.12625330060575313,-0.35813061707706495
2015-08-01,Ingolstadt,-0.3,0.3,-0.6
2015-08-01,Darmstadt,-0.3,0.3,-0.6
2015-09-01,Bayern Munich,0.5394951377039043,-0.5767088828853847,1.1162040205892891
2015-09-01,Dortmund,0.3106428139767865,-0.17828386550828157,0.48892667948506807
2015-09-01,Wolfsburg,0.33190330879553354,-0.08572096787592148,0.417624276671455
2015-09-01,Leverkusen,0.21626631865661589,-0.1855582511427014,0.4018245697993173
2015-09-01,M'gladbach,0.08593654170095345,-0.20970870684800103,0.29564524854895446
2015-09-01,Schalke 04,0.016105258495243403,-0.1261584797402729,0.1422637382355163
2015-09-01,Mainz,0.021129352007996288,-0.022383598326432393,0.04351295033442868
2015-09-01,FC Koln,-0.1403271340454127,-0.12446959576737208,-0.01585753827804061
2015-09-01,Ein Frankfurt,0.09800287924059765,0.13128154682021906,-0.033278667579621404
2015-09-01,Augsburg,-0.11944055910228266,-0.07256021554887086,-0.046880343553411793
2015-09-01,Hoffenheim,0.09466782717897294,0.15511155462193854,-0.0604437274429656
2015-09-01,Hertha,-0.21394938479217668,0.0041275646324267215,-0.2180769494246034
2015-09-01,Werder Bremen,0.022321233200007402,0.24428640454376246,-0.22196517134375507
2015-09-01,Hannover,-0.06251836993426109,0.1700376685533206,-0.23255603848758166
2015-09-01,Stuttgart,-0.023834645565273475,0.2519759657980023,-0.2758106113632758
2015-09-01,Hamburg,-0.2014312582344317,0.18351915477183717,-0.38495041300626887
2015-09-01,Darmstadt,-0.3312149292958182,0.14812910658601242,-0.4793440358818306
2015-09-01,Ingolstadt,-0.3449904437517665,0.17343370010823222,-0.5184241438599988
2015-10-01,Bayern Munich,0.5785969680501126,-0.5785533851399142,1.1571503531900267
2015-10-01,Dortmund,0.34130527553859924,-0.15282951232133768,0.4941347878599369
2015-10-01,Leverkusen,0.16998535566593614,-0.19250921921543504,0.36249457488137116
2015-10-01,Wolfsburg,0.28883494728883635,-0.062348698387955835,0.35118364567679217
2015-10-01,M'gladbach,0.09910407099897034,-0.13545640257445757,0.2345604735734279
2015-10-01,Schalke 04,0.013846484985834519,-0.1821848823948771,0.1960313673807116
2015-10-01,Mainz,0.014177044390430264,-0.005739721972386442,0.019916766362816706
2015-10-01,Ein Frankfurt,0.11348198518381446,0.13630742610107863,-0.02282544091726417
2015-10-01,Augsburg,-0.08454847932736945,-0.01330639628653668,-0.07124208304083277
2015-10-01,Hoffenheim,0.09604978010976109,0.18195374981299137,-0.08590396970323028
2015-10-01,FC Koln,-0.14758728996041623,-0.007117105066274834,-0.1404701848941414
2015-10-01,Hertha,-0.20941697979114998,-0.01964849657032947,-0.18976848322082052
2015-10-01,Werder Bremen,-0.0021329087177403517,0.26080356448723635,-0.2629364732049767
2015-10-01,Stuttgart,-0.023016571297819966,0.26709041596589744,-0.2901069872637174
2015-10-01,Darmstadt,-0.23238646093458523,0.058907434686881255,-0.29129389562146646
2015-10-01,Hannover,-0.07839143892256112,0.21541341752644244,-0.29380485644900356
2015-10-01,Hamburg,-0.2066616572254941,0.11793925724062651,-0.3246009144661206
2015-10-01,Ingolstadt,-0.47065021502878646,-0.028459432539865957,-0.4421907824889205
2015-11-01,Bayern Munich,0.5645284380050485,-0.627793763723592,1.1923222017286403
2015-11-01,Dortmund,0.3866428015413433,-0.12770442736620938,0.5143472289075527
2015-11-01,M'gladbach,0.21006678811267426,-0.16469520338568505,0.3747619914983593
2015-11-01,Wolfsburg,0.2838021908760867,-0.06781500668439386,0.3516171975604806
2015-11-01,Leverkusen,0.1527032552971911,-0.16093133199818743,0.3136345872953785
2015-11-01,Schalke 04,-0.009828753153266314,-0.1025679132307804,0.0927391600775141
2015-11-01,Mainz,0.03721625835399572,0.06615955278374815,-0.02894329442975243
2015-11-01,Ein Frankfurt,0.0740034666013865,0.15182541652377146,-0.07782194992238496
2015-11-01,Hoffenheim,0.05133524583337758,0.18391320573342892,-0.13257795990005133
2015-11-01,Augsburg,-0.07477501951848842,0.06530832390362572,-0.14008334342211415
2015-11-01,FC Koln,-0.18617075216014572,-0.037399804029816006,-0.1487709481303297
2015-11-01,Hertha,-0.17065367190778105,0.005528925895871226,-0.17618259780365228
2015-11-01,Werder Bremen,-0.019441284548852397,0.22067156454317405,-0.24011284909202646
2015-11-01,Darmstadt,-0.20199473524806053,0.05109305815025369,-0.2530877933983142
2015-11-01,Stuttgart,0.013668359940653204,0.276227120995496,-0.2625587610548428
2015-11-01,Hannover,-0.11120558052929119,0.17405873747195008,-0.2852643180012413
2015-11-01,Hamburg,-0.25273411358366255,0.08727848227938217,-0.3400125958630447
2015-11-01,Ingolstadt,-0.49971918863490733,-0.10309942339536184,-0.3966197652395455
2015-12-01,Bayern Munich,0.5724311407714181,-0.641607838462651,1.2140389792340691
2015-12-01,Dortmund,0.3968885801488502,-0.07554730566792026,0.47243588581677043
2015-12-01,Wolfsburg,0.28241360728022774,-0.10223709058255762,0.3846506978627854
2015-12-01,M'gladbach,0.2015078530392278,-0.14183336500173047,0.3433412180409583
2015-12-01,Leverkusen,0.15413836584960322,-0.14729512730725886,0.3014334931568621
2015-12-01,Schalke 04,0.008904573452733398,-0.07468994837758379,0.08359452183031718
2015-12-01,Mainz,0.024983234548339794,0.012835353570398294,0.0121478809779415
2015-12-01,Augsburg,-0.0678024768891638,0.02456241620209142,-0.09236489309125522
2015-12-01,Ein Frankfurt,0.0392866685822419,0.14256865275150418,-0.10328198416926229
2015-12-01,FC Koln,-0.21332720858557633,-0.10256835278569933,-0.110758855799877
2015-12-01,Hertha,-0.15748774730025347,-0.0366822531059804,-0.12080549419427307
2015-12-01,Hoffenheim,0.030615731540325784,0.17091383636914523,-0.14029810482881944
2015-12-01,Hannover,-0.04998103951454873,0.1775330038689789,-0.22751404338352765
2015-12-01,Hamburg,-0.18270604031372553,0.07314033296054463,-0.2558463732742702
2015-12-01,Werder Bremen,-0.03395121071736673,0.27544568174741707,-0.3093968924647838
2015-12-01,Stuttgart,-0.017073820412021365,0.30717783722574205,-0.3242516576377634
2015-12-01,Darmstadt,-0.31506681279843807,0.10487625169121105,-0.41994306448964913
2015-12-01,Ingolstadt,-0.46397577661926437,-0.035608742788365254,-0.42836703383089914
2016-01-01,Bayern Munich,0.546855629102258,-0.6042361037085306,1.1510917328107886
2016-01-01,Dortmund,0.4128691511905711,-0.06936356798589996,0.48223271917647104
2016-01-01,Leverkusen,0.19738003209465957,-0.161001669463674,0.3583817015583336
2016-01-01,Wolfsburg,0.2476693876952903,-0.06216832370368011,0.30983771139897043
2016-01-01,M'gladbach,0.23139354129441903,-0.0656178282552912,0.2970113695497102
2016-01-01,Schalke 04,0.014791977154842602,-0.07843453192352691,0.09322650907836952
2016-01-01,Hertha,-0.0677887058045188,-0.07344896317305909,0.0056602573685402835
2016-01-01,Mainz,0.004534502645286351,0.004323741138541593,0.00021076150674475842
2016-01-01,Augsburg,-0.05529194442664664,-0.014604874187320234,-0.040687070239326405
2016-01-01,FC Koln,-0.21991851483138802,-0.11693250121067872,-0.1029860136207093
2016-01-01,Hoffenheim,-0.0011856738286626569,0.13968230831224207,-0.14086798214090474
2016-01-01,Ein Frankfurt,0.014022809244851364,0.15915341461947644,-0.14513060537462508
2016-01-01,Hannover,-0.08083861100485651,0.16299089741310574,-0.24382950841796225
2016-01-01,Hamburg,-0.20108898934746672,0.0814848685974225,-0.2825738579448892
2016-01-01,Stuttgart,-0.021802653371505568,0.2616521895785523,-0.28345484295005785
2016-01-01,Werder Bremen,-0.05037404747782804,0.2603081726120726,-0.31068222008990065
2016-01-01,Ingolstadt,-0.5151131113908727,-0.057833542036739106,-0.45727956935413355
2016-01-01,Darmstadt,-0.29998907707527284,0.17725795345094383,-0.47724703052621664
2016-02-01,Bayern Munich,0.5336482009035504,-0.598068743718402,1.1317169446219524
2016-02-01,Dortmund,0.42394805107777367,-0.08864630392222965,0.5125943550000033
2016-02-01,Leverkusen,0.19952404473213736,-0.17748254441377484,0.37700658914591223
2016-02-01,Wolfsburg,0.2423297506788271,-0.02759555054971087,0.269925301228538
2016-02-01,M'gladbach,0.19937537192336777,-0.04544059227926615,0.2448159642026339
2016-02-01,Schalke 04,0.00950747618100909,-0.0583927150191303,0.06790019120013939
2016-02-01,Hertha,-0.05818429057657805,-0.056561092879233034,-0.001623197697345015
2016-02-01,Mainz,-0.02148981125183341,-0.016604294448984425,-0.004885516802848985
2016-02-01,Augsburg,-0.10324389673149001,-0.056854718442343105,-0.046389178289146904
2016-02-01,Ein Frankfurt,0.021513503308638323,0.14137512254583579,-0.11986161923719746
2016-02-01,Hoffenheim,-0.015730790211531905,0.11899473508429707,-0.13472552529582899
2016-02-01,FC Koln,-0.22259831962299947,-0.08649464235835463,-0.13610367726464484
2016-02-01,Stuttgart,0.021485064781988035,0.2531600264048951,-0.23167496162290707
2016-02-01,Werder Bremen,0.017660332385161785,0.27362178446225716,-0.25596145207709536
2016-02-01,Hamburg,-0.1939902295323344,0.08656244597948524,-0.28055267551181967
2016-02-01,Hannover,-0.10440704434876404,0.19220254558221167,-0.2966095899309757
2016-02-01,Ingolstadt,-0.5302035202884946,-0.08421477681721172,-0.44598874347128287
2016-02-01,Darmstadt,-0.30279969033606197,0.18390761140207537,-0.48670730173813737
2016-03-01,Bayern Munich,0.5253158993010597,-0.6103688387384478,1.1356847380395076
2016-03-01,Dortmund,0.37989945319287305,-0.14872367896693428,0.5286231321598074
2016-03-01,Leverkusen,0.16075682429214747,-0.17100233132978834,0.3317591556219358
2016-03-01,M'gladbach,0.23969152019800086,-0.006148986590352645,0.2458405067883535
2016-03-01,Wolfsburg,0.20842092862202866,-0.010981264400138913,0.21940219302216757
2016-03-01,Schalke 04,-0.008819394297327383,-0.09018692130182483,0.08136752700449745
2016-03-01,Mainz,0.02500216552554878,-0.008665157873774415,0.0336673233993232
2016-03-01,Hertha,-0.11195528555570859,-0.0955842407196984,-0.016371044836010193
2016-03-01,Augsburg,-0.08656437729163158,-0.018637989544055707,-0.06792638774757587
2016-03-01,FC Koln,-0.2278160438174892,-0.09384959981678938,-0.13396644400069985
2016-03-01,Hoffenheim,-0.024781149079629475,0.14971548103986185,-0.17449663011949132
2016-03-01,Stuttgart,0.05410183085736853,0.24352111863577125,-0.18941928777840272
2016-03-01,Ein Frankfurt,-0.029516472294748856,0.1715255498483372,-0.20104202214308606
2016-03-01,Hamburg,-0.18254955660032418,0.07959173216837902,-0.2621412887687032
2016-03-01,Hannover,-0.15723663063649984,0.15286907690062146,-0.3101057075371213
2016-03-01,Werder Bremen,-0.006963759642946627,0.3257480167338085,-0.33271177637675514
2016-03-01,Ingolstadt,-0.46131954160758915,-0.0948233493834431,-0.36649619222414603
2016-03-01,Darmstadt,-0.21516846015630242,0.16832424276446817,-0.3834927029207706
2016-04-01,Bayern Munich,0.48992023611563784,-0.6306692810664245,1.1205895171820623
2016-04-01,Dortmund,0.3649931445910633,-0.21989889870470275,0.584892043295766
2016-04-01,M'gladbach,0.2494126471391798,-0.034139563370579856,0.28355221050975965
2016-04-01,Leverkusen,0.1483810083341721,-0.1259287213284392,0.2743097296626113
2016-04-01,Wolfsburg,0.19060506368703692,-0.045727762934907,0.2363328266219439
2016-04-01,Schalke 04,0.028181226235046042,-0.06540221794505692,0.09358344418010296
2016-04-01,Mainz,-0.018748658268421186,-0.06054936023153248,0.041800701963111295
2016-04-01,Hertha,-0.10336950630483793,-0.11588540654820208,0.012515900243364145
2016-04-01,Augsburg,-0.053862750225797854,0.04994576571946161,-0.10380851594525947
2016-04-01,FC Koln,-0.22518201220678066,-0.09532365086132896,-0.1298583613454517
2016-04-01,Hoffenheim,-0.005958483358655443,0.15618472199606892,-0.16214320535472437
2016-04-01,Stuttgart,0.08044076319469289,0.2806913919926687,-0.20025062879797578
2016-04-01,Ein Frankfurt,-0.09240673634903454,0.1641079102034279,-0.2565146465524625
2016-04-01,Werder Bremen,0.051152960847989995,0.31465329415398763,-0.26350033330599765
2016-04-01,Hamburg,-0.1755974786422032,0.09040244703945749,-0.2659999256816607
2016-04-01,Ingolstadt,-0.3777010106036736,-0.020933573044653587,-0.35676743755902
2016-04-01,Darmstadt,-0.2558034712755373,0.12025482873979342,-0.37605830001533075
2016-04-01,Hannover,-0.23308882122451502,0.20927309811287528,-0.44236191933739033
2016-05-01,Bayern Munich,0.454987555841671,-0.6674218334951862,1.1224093893368572
2016-05-01,Dortmund,0.39720384271352693,-0.23087813777016294,0.6280819804836899
2016-05-01,Leverkusen,0.1972881091150076,-0.17173987517597214,0.3690279842909797
2016-05-01,M'gladbach,0.24255689531364763,-0.06634435302691633,0.308901248340564
2016-05-01,Wolfsburg,0.1278058117383067,0.041066691782907956,0.08673911995539876
2016-05-01,Schalke 04,0.033051768095070516,-0.0008768731484528544,0.03392864124352337
2016-05-01,Mainz,-0.014930441300295073,-0.03499685390564189,0.020066412605346817
2016-05-01,Augsburg,-0.06631724749580954,0.0032681611781444986,-0.06958540867395405
2016-05-01,FC Koln,-0.1802417561481953,-0.10522904215659701,-0.07501271399159828
2016-05-01,Hertha,-0.13690954005755815,-0.03184451253920576,-0.1050650275183524
2016-05-01,Hoffenheim,0.0009340825200516355,0.13275631097709018,-0.13182222845703853
2016-05-01,Stuttgart,0.03501329890941146,0.27614830411778557,-0.2411350052083741
2016-05-01,Hamburg,-0.18958697847005296,0.05529205078628249,-0.24487902925633545
2016-05-01,Werder Bremen,0.057985898924713127,0.3119711444878242,-0.2539852455631111
2016-05-01,Ein Frankfurt,-0.13179016995456597,0.13841697515697787,-0.27020714511154387
2016-05-01,Ingolstadt,-0.3351213414201883,-0.02369539121957482,-0.3114259502006135
2016-05-01,Darmstadt,-0.2079793725328316,0.17066222033489886,-0.37864159286773047
2016-05-01,Hannover,-0.2093632506198104,0.23096854639000636,-0.44033179700981673
2016-08-01,Bayern Munich,0.45490841821005656,-0.6134042185387003,1.068312636748757
2016-08-01,Dortmund,0.3746582006212078,-0.2125652033061259,0.5872234039273337
2016-08-01,Leverkusen,0.21129771271994344,-0.1485828743789823,0.35988058709892573
2016-08-01,M'gladbach,0.24903956313002487,-0.09997020604543574,0.3490097691754606
2016-08-01,Wolfsburg,0.13370244504669268,0.004151865143626906,0.1295505799030658
2016-08-01,Schalke 04,0.06710179107545942,-0.021033510876122933,0.08813530195158235
2016-08-01,Mainz,-0.007216158751349565,-0.06891730266112657,0.061701143909777004
2016-08-01,FC Koln,-0.17260652243420635,-0.13442748012621294,-0.038179042307993405
2016-08-01,Augsburg,-0.06437050203053112,0.011645260967518086,-0.0760157629980492
2016-08-01,Hertha,-0.1501776961539011,-0.050321684876801435,-0.09985601127709967
2016-08-01,Ingolstadt,-0.1834064673503832,-0.06659813136675229,-0.11680833598363093
2016-08-01,Hoffenheim,-0.019167625432188237,0.14262549606452918,-0.16179312149671743
2016-08-01,Werder Bremen,0.08735991581047982,0.258247286256401,-0.17088737044592117
2016-08-01,Hamburg,-0.1608085373643807,0.028919201494913255,-0.18972773885929395
2016-08-01,Darmstadt,-0.11851982887991461,0.08638729347401564,-0.20490712235393024
2016-08-01,Ein Frankfurt,-0.1445134798107292,0.0825601007507403,-0.2270735805614695
2016-08-01,Freiburg,-0.22309206574454812,0.12155626362415883,-0.34464832936870693
2016-08-01,RB Leipzig,-0.3,0.3,-0.6
2016-09-01,Bayern Munich,0.4793350484936459,-0.6178530271428736,1.0971880756365195
2016-09-01,Dortmund,0.36607753988020975,-0.20815110905694165,0.5742286489371514
2016-09-01,M'gladbach,0.2465072008096073,-0.10425502829572718,0.3507622291053345
2016-09-01,Leverkusen,0.19998416012392625,-0.1402109767681887,0.34019513689211495
2016-09-01,Wolfsburg,0.1368182002921302,-0.020785692995831176,0.15760389328796137
2016-09-01,Schalke 04,0.036234032102162715,-0.027938296655997164,0.06417232875815988
2016-09-01,Mainz,-0.009685754842249846,-0.06926330692650606,0.05957755208425622
2016-09-01,FC Koln,-0.16080095408461456,-0.15192986825485766,-0.008871085829756903
2016-09-01,Hertha,-0.14103159966383544,-0.04763833236759989,-0.09339326729623555
2016-09-01,Ingolstadt,-0.1833361657122568,-0.07083983074853135,-0.11249633496372545
2016-09-01,Augsburg,-0.09440047892003918,0.020585544225360377,-0.11498602314539956
2016-09-01,Hoffenheim,-0.02184769876149995,0.15429368066754492,-0.17614137942904487
2016-09-01,Hamburg,-0.1658742326142647,0.028399233640860645,-0.19427346625512534
2016-09-01,Ein Frankfurt,-0.15590857193393287,0.05885087537844114,-0.214759447312374
2016-09-01,Werder Bremen,0.07149229011828012,0.29536657424795637,-0.22387428412967625
2016-09-01,Darmstadt,-0.14559752963782427,0.09801155546321624,-0.2436090851010405
2016-09-01,Freiburg,-0.22309519105622436,0.14233534870968537,-0.3654305397659097
2016-09-01,RB Leipzig,-0.21286923107153785,0.2985563124045822,-0.51142554347612
2016-10-01,Bayern Munich,0.46084873019452677,-0.6416965481803995,1.1025452783749263
2016-10-01,Dortmund,0.41550508448846285,-0.22074382327816794,0.6362489077666308
2016-10-01,M'gladbach,0.23362428991880935,-0.08752702919780997,0.3211513191166193
2016-10-01,Leverkusen,0.18680340978934729,-0.11740787511925058,0.30421128490859783
2016-10-01,FC Koln,-0.12537168072854124,-0.19575053392758288,0.07037885319904164
2016-10-01,Mainz,0.06827360286046466,0.006839305238505533,0.06143429762195913
2016-10-01,Wolfsburg,0.05690114594787046,0.003803549480261481,0.05309759646760898
2016-10-01,RB Leipzig,0.004128862028582068,-0.016295189351402544,0.020424051379984612
2016-10-01,Hertha,-0.0914888776473532,-0.03472071307630087,-0.056768164571052326
2016-10-01,Schalke 04,-0.02371861021423463,0.034488096115377904,-0.058206706329612536
2016-10-01,Augsburg,-0.1324807235819927,0.0065005126303483395,-0.13898123621234104
2016-10-01,Hoffenheim,-0.000664457125818957,0.15352490187169526,-0.1541893589975142
2016-10-01,Ein Frankfurt,-0.12115959716439716,0.06378155441389331,-0.18494115157829047
2016-10-01,Werder Bremen,0.041136213969742326,0.31986666677632314,-0.2787304528065808
2016-10-01,Ingolstadt,-0.27593029817171577,0.008080770211560059,-0.28401106838327583
2016-10-01,Hamburg,-0.24053535077457047,0.07713161744908426,-0.3176669682236547
2016-10-01,Freiburg,-0.1971294515360241,0.14636407799290893,-0.34349352952893303
2016-10-01,Darmstadt,-0.22979310562064637,0.13328100560865663,-0.363074111229303
2016-11-01,Bayern Munich,0.4548172570308209,-0.5838804512602442,1.0386977082910651
2016-11-01,Dortmund,0.36762960884788365,-0.1746129744940141,0.5422425833418978
2016-11-01,Leverkusen,0.15240693425399784,-0.09089102420930689,0.24329795846330474
2016-11-01,M'gladbach,0.13771374614570364,-0.07566214788050717,0.21337589402621082
2016-11-01,RB Leipzig,0.04417847791160268,-0.13578547646706923,0.1799639543786719
2016-11-01,FC Koln,-0.07149908329289376,-0.19641903940938887,0.12491995611649512
2016-11-01,Schalke 04,0.02305247433410155,-0.04616504064054313,0.06921751497464468
2016-11-01,Mainz,0.029211556187528735,0.00097680031561896,0.028234755871909774
2016-11-01,Hertha,-0.08776918763115019,-0.07286283104345384,-0.014906356587696346
2016-11-01,Wolfsburg,-0.011275986685127902,0.027101789448383866,-0.038377776133511766
2016-11-01,Hoffenheim,0.04147141937994732,0.10028421485860695,-0.05881279547865963
2016-11-01,Ein Frankfurt,-0.10432728539375419,0.014329859630200456,-0.11865714502395465
2016-11-01,Augsburg,-0.13341215827525701,0.04432108492413772,-0.17773324319939474
2016-11-01,Freiburg,-0.13895236912646325,0.11234852469313839,-0.25130089381960163
2016-11-01,Werder Bremen,0.04094520158435451,0.355886782294476,-0.3149415807101215
2016-11-01,Ingolstadt,-0.23826087513113808,0.08368058391647233,-0.3219414590476104
2016-11-01,Darmstadt,-0.19934073835863225,0.1601908878072331,-0.3595316261658653
2016-11-01,Hamburg,-0.3159082416797583,0.11440926970712835,-0.4303175113868866
2016-12-01,Bayern Munich,0.40458466857115644,-0.5688583697839366,0.9734430383550929
2016-12-01,Dortmund,0.37488280635878085,-0.1747285053340453,0.5496113116928262
2016-12-01,RB Leipzig,0.22498936050820886,-0.11541199414114131,0.3404013546493502
2016-12-01,Leverkusen,0.16392843473811786,-0.04747443037441778,0.21140286511253564
2016-12-01,M'gladbach,0.08647983161557042,-0.0408863606057386,0.12736619222130902
2016-12-01,Schalke 04,0.04199723537183993,-0.0766420915786512,0.11863932695049113
2016-12-01,FC Koln,-0.11364411247511344,-0.23179286415699096,0.11814875168187752
2016-12-01,Hertha,-0.07985658844772876,-0.1226083415236829,0.042751753075954135
2016-12-01,Mainz,0.050801816422335104,0.04043348912149376,0.010368327300841342
2016-12-01,Wolfsburg,-0.02785637157956731,-0.013406830289202424,-0.014449541290364885
2016-12-01,Hoffenheim,0.029982485487063042,0.06525916263091402,-0.03527667714385098
2016-12-01,Ein Frankfurt,-0.09689053789264063,-0.032740696015257476,-0.06414984187738315
2016-12-01,Augsburg,-0.17052821217529454,-0.03302271929896328,-0.13750549287633126
2016-12-01,Werder Bremen,0.02367597165252858,0.36188358301643947,-0.33820761136391086
2016-12-01,Ingolstadt,-0.27902706440563074,0.0625669512985437,-0.34159401570417447
2016-12-01,Darmstadt,-0.20334226834442606,0.1839448146141302,-0.3872870829585563
2016-12-01,Freiburg,-0.16211014132381382,0.2548585312376067,-0.41696867256142056
2016-12-01,Hamburg,-0.2664483166311099,0.1645918504638087,-0.4310401670949186
2017-01-01,Bayern Munich,0.4518213142043931,-0.5984192209784747,1.0502405351828679
2017-01-01,Dortmund,0.39001839549616285,-0.14876771431148486,0.5387861098076477
2017-01-01,RB Leipzig,0.16701667028185763,-0.10266689687617567,0.2696835671580333
2017-01-01,Leverkusen,0.13822922219829356,-0.047139935861257004,0.18536915805955057
2017-01-01,M'gladbach,0.057067053409312514,-0.008796662710556439,0.06586371611986895
2017-01-01,Schalke 04,0.006624354108923734,-0.051095589861176446,0.057719943970100177
2017-01-01,FC Koln,-0.1359266516976718,-0.17837662705325355,0.04244997535558176
2017-01-01,Hertha,-0.08055590937967567,-0.10930121895894247,0.028745309579266798
2017-01-01,Hoffenheim,0.055105045613053995,0.03299544554147201,0.022109600071581983
2017-01-01,Ein Frankfurt,-0.10334033854809416,-0.07361333993848738,-0.029726998609606772
2017-01-01,Mainz,0.0483031233431989,0.08185767787069943,-0.03355455452750053
2017-01-01,Wolfsburg,-0.004322363819051002,0.045403169390767766,-0.04972553320981877
2017-01-01,Augsburg,-0.18575545834041243,-0.06516629846196574,-0.12058915987844669
2017-01-01,Werder Bremen,0.028494247655531692,0.3205439344819265,-0.29204968682639476
2017-01-01,Ingolstadt,-0.2536859158292692,0.05158476100532062,-0.3052706768345898
2017-01-01,Freiburg,-0.14478077752298493,0.18752314611221188,-0.3323039236351968
2017-01-01,Hamburg,-0.2149063652824964,0.15099270621675584,-0.36589907149925227
2017-01-01,Darmstadt,-0.29198959071155967,0.18138856685945143,-0.4733781575710111
2017-02-01,Bayern Munich,0.4382868669793355,-0.5716028333408011,1.0098897003201366
2017-02-01,Dortmund,0.36757903514969215,-0.15878346039532426,0.5263624955450164
2017-02-01,RB Leipzig,0.19714879757852025,-0.1289885053399332,0.32613730291845344
2017-02-01,Leverkusen,0.1613883473114759,-0.010850324129779536,0.17223867144125543
2017-02-01,FC Koln,-0.06593362393334594,-0.19670821903840488,0.13077459510505896
2017-02-01,M'gladbach,0.058680553137563464,-0.020643628213541446,0.07932418135110492
2017-02-01,Hoffenheim,0.06444370572372675,0.01501321893039081,0.04943048679333594
2017-02-01,Schalke 04,-0.03197789106141987,-0.06635606731842705,0.03437817625700718
2017-02-01,Hertha,-0.08640039341984242,-0.06516828329620934,-0.021232110123633074
2017-02-01,Mainz,0.015019943898010613,0.05094875185358608,-0.035928807955575466
2017-02-01,Ein Frankfurt,-0.1214709697057987,-0.07305914613157391,-0.048411823574224785
2017-02-01,Wolfsburg,-0.026978683632914356,0.04657164884798963,-0.07355033248090398
2017-02-01,Augsburg,-0.19105604480152347,-0.05491412483325302,-0.13614191996827046
2017-02-01,Ingolstadt,-0.23257070670355917,0.04131796416138003,-0.2738886708649392
2017-02-01,Werder Bremen,0.021854211925311146,0.30630953757365775,-0.28445532564834664
2017-02-01,Freiburg,-0.12002122251402297,0.18225596135350844,-0.30227718386753144
2017-02-01,Hamburg,-0.23330949634035464,0.16418060547298322,-0.3974901018133379
2017-02-01,Darmstadt,-0.31356863676986896,0.23715993937456814,-0.5507285761444372
2017-03-01,Bayern Munich,0.4788620439139856,-0.5723423037658824,1.051204347679868
2017-03-01,Dortmund,0.3618753837068382,-0.19797562063497448,0.5598510043418127
2017-03-01,RB Leipzig,0.1610678591314029,-0.09281049892322744,0.2538783580546303
2017-03-01,Leverkusen,0.15475979739616336,-0.019178715637938132,0.1739385130341015
2017-03-01,M'gladbach,0.07031335815488875,-0.06931297718271498,0.1396263353376037
2017-03-01,Hoffenheim,0.09434407592084323,-0.013724393929616881,0.10806846985046012
2017-03-01,Schalke 04,-0.020609156919553204,-0.11190589793909463,0.09129674101954142
2017-03-01,FC Koln,-0.08007046244738006,-0.15957230257115484,0.07950184012377479
2017-03-01,Hertha,-0.09132419918269169,-0.09604567703078788,0.004721477848096192
2017-03-01,Mainz,-0.011350160246992837,0.051122116973027515,-0.062472277220020356
2017-03-01,Wolfsburg,-0.06194989653554134,0.05730797058064638,-0.11925786711618772
2017-03-01,Ein Frankfurt,-0.16679499164860243,-0.02820987474595714,-0.1385851169026453
2017-03-01,Augsburg,-0.16595132676151372,0.001167637521164161,-0.1671189642826779
2017-03-01,Werder Bremen,0.03593331121937706,0.27233430988740176,-0.2364009986680247
2017-03-01,Ingolstadt,-0.2633470173931265,0.021932654799337134,-0.28527967219246364
2017-03-01,Freiburg,-0.13106266860098484,0.2292799735466426,-0.36034264214762746
2017-03-01,Hamburg,-0.1867414053904316,0.19974547120351488,-0.3864868765939465
2017-03-01,Darmstadt,-0.32248558910284053,0.2359633851607986,-0.5584489742636392
2017-04-01,Bayern Munich,0.4822572475686714,-0.627022668247529,1.1092799158162003
2017-04-01,Dortmund,0.3794478195521163,-0.1766092292405214,0.5560570487926377
2017-04-01,Hoffenheim,0.14485270070263803,-0.028471145481488186,0.17332384618412622
2017-04-01,M'gladbach,0.08664375868275363,-0.05389809096606396,0.1405418496488176
2017-04-01,Schalke 04,0.009677576463463239,-0.10971399153312213,0.11939156799658536
2017-04-01,RB Leipzig,0.07803170014513926,-0.026725050210733126,0.10475675035587238
2017-04-01,Leverkusen,0.12724107469220758,0.022539505251216337,0.10470156944099124
2017-04-01,FC Koln,-0.02780009805631663,-0.09344682229542656,0.06564672423910993
2017-04-01,Hertha,-0.08385141633786683,-0.03412923429006349,-0.04972218204780334
2017-04-01,Wolfsburg,-0.08317303988560425,-0.0023306484054060115,-0.08084239148019824
2017-04-01,Mainz,-0.049101972433793065,0.0539901488802379,-0.10309212131403096
2017-04-01,Werder Bremen,0.052513418146665936,0.21510837712583694,-0.162594958979171
2017-04-01,Ein Frankfurt,-0.21675388151012048,-0.022636997873020974,-0.1941168836370995
2017-04-01,Augsburg,-0.17359817356954485,0.03338156596482183,-0.20697973953436669
2017-04-01,Ingolstadt,-0.22844467891926457,0.06666509480252135,-0.29510977372178593
2017-04-01,Freiburg,-0.12426386915252842,0.18975537190750852,-0.3140192410600369
2017-04-01,Hamburg,-0.19467886159812697,0.14776980418102936,-0.34244866577915634
2017-04-01,Darmstadt,-0.347395492363845,0.20788940760794106,-0.5552848999717861
2017-05-01,Bayern Munich,0.5081706670190775,-0.6390510220615927,1.1472216890806703
2017-05-01,Dortmund,0.35680172033563173,-0.17531965823518336,0.5321213785708151
2017-05-01,RB Leipzig,0.10582496603724678,-0.13028140990665268,0.23610637594389947
2017-05-01,Hoffenheim,0.14883149976517565,-0.04926203851786154,0.1980935382830372
2017-05-01,M'gladbach,0.1175372069397643,-0.021189464834268135,0.13872667177403245
2017-05-01,Schalke 04,0.03170646177179373,-0.09830227293541574,0.13000873470720947
2017-05-01,Leverkusen,0.08231408402073229,0.031192532795298197,0.05112155122543409
2017-05-01,FC Koln,-0.07518858272907973,-0.10266118324497041,0.027472600515890677
2017-05-01,Werder Bremen,0.15705397576855384,0.18268798026329325,-0.025634004494739404
2017-05-01,Hertha,-0.16095769634251558,-0.09079246314114367,-0.07016523320137191
2017-05-01,Mainz,-0.07056284245842738,0.04963751572047713,-0.12020035817890451
2017-05-01,Wolfsburg,-0.09939312565026533,0.07920564009921553,-0.17859876574948086
2017-05-01,Ein Frankfurt,-0.24003038964477896,-0.04842519315626381,-0.19160519648851515
2017-05-01,Augsburg,-0.14050639739808948,0.11368992285070437,-0.25419632024879385
2017-05-01,Ingolstadt,-0.180974409246032,0.11318553725668028,-0.29415994650271227
2017-05-01,Hamburg,-0.22502103919149483,0.17308323582651283,-0.39810427501800766
2017-05-01,Freiburg,-0.17943497780636064,0.2363748929127487,-0.41580987071910935
2017-05-01,Darmstadt,-0.29084853509641867,0.21486766401448984,-0.5057161991109085
2017-08-01,Bayern Munich,0.5024154642718558,-0.5454030886985727,1.0478185529704285
2017-08-01,Dortmund,0.337275921890495,-0.15963707466854768,0.49691299655904264
2017-08-01,RB Leipzig,0.26711771970565756,-0.11166079728224688,0.37877851698790443
2017-08-01,Hoffenheim,0.14509779398729544,-0.0641979715068866,0.20929576549418205
2017-08-01,M'gladbach,0.0787944957171463,-0.028885563971324815,0.10768005968847112
2017-08-01,Leverkusen,0.13229582046255886,0.030420348647216718,0.10187547181534215
2017-08-01,Schalke 04,-0.01936826085084952,-0.10338176847599967,0.08401350762515014
2017-08-01,FC Koln,-0.029551671253728228,-0.09609339627785365,0.06654172502412542
2017-08-01,Werder Bremen,0.20390074744836534,0.2440031872702521,-0.04010243982188677
2017-08-01,Mainz,-0.07633870928353975,0.030126134263708772,-0.10646484354724853
2017-08-01,Hertha,-0.14268470490984156,-0.006956187559611761,-0.1357285173502298
2017-08-01,Wolfsburg,-0.10431491741482815,0.042639060632779065,-0.1469539780476072
2017-08-01,Augsburg,-0.1679058396523894,0.038337891421866506,-0.2062437310742559
2017-08-01,Ein Frankfurt,-0.22830244948135187,-0.0024320976057207364,-0.22587035187563112
2017-08-01,Freiburg,-0.1081385652606752,0.14731697471011762,-0.25545553997079284
2017-08-01,Hamburg,-0.23732845607148928,0.11846561529672205,-0.35579407136821134
2017-08-01,Stuttgart,-0.1160930885622599,0.36001018839057863,-0.47610327695283855
2017-08-01,Hannover,-0.3147869900049285,0.2502515878586928,-0.5650385778636213
2017-09-01,Bayern Munich,0.5101728167198788,-0.5441623869354498,1.0543352036553286
2017-09-01,Dortmund,0.360700001547337,-0.1824874782683159,0.5431874798156529
2017-09-01,RB Leipzig,0.27767968723060765,-0.07750721190145196,0.3551868991320596
2017-09-01,Hoffenheim,0.14390700536962459,-0.0711883823193036,0.2150953876889282
2017-09-01,M'gladbach,0.09052902479251144,-0.020612512692008686,0.11114153748452013
2017-09-01,Schalke 04,-0.021286133060496697,-0.11739886311846204,0.09611273005796533
2017-09-01,Leverkusen,0.15352197732408004,0.06101520201675921,0.09250677530732083
2017-09-01,FC Koln,-0.04841884504296346,-0.05110314571827679,0.0026843006753133267
2017-09-01,Werder Bremen,0.17772318669817497,0.23014926449197762,-0.05242607779380265
2017-09-01,Hertha,-0.14509718371069133,-0.013621743764144873,-0.13147543994654645
2017-09-01,Mainz,-0.12458974710274796,0.03752817268759558,-0.16211791979034354
2017-09-01,Wolfsburg,-0.11308016095412834,0.0559411869005109,-0.16902134785463924
2017-09-01,Augsburg,-0.1584194837200596,0.05841258637533946,-0.21683207009539907
2017-09-01,Ein Frankfurt,-0.2647851050914894,-0.014369946107929951,-0.2504151589835594
2017-09-01,Hamburg,-0.18549107731707282,0.10435557522166922,-0.28984665253874203
2017-09-01,Freiburg,-0.12852342072086811,0.16859540814668247,-0.2971188288675506
2017-09-01,Hannover,-0.30501571019149204,0.1674093580645954,-0.47242506825608743
2017-09-01,Stuttgart,-0.1689127820332261,0.3304368931344711,-0.49934967516769724
2017-10-01,Bayern Munich,0.5296963041226813,-0.4948393832497311,1.0245356873724125
2017-10-01,Dortmund,0.4469583552819905,-0.22101936379044912,0.6679777190724396
2017-10-01,RB Leipzig,0.26445945050122954,-0.06885039688735518,0.3333098473885847
2017-10-01,Hoffenheim,0.19310057731609967,-0.09051249705216383,0.2836130743682635
2017-10-01,Leverkusen,0.19746982297053348,0.06901628915348725,0.12845353381704622
2017-10-01,Schalke 04,-0.016948575105587137,-0.08167954215498816,0.06473096704940101
2017-10-01,M'gladbach,0.09484313661965807,0.04673602659186973,0.04810711002778834
2017-10-01,Werder Bremen,0.113686589572447,0.18921946306250564,-0.07553287349005865
2017-10-01,Hertha,-0.1429571207920413,-0.031668723009072905,-0.11128839778296838
2017-10-01,Augsburg,-0.12372655291622711,0.009529530604927389,-0.1332560835211545
2017-10-01,FC Koln,-0.11529924686118816,0.022254752557258478,-0.13755399941844665
2017-10-01,Mainz,-0.07790778112314102,0.07098861425284021,-0.14889639537598123
2017-10-01,Wolfsburg,-0.12361155634205215,0.04665971743804926,-0.1702712737801014
2017-10-01,Ein Frankfurt,-0.23145197761805367,-0.027853652285363725,-0.20359832533268996
2017-10-01,Freiburg,-0.2013808401132299,0.137367033851775,-0.33874787396500494
2017-10-01,Hannover,-0.3014017439709181,0.09149761151361727,-0.39289935548453536
2017-10-01,Hamburg,-0.2826786859099262,0.13898633969778132,-0.42166502560770747
2017-10-01,Stuttgart,-0.24645382205890182,0.29454681910735325,-0.5410006411662551
2017-11-01,Bayern Munich,0.5135345176106553,-0.5159375733150217,1.029472090925677
2017-11-01,Dortmund,0.4331283647269564,-0.10696577309241333,0.5400941378193698
2017-11-01,RB Leipzig,0.24121059771671513,-0.11265091595624545,0.3538615136729606
2017-11-01,Hoffenheim,0.16635512737141545,-0.016996585796308028,0.18335171316772347
2017-11-01,Leverkusen,0.2315274554012338,0.0675368583705397,0.16399059703069407
2017-11-01,Schalke 04,-0.01881966571675715,-0.12549154871951543,0.10667188300275827
2017-11-01,M'gladbach,0.10491953645199562,0.055068028001093845,0.04985150845090177
2017-11-01,Augsburg,-0.09253043229651477,-0.004287514288797153,-0.08824291800771761
2017-11-01,Hertha,-0.14884245844234215,-0.01800019589309135,-0.1308422625492508
2017-11-01,Wolfsburg,-0.12299649374701378,0.023127334945839205,-0.14612382869285298
2017-11-01,Ein Frankfurt,-0.1999748254429428,-0.03747637206529511,-0.16249845337764768
2017-11-01,Werder Bremen,0.020393725021507075,0.18894943892869043,-0.16855571390718335
2017-11-01,Mainz,-0.08789303218971464,0.08455276888371023,-0.1724458010734249
2017-11-01,FC Koln,-0.1715051283684083,0.012416117467420934,-0.18392124583582925
2017-11-01,Hannover,-0.17702969139790053,0.1042948895945294,-0.28132458099242996
2017-11-01,Freiburg,-0.21438588145502102,0.1948429943868318,-0.40922887584185286
2017-11-01,Stuttgart,-0.20859998708094596,0.20886222050923034,-0.41746220759017627
2017-11-01,Hamburg,-0.28387960335405554,0.14059159876569358,-0.4244712021197491
2017-12-01,Bayern Munich,0.5082050712555247,-0.5150382639704486,1.0232433352259733
2017-12-01,Dortmund,0.42799985970865995,-0.02206598070007215,0.4500658404087321
2017-12-01,RB Leipzig,0.2293471031485118,-0.13208620590708334,0.3614333090555951
2017-12-01,Leverkusen,0.2120198596130965,0.03431812746634523,0.17770173214675128
2017-12-01,Hoffenheim,0.14693524432124988,-0.01577325382660072,0.1627084981478506
2017-12-01,Schalke 04,0.01974210926937436,-0.12802272151383395,0.14776483078320832
2017-12-01,M'gladbach,0.1381982644455086,0.04292086253843468,0.0952774019070739
2017-12-01,Augsburg,-0.10955692822863146,-0.010656449823655692,-0.09890047840497576
2017-12-01,Hertha,-0.08674552878117221,0.026466346802971996,-0.11321187558414421
2017-12-01,Wolfsburg,-0.07627265631234954,0.057717174188498865,-0.1339898305008484
2017-12-01,Werder Bremen,0.02603860537416641,0.16172212417830686,-0.13568351880414045
2017-12-01,Ein Frankfurt,-0.2215742162447488,-0.06489716410344153,-0.15667705214130728
2017-12-01,Mainz,-0.11050680876345907,0.05398167781466188,-0.16448848657812096
2017-12-01,FC Koln,-0.2447119918554922,0.03895723634764543,-0.2836692282031376
2017-12-01,Hamburg,-0.23574809499207441,0.11264408689303923,-0.34839218188511367
2017-12-01,Hannover,-0.23358226088076361,0.14699239054433338,-0.380574651425097
2017-12-01,Stuttgart,-0.19866927755517355,0.19575253913790366,-0.3944218166930772
2017-12-01,Freiburg,-0.22685430398166215,0.19643325089550603,-0.4232875548771682
2018-01-01,Bayern Munich,0.4561214464711665,-0.5468880017541521,1.0030094482253187
2018-01-01,Dortmund,0.38755720352478323,-0.05422789344428382,0.44178509696906704
2018-01-01,RB Leipzig,0.19283807842827497,-0.023890677762507966,0.21672875619078294
2018-01-01,Leverkusen,0.21271042189664308,0.024444957532456638,0.18826546436418645
2018-01-01,Hoffenheim,0.12907795200649158,-0.048688331821396445,0.17776628382788803
2018-01-01,Schalke 04,0.054058325021393475,-0.08040171874169887,0.13446004376309234
2018-01-01,M'gladbach,0.096480164590961,0.054744315333484284,0.04173584925747671
2018-01-01,Hertha,-0.0409251700513914,0.037301619881077885,-0.07822678993246929
2018-01-01,Augsburg,-0.047493739166780034,0.041037674433966435,-0.08853141360074647
2018-01-01,Wolfsburg,-0.1033589729165108,0.0021295857984690953,-0.1054885587149799
2018-01-01,Werder Bremen,0.0025043155206578454,0.11019205366704984,-0.107687738146392
2018-01-01,Ein Frankfurt,-0.18184184117580848,-0.06884589900449191,-0.11299594217131657
2018-01-01,Mainz,-0.11017180587092872,0.087355366460234,-0.1975271723311627
2018-01-01,FC Koln,-0.20903551871154838,0.04771679800713228,-0.25675231671868065
2018-01-01,Hannover,-0.12789107661079396,0.19476898151733274,-0.3226600581281267
2018-01-01,Freiburg,-0.15450443267850178,0.19829947698227007,-0.35280390966077185
2018-01-01,Hamburg,-0.283796738186037,0.09860143927161043,-0.3823981774576474
2018-01-01,Stuttgart,-0.3243148123814309,0.12716457856750074,-0.45147939094893164
2018-02-01,Bayern Munich,0.5072073984244299,-0.472139533616983,0.9793469320414129
2018-02-01,Dortmund,0.341964712108574,-0.06157869894460047,0.4035434110531745
2018-02-01,Leverkusen,0.24052646575984635,0.01023366949599915,0.2302927962638472
2018-02-01,RB Leipzig,0.1843745195598344,-0.011510489492794663,0.19588500905262904
2018-02-01,Schalke 04,0.045534063333293205,-0.07414029602729721,0.11967435936059043
2018-02-01,Hoffenheim,0.13191023427374182,0.02757776270296352,0.1043324715707783
2018-02-01,M'gladbach,0.07839066964378526,0.05459618719771122,0.023794482446074038
2018-02-01,Ein Frankfurt,-0.13967440146042268,-0.0904175246325095,-0.049256876827913174
2018-02-01,Hertha,-0.08961973274780051,-0.003962252111137107,-0.0856574806366634
2018-02-01,Augsburg,-0.07838994759432481,0.023945683355304098,-0.10233563094962891
2018-02-01,Wolfsburg,-0.12784502422262495,-0.025047226599163964,-0.10279779762346099
2018-02-01,Werder Bremen,-0.010296729999079036,0.10112176772869257,-0.1114184977277716
2018-02-01,FC Koln,-0.18041099563991198,0.022568851079263784,-0.20297984671917577
2018-02-01,Mainz,-0.08705742669402232,0.12284606459531178,-0.2099034912893341
2018-02-01,Freiburg,-0.11498186386004274,0.1652424123141767,-0.2802242761742194
2018-02-01,Hannover,-0.13079326203331818,0.18647266592288275,-0.3172659279562009
2018-02-01,Hamburg,-0.31771658308024886,0.08496839631662478,-0.40268497939687364
2018-02-01,Stuttgart,-0.3266429094283549,0.1467684369330954,-0.4734113463614503
2018-03-01,Bayern Munich,0.4856520865501488,-0.47521302581434904,0.9608651123644978
2018-03-01,Dortmund,0.3401506369649028,-0.07031528793429766,0.4104659248992004
2018-03-01,RB Leipzig,0.1709109467301547,-0.01184770214116185,0.18275864887131654
2018-03-01,Leverkusen,0.1886232216626197,0.028280764380081334,0.16034245728253835
2018-03-01,Schalke 04,0.06924608003744868,-0.07910121533676877,0.14834729537421745
2018-03-01,Hoffenheim,0.15200135128419243,0.05767445219002222,0.0943268990941702
2018-03-01,M'gladbach,0.013541680955058772,0.024004816758984655,-0.010463135803925883
2018-03-01,Hertha,-0.10683974377287168,-0.0481395827209213,-0.05870016105195038
2018-03-01,Ein Frankfurt,-0.10183647457100836,-0.03083123130390299,-0.07100524326710538
2018-03-01,Werder Bremen,0.010692994466339149,0.08471466117556596,-0.07402166670922682
2018-03-01,Augsburg,-0.08295308148221187,0.009413850522914633,-0.0923669320051265
2018-03-01,Wolfsburg,-0.12295112787697768,0.014560716020865078,-0.13751184389784277
2018-03-01,Mainz,-0.060116963979734976,0.14397525879532147,-0.20409222277505645
2018-03-01,FC Koln,-0.11966112474070174,0.08688134706558605,-0.2065424718062878
2018-03-01,Freiburg,-0.1446913460784436,0.1224142499354437,-0.2671055960138873
2018-03-01,Hannover,-0.14851514310979982,0.1722201242119618,-0.3207352673217616
2018-03-01,Stuttgart,-0.3129683224478072,0.06580950312938562,-0.3787778255771928
2018-03-01,Hamburg,-0.3467868412343194,0.089711604814974,-0.43649844604929344
2018-04-01,Bayern Munich,0.5629421888717768,-0.4911497429212116,1.0540919317929884
2018-04-01,Dortmund,0.31544704235363286,-0.013747488412997708,0.3291945307666306
2018-04-01,Hoffenheim,0.25050287649922365,0.030345438843744105,0.22015743765547954
2018-04-01,RB Leipzig,0.17182127726832613,-0.04214688985116382,0.21396816711948996
2018-04-01,Schalke 04,0.055933992604547206,-0.14882488908316946,0.20475888168771667
2018-04-01,Leverkusen,0.15198871695776936,-0.0018706548897673189,0.15385937184753667
2018-04-01,Werder Bremen,0.07283178926929372,0.08383294532309436,-0.011001156053800643
2018-04-01,Ein Frankfurt,-0.07054222030009948,-0.0412201646051558,-0.02932205569494368
2018-04-01,M'gladbach,0.025902640298157704,0.0652770093715046,-0.0393743690733469
2018-04-01,Hertha,-0.1516287922830275,-0.08865791872641172,-0.06297087355661578
2018-04-01,Augsburg,-0.1022735515455667,0.011304001271720699,-0.11357755281728739
2018-04-01,Wolfsburg,-0.18037364007931037,0.012579329192284966,-0.19295296927159533
2018-04-01,Mainz,-0.11476600405230153,0.13925165798585398,-0.2540176620381555
2018-04-01,FC Koln,-0.11236181433766439,0.17002929355443264,-0.28239110789209704
2018-04-01,Stuttgart,-0.2667777961005118,0.0544187383797184,-0.32119653448023017
2018-04-01,Freiburg,-0.19741514701606455,0.14219319993824536,-0.3396083469543099
2018-04-01,Hannover,-0.18319188373673412,0.19748738538833788,-0.380679269125072
2018-04-01,Hamburg,-0.3684592313778912,0.12954064437138116,-0.4979998757492724
2018-05-01,Bayern Munich,0.6053424075931777,-0.48603848634460955,1.0913808939377874
2018-05-01,Dortmund,0.30779619669016967,-0.05860176763409595,0.36639796432426563
2018-05-01,Hoffenheim,0.28223906160163226,0.008012829006862144,0.27422623259477014
2018-05-01,Schalke 04,0.06398454459165707,-0.1284640624774728,0.19244860706912986
2018-05-01,Leverkusen,0.16461102377851286,0.009658198323308642,0.15495282545520422
2018-05-01,RB Leipzig,0.1269823678556863,0.07691968026280073,0.05006268759288558
2018-05-01,M'gladbach,0.032086601551299054,0.04201027830730161,-0.009923676756002558
2018-05-01,Hertha,-0.10174073110804611,-0.08628491692798719,-0.015455814180058924
2018-05-01,Werder Bremen,0.025393703122625937,0.07261061828713311,-0.04721691516450717
2018-05-01,Augsburg,-0.09603990987807404,0.008456880542889424,-0.10449679042096346
2018-05-01,Ein Frankfurt,-0.09850615277761973,0.038471455856718406,-0.13697760863433814
2018-05-01,Mainz,-0.13421760668998511,0.0716130037003929,-0.20583061039037803
2018-05-01,Wolfsburg,-0.21762246561827625,0.023190269865709715,-0.24081273548398596
2018-05-01,FC Koln,-0.09573139073583203,0.1931315490643489,-0.28886293980018096
2018-05-01,Stuttgart,-0.28584282801539984,0.007767094612036917,-0.29360992262743674
2018-05-01,Hannover,-0.19503494449092199,0.19647166586797954,-0.39150661035890155
2018-05-01,Freiburg,-0.2383730424767628,0.15940065175370624,-0.39777369423046904
2018-05-01,Hamburg,-0.3041052908579674,0.10607613327873447,-0.4101814241367019
2018-08-01,Bayern Munich,0.5904587258492973,-0.4152763509531133,1.0057350768024107
2018-08-01,Dortmund,0.2864310381237934,-0.058282824434472774,0.3447138625582662
2018-08-01,Hoffenheim,0.27534228858022214,-0.025390692494004132,0.30073298107422625
2018-08-01,Schalke 04,0.06689396543405261,-0.17415864126760883,0.24105260670166145
2018-08-01,Leverkusen,0.15755731529446088,-0.034218018354025756,0.19177533364848665
2018-08-01,RB Leipzig,0.2290222691075082,0.05223206972562237,0.17679019938188584
2018-08-01,M'gladbach,0.047870608691867586,0.018753725124346417,0.02911688356752117
2018-08-01,Stuttgart,-0.11018817678195254,-0.13875423693024183,0.028566060148289288
2018-08-01,Werder Bremen,0.01778408421159648,0.007385755075664613,0.010398329135931864
2018-08-01,Ein Frankfurt,-0.08107113144888875,-0.018613679417661688,-0.06245745203122706
2018-08-01,Hertha,-0.08270082875504377,-0.017718608227048648,-0.06498222052799513
2018-08-01,Augsburg,-0.10879411667270963,-0.0038389021993306127,-0.10495521447337902
2018-08-01,Mainz,-0.11419231257330581,0.027962046009439828,-0.14215435858274564
2018-08-01,Wolfsburg,-0.15891477591863476,0.01977133155557617,-0.17868610747421093
2018-08-01,Hannover,-0.06124583800683543,0.11999937701332025,-0.18124521502015567
2018-08-01,Freiburg,-0.2052987008907816,0.11796865602494401,-0.3232673569157256
2018-08-01,Nurnberg,-0.3,0.3,-0.6
2018-08-01,Fortuna Dusseldorf,-0.3,0.3,-0.6
2018-09-01,Bayern Munich,0.5989977608325482,-0.4010380506448984,1.0000358114774466
2018-09-01,Dortmund,0.29224006326197194,-0.08437313200404746,0.3766131952660194
2018-09-01,Hoffenheim,0.2827139887739865,-0.013687414703329487,0.29640140347731603
2018-09-01,Schalke 04,0.07195848039738628,-0.14770964294580852,0.2196681233431948
2018-09-01,Leverkusen,0.14202283565460416,-0.02023706496202766,0.1622599006166318
2018-09-01,RB Leipzig,0.2307170622824183,0.09236471234842797,0.13835234993399034
2018-09-01,M'gladbach,0.06327554243977615,0.0015513724852888274,0.061724169954487325
2018-09-01,Stuttgart,-0.1250062892812572,-0.1358170482502609,0.010810758969003686
2018-09-01,Werder Bremen,0.013726856559771643,0.012638224022260097,0.0010886325375115465
2018-09-01,Ein Frankfurt,-0.056232963395825016,-0.03347898788333285,-0.022753975512492162
2018-09-01,Hertha,-0.08965736279222063,-0.02731310793080397,-0.06234425486141666
2018-09-01,Augsburg,-0.08715805491693555,0.00048115428485470717,-0.08763920920179026
2018-09-01,Mainz,-0.10867578432787152,0.015462232208322433,-0.12413801653619395
2018-09-01,Wolfsburg,-0.1304098921529953,0.022198815805301305,-0.15260870795829662
2018-09-01,Hannover,-0.08907091571539962,0.07412783228753866,-0.16319874800293827
2018-09-01,Freiburg,-0.22115248245818178,0.1365728044651975,-0.3577252869233793
2018-09-01,Nurnberg,-0.375286476726994,0.22368164884107172,-0.5989681255680657
2018-09-01,Fortuna Dusseldorf,-0.3134104773174769,0.34998213004901413,-0.6633926073664911
2018-10-01,Bayern Munich,0.5489001981015241,-0.413675566662257,0.9625757647637811
2018-10-01,Dortmund,0.36561871554303715,-0.10967901945299299,0.4752977349960301
2018-10-01,Hoffenheim,0.24753620276471716,-0.012179702656358796,0.259715905421076
2018-10-01,RB Leipzig,0.20620484121841345,0.04458050083166294,0.1616243403867505
2018-10-01,Schalke 04,-0.03264808734718267,-0.14499545265012714,0.11234736530294448
2018-10-01,Leverkusen,0.11539680929450973,0.030084056577655355,0.08531275271685437
2018-10-01,M'gladbach,0.10033161032310665,0.037744479745453245,0.06258713057765342
2018-10-01,Hertha,-0.005425567207207801,-0.043334108967782906,0.03790854176057511
2018-10-01,Werder Bremen,0.046397363873662736,0.01405905735673253,0.032338306516930204
2018-10-01,Ein Frankfurt,-0.04852733755132907,0.0016753661625891578,-0.050202703713918224
2018-10-01,Augsburg,-0.04726189458640804,0.004521081743709874,-0.051782976330117914
2018-10-01,Stuttgart,-0.16379682244654567,-0.08244478875291103,-0.08135203369363464
2018-10-01,Mainz,-0.1884975085253657,-0.041493323992013026,-0.14700418453335268
2018-10-01,Wolfsburg,-0.11484547990961028,0.04051870261908878,-0.15536418252869905
2018-10-01,Hannover,-0.11971152257606725,0.16147950930795207,-0.28119103188401934
2018-10-01,Freiburg,-0.14528832347478643,0.17701386860996107,-0.32230219208474753
2018-10-01,Nurnberg,-0.2574987798487578,0.25055711693509886,-0.5080558967838567
2018-10-01,Fortuna Dusseldorf,-0.3836167421078234,0.19256391883067403,-0.5761806609384974
2018-11-01,Bayern Munich,0.5293822883271078,-0.37377552745770726,0.903157815784815
2018-11-01,Dortmund,0.4108488738260587,-0.09849544943034874,0.5093443232564074
2018-11-01,Hoffenheim,0.26608416163336474,-0.03838919300448296,0.3044733546378477
2018-11-01,RB Leipzig,0.18933515670190929,-0.047283345575661,0.23661850227757028
2018-11-01,M'gladbach,0.16359521531825677,-0.016626363699004606,0.18022157901726138
2018-11-01,Leverkusen,0.15605783153063468,0.004056478137636243,0.15200135339299845
2018-11-01,Schalke 04,-0.07420559006386705,-0.19621971045336917,0.12201412038950211
2018-11-01,Ein Frankfurt,0.03539426917034702,-0.03882827137197824,0.07422254054232526
2018-11-01,Hertha,-0.024178453260419733,-0.09067236984668453,0.0664939165862648
2018-11-01,Werder Bremen,0.07015791001878512,0.026323102275421416,0.0438348077433637
2018-11-01,Augsburg,-0.029772249865364645,-0.021004980632444267,-0.008767269232920379
2018-11-01,Wolfsburg,-0.10283532934669176,0.02004157676747106,-0.12287690611416283
2018-11-01,Mainz,-0.22824534854591091,-0.04261969197876623,-0.1856256565671447
2018-11-01,Hannover,-0.0739931830914447,0.14409339677192495,-0.21808657986336966
2018-11-01,Freiburg,-0.13496819182191533,0.1036668633250019,-0.23863505514691724
2018-11-01,Stuttgart,-0.22707414495207687,0.013967666758510836,-0.2410418117105877
2018-11-01,Nurnberg,-0.34783726842772505,0.38268921746025397,-0.730526485887979
2018-11-01,Fortuna Dusseldorf,-0.48695211699181457,0.4720639123653507,-0.9590160293571652
2018-12-01,Bayern Munich,0.4772193482964021,-0.2887054500062837,0.7659247983026858
2018-12-01,Dortmund,0.3919052387526821,-0.12799597420726916,0.5199012129599512
2018-12-01,Hoffenheim,0.2944746624052208,-0.038192658654118784,0.3326673210593396
2018-12-01,RB Leipzig,0.18144897585407074,-0.11605397676185356,0.2975029526159243
2018-12-01,M'gladbach,0.19140088534067784,-0.04707375320873589,0.23847463854941373
2018-12-01,Ein Frankfurt,0.09447676255577529,-0.09360191856381865,0.18807868111959394
2018-12-01,Schalke 04,-0.03902173241453354,-0.14886974622793908,0.10984801381340553
2018-12-01,Leverkusen,0.11047530678306014,0.032000757175939386,0.07847454960712075
2018-12-01,Werder Bremen,0.026617609433196684,0.04304079775650005,-0.016423188323303365
2018-12-01,Hertha,-0.048412608408657486,0.0004862919337855924,-0.048898900342443076
2018-12-01,Augsburg,-0.06109204940731593,0.012618247263818895,-0.07371029667113482
2018-12-01,Wolfsburg,-0.15523588642047884,-0.021131955780243343,-0.13410393064023549
2018-12-01,Mainz,-0.2086430234534509,-0.07268182547150503,-0.13596119798194586
2018-12-01,Freiburg,-0.16355835319223266,0.0867378650484515,-0.25029621824068415
2018-12-01,Hannover,-0.08237392817920126,0.17779470708617273,-0.260168635265374
2018-12-01,Stuttgart,-0.2761670075652613,0.014323637903648169,-0.29049064546890946
2018-12-01,Fortuna Dusseldorf,-0.3149598864654844,0.3815543550513995,-0.6965142415168839
2018-12-01,Nurnberg,-0.2900424828853348,0.4574463917091868,-0.7474888745945216
2019-01-01,Bayern Munich,0.49258306724995193,-0.35633477261888646,0.8489178398688384
2019-01-01,Dortmund,0.37727750957806955,-0.12304419403969728,0.5003217036177668
2019-01-01,RB Leipzig,0.20600579971183314,-0.09473848825072334,0.3007442879625565
2019-01-01,Hoffenheim,0.2518495302174411,-0.045735867500058654,0.29758539771749976
2019-01-01,M'gladbach,0.16125667200390914,-0.09512362303720003,0.25638029504110915
2019-01-01,Schalke 04,-0.014370039324845872,-0.12722395594737274,0.11285391662252686
2019-01-01,Ein Frankfurt,0.07349533120668997,-0.03905329638879772,0.11254862759548769
2019-01-01,Leverkusen,0.12078626547775517,0.020895883111674188,0.09989038236608098
2019-01-01,Werder Bremen,0.050625236783334776,0.05559641801676709,-0.004971181233432313
2019-01-01,Wolfsburg,-0.060991863638681566,-0.028230202434140934,-0.03276166120454063
2019-01-01,Hertha,-0.029115618890006145,0.01786827035860542,-0.04698388924861156
2019-01-01,Augsburg,-0.06394749214665665,0.0465782312142501,-0.11052572336090676
2019-01-01,Mainz,-0.18141283863345953,-0.023579014645652895,-0.15783382398780663
2019-01-01,Freiburg,-0.18435020602461574,0.0577387341103721,-0.24208894013498783
2019-01-01,Stuttgart,-0.28270120578481167,0.06807976664465495,-0.3507809724294666
2019-01-01,Hannover,-0.1659482635622291,0.20432004439724374,-0.37026830795947285
2019-01-01,Fortuna Dusseldorf,-0.24035007280597306,0.2842522662898135,-0.5246023390957866
2019-01-01,Nurnberg,-0.4480568757836859,0.386477241868044,-0.8345341176517299
2019-02-01,Bayern Munich,0.5025750838189683,-0.3595244092160411,0.8620994930350094
2019-02-01,Dortmund,0.3838564499455822,-0.15651245058659632,0.5403689005321786
2019-02-01,RB Leipzig,0.19956083488755766,-0.13336538455865707,0.3329262194462147
2019-02-01,M'gladbach,0.1435344078646904,-0.14612023782132783,0.28965464568601823
2019-02-01,Hoffenheim,0.2669269002157601,-0.02239069779686492,0.289317598012625
2019-02-01,Ein Frankfurt,0.09154611340706972,-0.03923767847831485,0.13078379188538458
2019-02-01,Leverkusen,0.11107002170680264,-0.01666506031785941,0.12773508202466205
2019-02-01,Schalke 04,-0.0013987532008585821,-0.1198220720716239,0.11842331887076532
2019-02-01,Werder Bremen,0.038870418247586136,0.03504288196578536,0.0038275362818007766
2019-02-01,Hertha,-0.005566424387231582,0.02321345791982344,-0.02877988230705502
2019-02-01,Wolfsburg,-0.09464828144138797,-0.001410497164927263,-0.0932377842764607
2019-02-01,Mainz,-0.15270812438506312,-0.01256943683640457,-0.14013868754865855
2019-02-01,Augsburg,-0.10699551527726625,0.05393060632223568,-0.16092612159950193
2019-02-01,Freiburg,-0.1731440349996508,0.10422466100858122,-0.277368696008232
2019-02-01,Stuttgart,-0.25560524776567434,0.11226466103703986,-0.3678699088027142
2019-02-01,Hannover,-0.1981959007089091,0.21789031390063776,-0.41608621460954687
2019-02-01,Fortuna Dusseldorf,-0.25341614450316086,0.30613606302948215,-0.559552207532643
2019-02-01,Nurnberg,-0.44157515038173706,0.40698834019859165,-0.8485634905803288
2019-03-01,Bayern Munich,0.4859805105370667,-0.3103100350219598,0.7962905455590266
2019-03-01,Dortmund,0.3625778842375188,-0.13197729656508872,0.4945551808026075
2019-03-01,RB Leipzig,0.19367573780135947,-0.17817244844879407,0.37184818625015353
2019-03-01,Hoffenheim,0.26311597459120223,-0.036259168496301765,0.299375143087504
2019-03-01,Leverkusen,0.18729670008029578,-0.03291313075098128,0.22020983083127707
2019-03-01,M'gladbach,0.09926519486974852,-0.10646813842641789,0.20573333329616642
2019-03-01,Ein Frankfurt,0.07655006429539475,-0.10183971918750574,0.1783897834829005
2019-03-01,Werder Bremen,0.040148446940347096,0.012174278799400605,0.02797416814094649
2019-03-01,Wolfsburg,-0.014907048678437788,-0.039157474257639296,0.02425042557920151
2019-03-01,Schalke 04,-0.06783547245501759,-0.08032847609637082,0.012493003641353237
2019-03-01,Hertha,-0.0227575262139335,-0.0322424823899727,0.009484956176039203
2019-03-01,Freiburg,-0.07724042768940807,0.11691862626830964,-0.1941590539577177
2019-03-01,Augsburg,-0.08269456657899266,0.13592108168723072,-0.21861564826622337
2019-03-01,Mainz,-0.15860554837194973,0.07042560656294866,-0.2290311549348984
2019-03-01,Stuttgart,-0.2638208373648524,0.1564957867639695,-0.42031662412882187
2019-03-01,Fortuna Dusseldorf,-0.2250958506205025,0.23280725957310694,-0.4579031101936094
2019-03-01,Hannover,-0.25676988876856954,0.24633669402382818,-0.5031065827923977
2019-03-01,Nurnberg,-0.5079135545494735,0.34304551040027714,-0.8509590649497507
2019-04-01,Bayern Munich,0.5440752588061923,-0.34617639561743974,0.8902516544236321
2019-04-01,Dortmund,0.35107887725781894,-0.13065534111274088,0.48173421837055985
2019-04-01,RB Leipzig,0.16976503864827794,-0.2608569954945414,0.4306220341428193
2019-04-01,Hoffenheim,0.259725223682214,-0.031967224463680464,0.29169244814589446
2019-04-01,Ein Frankfurt,0.09222609340292776,-0.1468285325892456,0.23905462599217336
2019-04-01,Leverkusen,0.1630116443640789,0.010388651741866024,0.15262299262221288
2019-04-01,M'gladbach,0.048575698706262715,-0.05649429949192169,0.10506999819818441
2019-04-01,Werder Bremen,0.0966838192763249,-0.0021451101887816747,0.09882892946510657
2019-04-01,Wolfsburg,-0.021360898207467956,0.012513820224676796,-0.03387471843214475
2019-04-01,Hertha,-0.037086504011711444,0.034840158977469546,-0.07192666298918099
2019-04-01,Schalke 04,-0.12556604290295184,-0.031902708492133384,-0.09366333441081845
2019-04-01,Freiburg,-0.10400680167052671,0.06839620999072155,-0.17240301166124827
2019-04-01,Augsburg,-0.10549446070519009,0.10658030456664938,-0.21207476527183947
2019-04-01,Mainz,-0.20467761265077178,0.11779038288076579,-0.3224679955315376
2019-04-01,Fortuna Dusseldorf,-0.10067982298337036,0.2660342900974463,-0.36671411308081664
2019-04-01,Stuttgart,-0.22211909155020648,0.14814356156857098,-0.3702626531187775
2019-04-01,Hannover,-0.2718628462351636,0.30078023935007686,-0.5726430855852405
2019-04-01,Nurnberg,-0.4875947528165281,0.23571805381291971,-0.7233128066294479
2019-05-01,Bayern Munich,0.5356599932376173,-0.37998267661477636,0.9156426698523936
2019-05-01,RB Leipzig,0.20239124139685255,-0.2678327354717381,0.47022397686859063
2019-05-01,Dortmund,0.34881665416691593,-0.061124823734240816,0.40994147790115676
2019-05-01,Hoffenheim,0.3038123799577804,-0.017858839356149687,0.32167121931393006
2019-05-01,Ein Frankfurt,0.053996749276575884,-0.14374684450814873,0.19774359378472461
2019-05-01,Leverkusen,0.18021099779455357,0.0066707513767679015,0.17354024641778568
2019-05-01,Werder Bremen,0.06605691778172164,-0.004466835017727418,0.07052375279944906
2019-05-01,M'gladbach,-0.004024654624562302,-0.07411758815365485,0.07009293352909254
2019-05-01,Wolfsburg,0.010160260803116534,-0.007975053739349793,0.01813531454246633
2019-05-01,Schalke 04,-0.07279366762338903,0.026265811561771647,-0.09905947918516067
2019-05-01,Hertha,-0.12409065691303917,-0.0007893930781826911,-0.12330126383485647
2019-05-01,Augsburg,-0.03591190540398791,0.13949323493383986,-0.17540514033782778
2019-05-01,Mainz,-0.14963933847637645,0.08612521800894965,-0.2357645564853261
2019-05-01,Freiburg,-0.14686549487293346,0.13910708938633196,-0.2859725842592654
2019-05-01,Fortuna Dusseldorf,-0.02891613927562237,0.27823993053416596,-0.3071560698097883
2019-05-01,Stuttgart,-0.28554435653464855,0.17142958698942695,-0.4569739435240755
2019-05-01,Hannover,-0.322859960079516,0.25084124198670443,-0.5737012020662204
2019-05-01,Nurnberg,-0.4980788023204493,0.1736695490859996,-0.671748351406449
2019-08-01,Bayern Munich,0.5238982279171275,-0.4044795591005906,0.9283777870177181
2019-08-01,RB Leipzig,0.1846433130861961,-0.2664447253213446,0.45108803840754075
2019-08-01,Dortmund,0.34227674325827495,-0.09045899077655511,0.43273573403483007
2019-08-01,Hoffenheim,0.2749625565406493,-0.007199435818007542,0.28216199235865685
2019-08-01,Leverkusen,0.2481112723620799,-0.02871160388529437,0.2768228762473743
2019-08-01,Werder Bremen,0.06835678001315215,-0.06591600397397573,0.13427278398712789
2019-08-01,M'gladbach,0.010595126829438155,-0.09892558745652764,0.1095207142859658
2019-08-01,Wolfsburg,0.06826593024271296,-0.019789545003506312,0.08805547524621928
2019-08-01,Ein Frankfurt,0.023880824929077605,-0.04825297895174313,0.07213380388082073
2019-08-01,Schalke 04,-0.13300925094132254,-0.04832917911746326,-0.08468007182385928
2019-08-01,Hertha,-0.06637093059045195,0.042767080360717365,-0.10913801095116932
2019-08-01,Mainz,-0.06144754648909247,0.05569338730410114,-0.1171409337931936
2019-08-01,Fortuna Dusseldorf,0.037166005360270385,0.17275899200488937,-0.135592986644619
2019-08-01,Augsburg,-0.03496115188070314,0.194932098100813,-0.22989324998151614
2019-08-01,Freiburg,-0.12464398972942858,0.12466403334839403,-0.24930802307782263
2019-08-01,FC Koln,-0.21899396700743534,0.20426447544121934,-0.4232584424486547
2019-08-01,Paderborn,-0.3,0.3,-0.6
2019-08-01,Union Berlin,-0.3,0.3,-0.6
2019-09-01,Bayern Munich,0.5392804248405794,-0.38572651489155335,0.9250069397321328
2019-09-01,RB Leipzig,0.22550982609511253,-0.2869303136641112,0.5124401397592238
2019-09-01,Dortmund,0.34715599944478576,-0.06165892724943348,0.40881492669421926
2019-09-01,Leverkusen,0.2240524707666497,-0.05193318532523447,0.2759856560918842
2019-09-01,Hoffenheim,0.22988666100898317,-0.04350733127521858,0.27339399228420175
2019-09-01,Wolfsburg,0.05599226485451649,-0.04576940980880525,0.10176167466332174
2019-09-01,M'gladbach,-0.0022096331850274776,-0.09716754862746585,0.09495791544243837
2019-09-01,Ein Frankfurt,0.0018619948376911528,-0.07480854351885102,0.07667053835654218
2019-09-01,Werder Bremen,0.05395792054620544,-0.020782198160097135,0.07474011870630258
2019-09-01,Schalke 04,-0.15048093347263786,-0.07905368154904811,-0.07142725192358974
2019-09-01,Fortuna Dusseldorf,0.05139244906610365,0.17016980957563393,-0.11877736050953028
2019-09-01,Hertha,-0.09867980449305859,0.07383077457328394,-0.17251057906634254
2019-09-01,Freiburg,-0.09703661473224891,0.10781999161777432,-0.20485660635002323
2019-09-01,Mainz,-0.09381072946950472,0.14181615158805452,-0.23562688105755925
2019-09-01,Augsburg,-0.06227594657778627,0.21780431194695224,-0.2800802585247385
2019-09-01,FC Koln,-0.20656548944627745,0.20120993924792607,-0.4077754286942035
2019-09-01,Union Berlin,-0.24082828924109265,0.2535380899670912,-0.4943663792081838
2019-09-01,Paderborn,-0.2400820708815957,0.31602174411325834,-0.5561038149948541
2019-10-01,Bayern Munich,0.5331528298462799,-0.38363935981877756,0.9167921896650575
2019-10-01,RB Leipzig,0.23019140569917457,-0.2825003382766554,0.51269174397583
2019-10-01,Dortmund,0.36750463463551214,-0.06530730869928576,0.4328119433347979
2019-10-01,Leverkusen,0.20643520405022528,-0.0652601232818011,0.2716953273320264
2019-10-01,M'gladbach,0.018969812058365922,-0.15641523747956879,0.1753850495379347
2019-10-01,Hoffenheim,0.17206839171068414,-0.0015723496815561334,0.17364074139224028
2019-10-01,Wolfsburg,0.02329214613935926,-0.09222438475144908,0.11551653089080834
2019-10-01,Ein Frankfurt,0.009631310296094677,-0.06756996451653922,0.0772012748126339
2019-10-01,Werder Bremen,0.06605551219278845,0.005745814582744773,0.06030969761004368
2019-10-01,Schalke 04,-0.04182589415910611,-0.09907519741945144,0.05724930326034532
2019-10-01,Hertha,-0.060157661081373305,0.055098142111179825,-0.11525580319255313
2019-10-01,Freiburg,-0.07112403676010465,0.05264696962785501,-0.12377100638795965
2019-10-01,Fortuna Dusseldorf,0.015342689891310261,0.16356131237520039,-0.14821862248389012
2019-10-01,Mainz,-0.1054742154646569,0.12613682058712467,-0.23161103605178157
2019-10-01,Augsburg,-0.06504321983335158,0.21570942129329426,-0.28075264112664583
2019-10-01,FC Koln,-0.3185457842802014,0.25551098514902654,-0.574056769429228
2019-10-01,Union Berlin,-0.3296561356065042,0.24519072546080176,-0.574846861067306
2019-10-01,Paderborn,-0.1820586568893773,0.4451083326774029,-0.6271669895667802
2019-11-01,Bayern Munich,0.5015037540598598,-0.3174240486886024,0.8189278027484622
2019-11-01,RB Leipzig,0.20494112566461659,-0.26135996387005156,0.46630108953466815
2019-11-01,Dortmund,0.336358676317701,-0.09580782387826017,0.43216650019596115
2019-11-01,Hoffenheim,0.20915877861655793,-0.03052751800468977,0.2396862966212477
2019-11-01,M'gladbach,0.08490839662036187,-0.14251342967523348,0.22742182629559535
2019-11-01,Leverkusen,0.1880203078340415,-0.02692671349599039,0.21494702133003188
2019-11-01,Wolfsburg,-0.01902950774434227,-0.13130422478509954,0.11227471704075727
2019-11-01,Ein Frankfurt,0.0612286499422442,-0.026880419988713898,0.0881090699309581
2019-11-01,Werder Bremen,0.08199353838534947,0.018798563601950778,0.0631949747833987
2019-11-01,Schalke 04,-0.09843217865550524,-0.1131880662798882,0.014755887624382957
2019-11-01,Hertha,-0.029213418111669807,0.07074389885029493,-0.09995731696196473
2019-11-01,Freiburg,-0.061668285935865624,0.06653364193030112,-0.12820192786616674
2019-11-01,Mainz,-0.10134192672647498,0.11689072865293422,-0.2182326553794092
2019-11-01,Fortuna Dusseldorf,-0.052923347026988685,0.17172716085939074,-0.2246505078863794
2019-11-01,Augsburg,-0.06091412191235553,0.223521471508651,-0.28443559342100655
2019-11-01,Union Berlin,-0.3141203878604628,0.10891302983135813,-0.42303341769182096
2019-11-01,FC Koln,-0.27095925978051105,0.24592517139406755,-0.5168844311745786
2019-11-01,Paderborn,-0.25836964179551214,0.4331097240682713,-0.6914793658637834
2019-12-01,Bayern Munich,0.4866875183064069,-0.2814782187490529,0.7681657370554598
2019-12-01,RB Leipzig,0.3119052599391103,-0.23592813333335572,0.5478333932724659
2019-12-01,Dortmund,0.3128751517408853,-0.06747623557744072,0.380351387318326
2019-12-01,Leverkusen,0.1695695437726556,-0.07913197783306404,0.24870152160571962
2019-12-01,M'gladbach,0.07185164827474087,-0.1489857551211728,0.22083740339591368
2019-12-01,Hoffenheim,0.1557712022846436,0.0042263400748293765,0.15154486220981422
2019-12-01,Ein Frankfurt,0.057307251902294506,-0.046652550774318964,0.10395980267661348
2019-12-01,Wolfsburg,-0.061680588648737274,-0.13883276271316272,0.07715217406442546
2019-12-01,Schalke 04,-0.04858009470159373,-0.08543420654609675,0.03685411184450302
2019-12-01,Werder Bremen,0.059339392840661684,0.04765953969601779,0.011679853144643891
2019-12-01,Freiburg,-0.07476638061128199,0.0175350089965605,-0.09230138960784248
2019-12-01,Hertha,-0.08433188244828947,0.12098840614274506,-0.20532028859103452
2019-12-01,Fortuna Dusseldorf,-0.055830580723916855,0.16973401935579627,-0.22556460007971313
2019-12-01,Augsburg,-0.048041457129134525,0.18980569539878248,-0.237847152527917
2019-12-01,Union Berlin,-0.20513174416346378,0.03304766566307948,-0.23817940982654326
2019-12-01,Mainz,-0.051779319944801026,0.1927779185696081,-0.24455723851440914
2019-12-01,FC Koln,-0.3342182758044798,0.25545943551159017,-0.58967771131607
2019-12-01,Paderborn,-0.24239515346156262,0.40405115319949836,-0.646446306661061
2020-01-01,Bayern Munich,0.5129901653519254,-0.27983777861000186,0.7928279439619272
2020-01-01,RB Leipzig,0.3499139552839797,-0.2281445879522083,0.578058543236188
2020-01-01,Dortmund,0.3629413345893238,-0.07515124957626537,0.43809258416558916
2020-01-01,M'gladbach,0.07702588709245303,-0.16735044430633172,0.24437633139878476
2020-01-01,Leverkusen,0.10607661391640198,-0.08984357168001811,0.1959201855964201
2020-01-01,Hoffenheim,0.16190410844892594,0.0285256299015828,0.13337847854734314
2020-01-01,Wolfsburg,-0.0813833681678246,-0.1224836286153048,0.041100260447480205
2020-01-01,Schalke 04,-0.05098764759166683,-0.08813137658450272,0.03714372899283589
2020-01-01,Ein Frankfurt,0.019219563949618646,0.027067491270214763,-0.007847927320596117
2020-01-01,Freiburg,-0.06976134446121429,0.04697231924333073,-0.11673366370454502
2020-01-01,Werder Bremen,-0.0015634410003012341,0.14201045327014544,-0.14357389427044667
2020-01-01,Augsburg,0.016513586517683393,0.1707809524477649,-0.1542673659300815
2020-01-01,Hertha,-0.10324843948814623,0.055455642043086714,-0.15870408153123294
2020-01-01,Mainz,-0.03661769027843771,0.17511931056810703,-0.21173700084654473
2020-01-01,Union Berlin,-0.26886466123436137,0.03080708001377235,-0.2996717412481337
2020-01-01,Fortuna Dusseldorf,-0.11704213708774999,0.23153165372418033,-0.3485737908119303
2020-01-01,FC Koln,-0.25110511854188355,0.19777128374508818,-0.44887640228697173
2020-01-01,Paderborn,-0.2630543993598274,0.2943820508151228,-0.5574364501749502
2020-02-01,Bayern Munich,0.5449932529253297,-0.3143870665191996,0.8593803194445293
2020-02-01,RB Leipzig,0.3290170038116063,-0.21154175197757755,0.5405587557891839
2020-02-01,Dortmund,0.4085168433927201,-0.0481309323581009,0.456647775750821
2020-02-01,Leverkusen,0.13873025820526053,-0.10880135001025304,0.24753160821551357
2020-02-01,M'gladbach,0.06829819934862504,-0.1567000455503053,0.22499824489893033
2020-02-01,Hoffenheim,0.16059730998808636,0.01087073980829842,0.14972657017978794
2020-02-01,Ein Frankfurt,0.03317846758676636,-0.01737943274993898,0.05055790033670534
2020-02-01,Schalke 04,-0.07914804497463708,-0.0930989207651348,0.013950875790497724
2020-02-01,Wolfsburg,-0.10007915068613668,-0.07791318132177218,-0.022165969364364504
2020-02-01,Freiburg,-0.09838095057690248,0.04840630512286733,-0.1467872556997698
2020-02-01,Werder Bremen,-0.04355061719876401,0.13094322972748734,-0.17449384692625136
2020-02-01,Hertha,-0.13163786105104888,0.04776647945047447,-0.17940434050152335
2020-02-01,Augsburg,0.016846177905523604,0.2091530726507135,-0.19230689474518992
2020-02-01,Mainz,-0.0500397699955379,0.19121151953528323,-0.24125128953082114
2020-02-01,Union Berlin,-0.24968288539343392,0.014846913575772142,-0.26452979896920603
2020-02-01,Fortuna Dusseldorf,-0.17608946809537424,0.2259173019246657,-0.4020067700200399
2020-02-01,FC Koln,-0.2046274674534009,0.226599901797076,-0.4312273692504769
2020-02-01,Paderborn,-0.23708435295841965,0.29184483060375577,-0.5289291835621754
2020-03-01,Bayern Munich,0.5487070418701034,-0.34612114319177334,0.8948281850618768
2020-03-01,RB Leipzig,0.3392516237782024,-0.278403410817153,0.6176550345953553
2020-03-01,Dortmund,0.4264211293856088,-0.09207862013818295,0.5184997495237917
2020-03-01,M'gladbach,0.10332133271464404,-0.15480668990615618,0.2581280226208002
2020-03-01,Leverkusen,0.16107321125303492,-0.09465865752920877,0.2557318687822437
2020-03-01,Hoffenheim,0.11456796741549823,0.054826382897090284,0.05974158451840794
2020-03-01,Wolfsburg,-0.027140861096409525,-0.08428110194035186,0.05714024084394234
2020-03-01,Ein Frankfurt,0.02497754321143928,-0.01079212616359737,0.03576966937503665
2020-03-01,Schalke 04,-0.1697202862124244,-0.046298466046022134,-0.12342182016640227
2020-03-01,FC Koln,-0.03074343833761413,0.16570825282301765,-0.19645169116063177
2020-03-01,Freiburg,-0.19636100373793372,0.028574496899451778,-0.2249355006373855
2020-03-01,Mainz,-0.08159402493635376,0.17187619718991373,-0.25347022212626746
2020-03-01,Union Berlin,-0.20429553373109216,0.05377233948907321,-0.2580678732201654
2020-03-01,Werder Bremen,-0.12667004185092262,0.13158892277950843,-0.2582589646304311
2020-03-01,Augsburg,-0.031146132781322593,0.23276082847215832,-0.2639069612534809
2020-03-01,Hertha,-0.14217557068454373,0.12867989831393928,-0.270855468998483
2020-03-01,Fortuna Dusseldorf,-0.14733667639161818,0.22620136118420983,-0.37353803757582804
2020-03-01,Paderborn,-0.23582689509854782,0.3048090881949447,-0.5406359832934925
2020-04-01,Bayern Munich,0.5329083149474725,-0.35421234163627313,0.8871206565837456
2020-04-01,RB Leipzig,0.3043276564430004,-0.2990199488141318,0.6033476052571323
2020-04-01,Dortmund,0.42554894872469223,-0.09752473240088154,0.5230736811255737
2020-04-01,Leverkusen,0.1819424719079038,-0.1255086382244423,0.3074511101323461
2020-04-01,M'gladbach,0.09343881936134434,-0.14642178552287852,0.23986060488422284
2020-04-01,Wolfsburg,-0.03467175860592263,-0.09456201845778293,0.059890259851860306
2020-04-01,Hoffenheim,0.10819643091285959,0.05006495315760039,0.058131477755259196
2020-04-01,Ein Frankfurt,0.010637383817023834,0.02264027865660416,-0.012002894839580325
2020-04-01,Schalke 04,-0.17547787826682587,-0.048137283666133915,-0.12734059460069197
2020-04-01,FC Koln,-0.0321325324783811,0.16043410919417803,-0.19256664167255913
2020-04-01,Freiburg,-0.16630291666295766,0.03066377471702287,-0.19696669137998052
2020-04-01,Werder Bremen,-0.1143027046847385,0.13948624737268175,-0.25378895205742025
2020-04-01,Augsburg,-0.04675800399124584,0.2135723402552307,-0.26033034424647655
2020-04-01,Mainz,-0.09325372136511229,0.17044595476622473,-0.26369967613133705
2020-04-01,Hertha,-0.13232742096868944,0.14095056531025013,-0.27327798627893957
2020-04-01,Union Berlin,-0.18578110216846289,0.11112219499412439,-0.2969032971625873
2020-04-01,Fortuna Dusseldorf,-0.15314252911537346,0.21271999867677702,-0.36586252779215045
2020-04-01,Paderborn,-0.2524044809866891,0.3113708050897257,-0.5637752860764148
2020-05-01,Bayern Munich,0.5280853516082844,-0.3470384948475013,0.8751238464557858
2020-05-01,RB Leipzig,0.299702373302535,-0.2943795584386497,0.5940819317411847
2020-05-01,Dortmund,0.41903793200789696,-0.0961081984165732,0.5151461304244702
2020-05-01,Leverkusen,0.17772855285164782,-0.12301970819373853,0.3007482610453863
2020-05-01,M'gladbach,0.09063550645570141,-0.14341070375682044,0.23404621021252187
2020-05-01,Wolfsburg,-0.03490749286396882,-0.09532987089090462,0.06042237802693581
2020-05-01,Hoffenheim,0.1055899732362368,0.04995741739332378,0.05563255584291302
2020-05-01,Ein Frankfurt,0.010035340612029429,0.0230328995817308,-0.012997558969701372
2020-05-01,Schalke 04,-0.17528786118764886,-0.04851948673693077,-0.1267683744507181
2020-05-01,Freiburg,-0.1655529353180717,0.03051550817000107,-0.19606844348807276
2020-05-01,FC Koln,-0.03871485627668742,0.16404668995992044,-0.20276154623660786
2020-05-01,Werder Bremen,-0.11501924376283462,0.13766045781165262,-0.25267970157448727
2020-05-01,Augsburg,-0.04760988080064086,0.2127897055195884,-0.26039958632022925
2020-05-01,Mainz,-0.09379965740765613,0.1686432594332084,-0.2624429168408645
2020-05-01,Hertha,-0.13130307091713164,0.13858276211963821,-0.26988583303676983
2020-05-01,Union Berlin,-0.18999806660373014,0.11510704579626864,-0.30510511239999877
2020-05-01,Fortuna Dusseldorf,-0.15212451565527108,0.2101317309613577,-0.3622562466166288
2020-05-01,Paderborn,-0.25524537303054623,0.31173756909814915,-0.5669829421286954
2020-08-01,Bayern Munich,0.5850301033897997,-0.4226347925137821,1.0076648959035817
2020-08-01,RB Leipzig,0.3057805326222952,-0.27706076152289155,0.5828412941451868
2020-08-01,Dortmund,0.3855450482564381,-0.18356066256564038,0.5691057108220785
2020-08-01,M'gladbach,0.14543370577464412,-0.1877903832007061,0.3332240889753502
2020-08-01,Leverkusen,0.20111093363922503,-0.10856853756116447,0.3096794712003895
2020-08-01,Hoffenheim,0.15698698248271178,-0.03129879057524285,0.18828577305795463
2020-08-01,Wolfsburg,0.02115637329617623,-0.07097824299649101,0.09213461629266724
2020-08-01,Ein Frankfurt,0.1141104040380602,0.056086922209613664,0.05802348182844654
2020-08-01,Freiburg,-0.07658144646164183,-0.032916234070279396,-0.04366521239136244
2020-08-01,Hertha,-0.032436491006706654,0.039665272422980694,-0.07210176342968735
2020-08-01,Werder Bremen,-0.05644166761051364,0.07649810824570269,-0.13293977585621633
2020-08-01,Mainz,-0.10107702527628076,0.07150449112907778,-0.17258151640535854
2020-08-01,FC Koln,0.011392263923813662,0.2221222121700501,-0.21072994824623645
2020-08-01,Augsburg,-0.09433996607252508,0.12743009416297235,-0.22177006023549745
2020-08-01,Union Berlin,-0.15547094385658658,0.07328294382278887,-0.22875388767937543
2020-08-01,Schalke 04,-0.24716502362510753,0.05604597762195902,-0.30321100124706657
2020-08-01,Stuttgart,-0.33236114805861544,0.1648130883277638,-0.49717423638637925
2020-08-01,Bielefeld,-0.3,0.3,-0.6
2020-09-01,Bayern Munich,0.5775990378051055,-0.41467096039384255,0.992269998198948
2020-09-01,RB Leipzig,0.30064575572423513,-0.27302845600405207,0.5736742117282871
2020-09-01,Dortmund,0.37986098562130877,-0.18096416452342606,0.5608251501447348
2020-09-01,M'gladbach,0.1416193066426079,-0.1848968717821454,0.32651617842475333
2020-09-01,Leverkusen,0.1969190228567347,-0.10735353291161515,0.3042725557683499
2020-09-01,Hoffenheim,0.15289524995395065,-0.031164787589913305,0.18406003754386396
2020-09-01,Wolfsburg,0.018704546083408245,-0.06946312102101725,0.08816766710442549
2020-09-01,Ein Frankfurt,0.11100313279348695,0.055696060688722675,0.05530707210476427
2020-09-01,Freiburg,-0.07731374150767527,-0.03263165157063827,-0.044682089937037
2020-09-01,Hertha,-0.03421015998561315,0.0393070220146059,-0.07351718200021905
2020-09-01,Werder Bremen,-0.05735587617977354,0.07452182467455047,-0.13187770085432401
2020-09-01,Mainz,-0.10149107443215985,0.07087771108292915,-0.172368785515089
2020-09-01,FC Koln,0.009074163015599148,0.2197817424052278,-0.21070757938962864
2020-09-01,Augsburg,-0.09434426574041338,0.12578000371848508,-0.22012426945889846
2020-09-01,Union Berlin,-0.15371408736651404,0.07213508864955386,-0.2258491760160679
2020-09-01,Schalke 04,-0.24433216447371128,0.05572843296733881,-0.30006059744105007
2020-09-01,Stuttgart,-0.3323739874488713,0.16817917927784415,-0.5005531667267155
2020-09-01,Bielefeld,-0.3,0.3,-0.6
2020-10-01,Bayern Munich,0.6006621189498089,-0.35127956861096066,0.9519416875607696
2020-10-01,RB Leipzig,0.28729871399711226,-0.2722092109906863,0.5595079249877986
2020-10-01,Dortmund,0.3472032034940626,-0.18626993934226913,0.5334731428363317
2020-10-01,Leverkusen,0.15114410031748285,-0.14242667106426235,0.2935707713817452
2020-10-01,M'gladbach,0.0938632766932184,-0.15894290247623755,0.2528061791694559
2020-10-01,Hoffenheim,0.19649425082729433,-0.04199753988401491,0.23849179071130924
2020-10-01,Wolfsburg,-0.022970508474584574,-0.10111631445189144,0.07814580597730686
2020-10-01,Ein Frankfurt,0.10568983820849207,0.047693410052080235,0.05799642815641183
2020-10-01,Freiburg,-0.06549074065083849,-0.020771386149936618,-0.044719354500901864
2020-10-01,Hertha,-0.008691281076093193,0.05827140560079112,-0.0669626866768843
2020-10-01,Augsburg,-0.058904505934364665,0.08753087226619603,-0.14643537820056068
2020-10-01,Werder Bremen,-0.04900276288643079,0.11124612583595059,-0.16024888872238138
2020-10-01,Mainz,-0.12251886937489263,0.12629649231311477,-0.24881536168800739
2020-10-01,FC Koln,-0.023325579801663124,0.23184200563372348,-0.2551675854353866
2020-10-01,Union Berlin,-0.17315897533525254,0.090791017701533,-0.26394999303678557
2020-10-01,Stuttgart,-0.176467064852088,0.19918145564125395,-0.37564852049334196
2020-10-01,Bielefeld,-0.3436019465261193,0.0708797970224075,-0.4144817435485268
2020-10-01,Schalke 04,-0.26765041821511426,0.15572901098918385,-0.4233794292042981
2020-11-01,Bayern Munich,0.6399478127486933,-0.30485839999963354,0.9448062127483268
2020-11-01,Dortmund,0.36828036471697584,-0.25649819520975436,0.6247785599267301
2020-11-01,RB Leipzig,0.289898197127744,-0.3019800436423953,0.5918782407701393
2020-11-01,Leverkusen,0.15468435456658988,-0.1551407137459074,0.3098250683124973
2020-11-01,M'gladbach,0.13387727795226384,-0.16632828246961234,0.3002055604218762
2020-11-01,Hoffenheim,0.163970066720814,-0.04603312596451388,0.21000319268532786
2020-11-01,Wolfsburg,-0.03416941837390953,-0.11549395365750195,0.08132453528359243
2020-11-01,Ein Frankfurt,0.07520192004829322,0.06529012457198316,0.009911795476310062
2020-11-01,Hertha,0.012520976765448631,0.09421722175912974,-0.08169624499368111
2020-11-01,Freiburg,-0.0825499436698945,0.009748650616266362,-0.09229859428616086
2020-11-01,Werder Bremen,-0.07016334682695353,0.07208542320326461,-0.14224877003021813
2020-11-01,Augsburg,-0.061340095521282736,0.08503607957053824,-0.146376175091821
2020-11-01,Union Berlin,-0.12045077873823325,0.05974383918093132,-0.18019461791916458
2020-11-01,FC Koln,-0.04544498195907166,0.2165650338063276,-0.2620100157653993
2020-11-01,Stuttgart,-0.18909898324993746,0.10637114374220313,-0.2954701269921406
2020-11-01,Mainz,-0.13537608965744347,0.1965754418958277,-0.3319515315532712
2020-11-01,Schalke 04,-0.2959848091691642,0.18228933149685134,-0.47827414066601553
2020-11-01,Bielefeld,-0.4352798224783545,0.13219201869215524,-0.5674718411705097
2020-12-01,Bayern Munich,0.6019369876181863,-0.3082740218729754,0.9102110094911617
2020-12-01,RB Leipzig,0.25753000780920876,-0.32995607097935725,0.5874860787885661
2020-12-01,Dortmund,0.36042275135800367,-0.20985790823677974,0.5702806595947834
2020-12-01,Leverkusen,0.17225182763665878,-0.1458425301972561,0.3180943578339149
2020-12-01,M'gladbach,0.15633650314986636,-0.13842822702469787,0.2947647301745642
2020-12-01,Wolfsburg,0.009231701465028943,-0.12541203012984958,0.13464373159487852
2020-12-01,Hoffenheim,0.1271793629036876,-0.003504688760487859,0.13068405166417546
2020-12-01,Ein Frankfurt,0.08006742369772012,0.06636814558160166,0.013699278116118457
2020-12-01,Union Berlin,0.01652154622524656,0.029728827977352372,-0.013207281752105813
2020-12-01,Hertha,0.0021651507976973034,0.060419592014329525,-0.05825444121663222
2020-12-01,Werder Bremen,-0.06860164811160774,0.06913552190245868,-0.13773717001406643
2020-12-01,Freiburg,-0.11984849321224186,0.05466483330452882,-0.17451332651677068
2020-12-01,Augsburg,-0.11548791844932317,0.06494303827079054,-0.18043095672011372
2020-12-01,FC Koln,-0.06588167016407878,0.15886824946312614,-0.22474991962720492
2020-12-01,Stuttgart,-0.12556193682686057,0.1367292397827888,-0.2622911766096494
2020-12-01,Mainz,-0.1214665395188902,0.16159946721503687,-0.28306600673392707
2020-12-01,Schalke 04,-0.3131385974346762,0.19498190974111862,-0.5081205071757948
2020-12-01,Bielefeld,-0.459252088416206,0.22786248873905154,-0.6871145771552576
2021-01-01,Bayern Munich,0.5914882032803078,-0.27478009350041915,0.8662682967807269
2021-01-01,RB Leipzig,0.2393222665822181,-0.3618979852373337,0.6012202518195517
2021-01-01,Dortmund,0.31960870857984935,-0.12656318872498137,0.44617189730483076
2021-01-01,Leverkusen,0.23901147912560983,-0.1816461564554883,0.42065763558109814
2021-01-01,M'gladbach,0.1583930148017425,-0.08363069788223948,0.24202371268398198
2021-01-01,Wolfsburg,0.010956094330783395,-0.14037570115656195,0.15133179548734535
2021-01-01,Hoffenheim,0.130928119592796,0.01139990741767064,0.11952821217512535
2021-01-01,Ein Frankfurt,0.10161173719697568,0.06357007783271157,0.03804165936426411
2021-01-01,Union Berlin,0.02756030292959883,0.025000736582487814,0.0025595663471110162
2021-01-01,Hertha,-0.012679294220018717,0.06316770323218111,-0.07584699745219983
2021-01-01,Freiburg,-0.044831889698485484,0.032724542256507214,-0.0775564319549927
2021-01-01,Stuttgart,-0.017503832413385472,0.09030645450428551,-0.10781028691767099
2021-01-01,Werder Bremen,-0.10062405173066791,0.06249759648346819,-0.1631216482141361
2021-01-01,Augsburg,-0.14204279153956836,0.09274707251416002,-0.23478986405372837
2021-01-01,FC Koln,-0.0989693220035802,0.14044239062817077,-0.23941171263175098
2021-01-01,Mainz,-0.20329909094481907,0.13647530851935877,-0.33977439946417787
2021-01-01,Schalke 04,-0.3573194800073513,0.22150413805687094,-0.5788236180642222
2021-01-01,Bielefeld,-0.5096385955643002,0.16974271078446138,-0.6793813063487616
2021-02-01,Bayern Munich,0.6003858139490816,-0.25260327205916894,0.8529890860082505
2021-02-01,RB Leipzig,0.20657246154497208,-0.3217489122667268,0.5283213738116989
2021-02-01,Dortmund,0.3292288957365705,-0.10512164540693242,0.4343505411435029
2021-02-01,Leverkusen,0.159240636281457,-0.1980684833653023,0.35730911964675927
2021-02-01,M'gladbach,0.18290936747218875,-0.1040257079314518,0.28693507540364055
2021-02-01,Wolfsburg,0.04278211465998592,-0.17672449034570112,0.21950660500568703
2021-02-01,Ein Frankfurt,0.18863528900596324,0.04383737335821422,0.14479791564774902
2021-02-01,Hoffenheim,0.09703499153649692,0.045965250168930515,0.0510697413675664
2021-02-01,Union Berlin,0.005715806832976366,-0.031954751617973086,0.03767055845094945
2021-02-01,Freiburg,0.024910463879329294,0.02017710362803796,0.004733360251291334
2021-02-01,Stuttgart,-0.012342877486053101,0.09686275490411946,-0.10920563239017256
2021-02-01,Werder Bremen,-0.10172831934787543,0.021244477279400074,-0.1229727966272755
2021-02-01,Hertha,-0.07925367817636304,0.10132730911286975,-0.18058098728923277
2021-02-01,Augsburg,-0.1804554956304966,0.09613798911301392,-0.27659348474351053
2021-02-01,FC Koln,-0.16282793716040825,0.17656399247468046,-0.3393919296350887
2021-02-01,Mainz,-0.203920919088917,0.1582334935298235,-0.3621544126187405
2021-02-01,Schalke 04,-0.3322414459791202,0.23348354212416308,-0.5657249881032833
2021-02-01,Bielefeld,-0.48825167090728944,0.1392089388667833,-0.6274606097740727
2021-03-01,Bayern Munich,0.5877080590160844,-0.2081722293613507,0.7958802883774351
2021-03-01,RB Leipzig,0.2483019093570785,-0.32425721641055133,0.5725591257676298
2021-03-01,Dortmund,0.34127476083595276,-0.10452584995151243,0.4458006107874652
2021-03-01,Leverkusen,0.18251656204047567,-0.1435109156027132,0.32602747764318885
2021-03-01,Wolfsburg,0.05344354989795075,-0.2400807383732491,0.2935242882711998
2021-03-01,M'gladbach,0.15439316817604903,-0.0693760101772606,0.22376917835330962
2021-03-01,Ein Frankfurt,0.20116853366291682,0.00962589093425403,0.19154264272866278
2021-03-01,Hoffenheim,0.12464319074062417,0.043458178414541124,0.08118501232608305
2021-03-01,Freiburg,0.00666826654462837,-0.025862988987420468,0.03253125553204884
2021-03-01,Union Berlin,-0.07018444898709252,-0.0829774406165161,0.012792991629423586
2021-03-01,Stuttgart,0.04182897215406024,0.12636326119845684,-0.0845342890443966
2021-03-01,Werder Bremen,-0.12937871024795577,0.030116117563859252,-0.15949482781181504
2021-03-01,Hertha,-0.13060692898544626,0.09126919415458538,-0.22187612314003163
2021-03-01,Augsburg,-0.19486768826110515,0.07452091163603958,-0.2693885998971447
2021-03-01,Mainz,-0.1898769256787532,0.12367532187076086,-0.31355224754951405
2021-03-01,FC Koln,-0.18811515608850696,0.17477477320821147,-0.3628899292967184
2021-03-01,Bielefeld,-0.4493390469904093,0.18282777427443733,-0.6321668212648466
2021-03-01,Schalke 04,-0.37637049847486564,0.2786016924253114,-0.6549721909001771
2021-04-01,Bayern Munich,0.6142447797039237,-0.20957773134592478,0.8238225110498485
2021-04-01,RB Leipzig,0.24335867396852973,-0.35207656626265416,0.5954352402311839
2021-04-01,Dortmund,0.3445667930228931,-0.07743222702093087,0.421999020043824
2021-04-01,Wolfsburg,0.0986022745571208,-0.22915469382522802,0.3277569683823488
2021-04-01,Leverkusen,0.14723640186871187,-0.1121242216587815,0.25936062352749334
2021-04-01,Ein Frankfurt,0.23211694317249373,0.008146487186582087,0.22397045598591164
2021-04-01,M'gladbach,0.14156071404351256,-0.057669768935820855,0.1992304829793334
2021-04-01,Hoffenheim,0.10113009151130288,0.05629354303674505,0.04483654847455783
2021-04-01,Freiburg,-0.02223688339536069,-0.022019838555419318,-0.00021704483994137297
2021-04-01,Union Berlin,-0.06952203305740448,-0.03187797204275811,-0.037644061014646374
2021-04-01,Stuttgart,0.018143457296536093,0.09948662896323053,-0.08134317166669444
2021-04-01,Werder Bremen,-0.12443854145857133,0.03228681949816921,-0.15672536095674056
2021-04-01,Hertha,-0.10349289461444243,0.06525111363010345,-0.16874400824454588
2021-04-01,Augsburg,-0.1774239739199369,0.0823212372450732,-0.2597452111650101
2021-04-01,Mainz,-0.19930715207604918,0.08395304248185761,-0.2832601945579068
2021-04-01,FC Koln,-0.17146457563508818,0.17427126307510715,-0.3457358387101953
2021-04-01,Bielefeld,-0.4907537652359862,0.12417841251447125,-0.6149321777504574
2021-04-01,Schalke 04,-0.42526489225453756,0.30649389245019426,-0.7317587847047318
2021-05-01,Bayern Munich,0.585176522430047,-0.22197700602956646,0.8071535284596135
2021-05-01,RB Leipzig,0.2160952673812238,-0.36962679297326123,0.585722060354485
2021-05-01,Dortmund,0.364399866514409,-0.0968500934237926,0.46124995993820156
2021-05-01,Leverkusen,0.1344729831161383,-0.15733698877506283,0.29180997189120117
2021-05-01,Wolfsburg,0.1162201465273285,-0.1750314308817248,0.2912515774090533
2021-05-01,M'gladbach,0.2214085214947387,-0.05527271574505648,0.27668123723979515
2021-05-01,Ein Frankfurt,0.24530144352238364,0.050166878953220695,0.19513456456916295
2021-05-01,Hoffenheim,0.07493749739218136,0.017431285534959998,0.057506211857221365
2021-05-01,Freiburg,-0.020676800938167716,-0.028228561224212342,0.007551760286044627
2021-05-01,Union Berlin,-0.061517680878354304,-0.0649404334215312,0.0034227525431769004
2021-05-01,Stuttgart,-0.010446107019592293,0.12928834357783114,-0.13973445059742343
2021-05-01,Hertha,-0.08698204825143033,0.07079731944052035,-0.15777936769195067
2021-05-01,Mainz,-0.1564886791459932,0.06078071147643611,-0.2172693906224293
2021-05-01,Werder Bremen,-0.16394142030128692,0.09894323861667909,-0.262884658917966
2021-05-01,Augsburg,-0.2200547448036241,0.08696141780442973,-0.30701616260805387
2021-05-01,FC Koln,-0.13285693433707893,0.19501756012784263,-0.32787449446492156
2021-05-01,Bielefeld,-0.5396499673166449,0.10745326527906011,-0.647103232595705
2021-05-01,Schalke 04,-0.45220142595564994,0.3090079191915592,-0.7612093451472091
2021-08-01,Bayern Munich,0.6237176183134866,-0.2285404281218394,0.852258046435326
2021-08-01,RB Leipzig,0.22617558107582775,-0.3224858475266689,0.5486614286024967
2021-08-01,Dortmund,0.40123987689366797,-0.1222598597247357,0.5234997366184037
2021-08-01,Wolfsburg,0.15406105167811193,-0.1735975600023396,0.3276586116804515
2021-08-01,Leverkusen,0.10673080362652591,-0.1835424680934697,0.2902732717199956
2021-08-01,M'gladbach,0.22698946357587957,-0.017551900431246575,0.24454136400712614
2021-08-01,Ein Frankfurt,0.2573015640539325,0.04831748861876967,0.20898407543516284
2021-08-01,Hoffenheim,0.10059485191997423,-0.0001243099831377284,0.10071916190311196
2021-08-01,Freiburg,0.012182425073074451,-0.028558384529420916,0.04074080960249537
2021-08-01,Union Berlin,-0.049149954396968044,-0.08884745057822813,0.03969749618126008
2021-08-01,Stuttgart,0.03757825266272109,0.04607483353846794,-0.008496580875746847
2021-08-01,Hertha,-0.10439885145950352,-0.011777445241694594,-0.09262140621780893
2021-08-01,Mainz,-0.12020954127842538,0.027053316905562366,-0.14726285818398774
2021-08-01,Augsburg,-0.17300712598272644,0.06920354044416585,-0.2422106664268923
2021-08-01,FC Koln,-0.16119279752475243,0.1529682647360361,-0.31416106226078855
2021-08-01,Bielefeld,-0.4015681067967781,-0.050164623268132084,-0.35140348352864603
2021-08-01,Greuther Furth,-0.3,0.3,-0.6
2021-08-01,Bochum,-0.3,0.3,-0.6
2021-09-01,Bayern Munich,0.6203041468534108,-0.2342138948755867,0.8545180417289975
2021-09-01,RB Leipzig,0.2072879692318388,-0.34931974044457986,0.5566077096764186
2021-09-01,Dortmund,0.42469568492546766,-0.0901362618431256,0.5148319467685932
2021-09-01,Leverkusen,0.16855066443893174,-0.21177977807096404,0.3803304425098958
2021-09-01,Wolfsburg,0.1377001263468384,-0.21644230040637902,0.3541424267532174
2021-09-01,M'gladbach,0.1925979185917272,-0.0015016403098700355,0.19409955890159725
2021-09-01,Ein Frankfurt,0.22532455701020304,0.06237939182724461,0.16294516518295843
2021-09-01,Hoffenheim,0.15160416894706283,0.0011834110724069395,0.1504207578746559
2021-09-01,Freiburg,0.026861296084760452,-0.05445876619029319,0.08132006227505365
2021-09-01,Union Berlin,-0.028688502259606435,-0.09974831208293052,0.07105980982332408
2021-09-01,Stuttgart,0.0719214033992599,0.11128179112082037,-0.039360387721560475
2021-09-01,Mainz,-0.1300692768730601,-0.0024731271991886824,-0.12759614967387142
2021-09-01,Hertha,-0.12526111727007913,0.04691960549646455,-0.17218072276654367
2021-09-01,FC Koln,-0.09564604311018966,0.1375478838527789,-0.2331939269629686
2021-09-01,Augsburg,-0.21814009670133575,0.10127878347034523,-0.31941888017168096
2021-09-01,Bielefeld,-0.44265030048229753,-0.09446316761727204,-0.3481871328650255
2021-09-01,Bochum,-0.3034641121117512,0.1113619841294153,-0.4148260962411665
2021-09-01,Greuther Furth,-0.3848228517782077,0.5218616249229261,-0.9066844767011337
2021-10-01,Bayern Munich,0.674119385788198,-0.24615430713835673,0.9202736929265547
2021-10-01,RB Leipzig,0.2583434208876196,-0.3106819050241373,0.5690253259117568
2021-10-01,Dortmund,0.4622362213233585,-0.060744644494791965,0.5229808658181505
2021-10-01,Leverkusen,0.20811657851965873,-0.1849548685571262,0.39307144707678493
2021-10-01,Wolfsburg,0.12190595826586093,-0.20281212701253315,0.3247180852783941
2021-10-01,M'gladbach,0.18636017759355325,-0.03437377991556708,0.22073395750912034
2021-10-01,Ein Frankfurt,0.20195411348876258,0.040593841679311765,0.1613602718094508
2021-10-01,Hoffenheim,0.14107399694559725,-0.005440599399636282,0.14651459634523353
2021-10-01,Freiburg,0.028780792963576638,-0.08962255165170101,0.11840334461527764
2021-10-01,Union Berlin,-0.036851793210578646,-0.09489839218410308,0.05804659897352443
2021-10-01,Stuttgart,0.03861505702949567,0.09278947194062152,-0.05417441491112585
2021-10-01,Mainz,-0.14333067392992183,-0.062310259872591874,-0.08102041405732996
2021-10-01,FC Koln,-0.09343227193313039,0.09349727619120453,-0.18692954812433493
2021-10-01,Hertha,-0.09740565928069488,0.10546074147982377,-0.20286640076051865
2021-10-01,Augsburg,-0.2442256327837638,0.07457586431957583,-0.3188014971033396
2021-10-01,Bielefeld,-0.4639838007175626,-0.0989630543858278,-0.3650207463317348
2021-10-01,Bochum,-0.44170582848175316,0.2887384887250191,-0.7304443172067723
2021-10-01,Greuther Furth,-0.4170609222129808,0.4410273041672662,-0.858088226380247
2021-11-01,Bayern Munich,0.7048953889151476,-0.24186618950640526,0.9467615784215528
2021-11-01,RB Leipzig,0.2502976805621242,-0.32407467875104223,0.5743723593131664
2021-11-01,Dortmund,0.4516140308815087,-0.0827154707967112,0.5343295016782199
2021-11-01,Leverkusen,0.20566094154620912,-0.12348625887407053,0.3291472004202797
2021-11-01,Wolfsburg,0.07900105592581017,-0.17357769387410985,0.25257874979992
2021-11-01,M'gladbach,0.15507623322896225,-0.05748968884483686,0.2125659220737991
2021-11-01,Freiburg,0.04562989217619733,-0.12790913110171,0.17353902327790735
2021-11-01,Hoffenheim,0.14772477745084897,-0.01223970377106442,0.1599644812219134
2021-11-01,Ein Frankfurt,0.1543749982646446,0.018674836462193714,0.13570016180245087
2021-11-01,Union Berlin,-0.009622706514363278,-0.08382835257160284,0.07420564605723956
2021-11-01,Mainz,-0.08873947008068181,-0.03949123296459228,-0.04924823711608953
2021-11-01,Stuttgart,0.03520028574518599,0.10196935479491774,-0.06676906904973176
2021-11-01,Hertha,-0.11940017135756505,0.0701775386537977,-0.18957771001136275
2021-11-01,FC Koln,-0.10583754223218786,0.12504715447105805,-0.2308846967032459
2021-11-01,Augsburg,-0.19596598048119737,0.09318027419754356,-0.28914625467874094
2021-11-01,Bielefeld,-0.47342102235916705,-0.008780892954320524,-0.46464012940484656
2021-11-01,Bochum,-0.42295626422774274,0.16386991515948443,-0.5868261793872271
2021-11-01,Greuther Furth,-0.4466022042553327,0.4841144908703118,-0.9307166951256445
2021-12-01,Bayern Munich,0.6550419524834205,-0.23294158989703703,0.8879835423804575
2021-12-01,Dortmund,0.44576929468894677,-0.09034858772595253,0.5361178824148993
2021-12-01,RB Leipzig,0.21359331691479141,-0.2763277833663797,0.4899211002811711
2021-12-01,Leverkusen,0.20216442696933956,-0.1462331328340976,0.3483975598034372
2021-12-01,Wolfsburg,0.06218298871937915,-0.14149758511226582,0.20368057383164495
2021-12-01,M'gladbach,0.14877530341744832,-0.02814786892455218,0.1769231723420005
2021-12-01,Hoffenheim,0.17973628538756112,0.01435079668933949,0.16538548869822162
2021-12-01,Ein Frankfurt,0.15621178180586948,-0.005907450328129012,0.16211923213399848
2021-12-01,Freiburg,0.007116770901115753,-0.1062573921167455,0.11337416301786124
2021-12-01,Union Berlin,-0.0014158731485482236,-0.07945840604110667,0.07804253289255844
2021-12-01,Mainz,-0.11452896290692796,-0.039305111026613965,-0.075223851880314
2021-12-01,Stuttgart,0.005211335850253772,0.08671769278673273,-0.08150635693647897
2021-12-01,FC Koln,-0.051270061921865256,0.11857844758108096,-0.16984850950294622
2021-12-01,Hertha,-0.15853665282751145,0.06347503832731377,-0.22201169115482522
2021-12-01,Augsburg,-0.1974417287634155,0.05539132771242115,-0.25283305647583665
2021-12-01,Bielefeld,-0.4520219573092871,-0.06298032496862263,-0.38904163234066447
2021-12-01,Bochum,-0.36949291916684274,0.057286743257503735,-0.42677966242434645
2021-12-01,Greuther Furth,-0.38099218114059197,0.5893056465064145,-0.9702978276470065
2022-01-01,Bayern Munich,0.6759540655036126,-0.26857311745357976,0.9445271829571924
2022-01-01,Dortmund,0.41349191268220387,-0.06622626090116478,0.47971817358336866
2022-01-01,RB Leipzig,0.19771376196809737,-0.24039897809664282,0.4381127400647402
2022-01-01,Leverkusen,0.24347383253335503,-0.06800756152147736,0.3114813940548324
2022-01-01,Ein Frankfurt,0.21190774425186037,0.002307911127812563,0.2095998331240478
2022-01-01,Freiburg,0.05118371142156434,-0.15221954439761343,0.20340325581917776
2022-01-01,Hoffenheim,0.19261744628713265,0.0035029446622950678,0.1891145016248376
2022-01-01,Union Berlin,-0.061461462615109146,-0.12733778413961422,0.06587632152450507
2022-01-01,Wolfsburg,0.0020762331472189317,-0.05307366546693969,0.055149898614158616
2022-01-01,M'gladbach,0.12215865399886654,0.07148051293577494,0.0506781410630916
2022-01-01,Mainz,-0.06778634501779297,-0.10257580492606282,0.03478945990826984
2022-01-01,Stuttgart,-0.022620737588489894,0.09405094575436954,-0.11667168334285943
2022-01-01,FC Koln,-0.06219439038763881,0.10489942947830291,-0.16709381986594174
2022-01-01,Hertha,-0.12136648440574788,0.08518237754247197,-0.20654886194821986
2022-01-01,Augsburg,-0.20922279970924834,0.03165503373549855,-0.2408778334447469
2022-01-01,Bielefeld,-0.4126118522349118,-0.10209088130539576,-0.310520970929516
2022-01-01,Bochum,-0.36080995378770536,0.06426454988098568,-0.42507450366869104
2022-01-01,Greuther Furth,-0.45408253676631594,0.5368039616643417,-0.9908864984306577
2022-02-01,Bayern Munich,0.6652203314204309,-0.2733118255405162,0.938532156960947
2022-02-01,Dortmund,0.4567675166900691,-0.06122254040485453,0.5179900570949236
2022-02-01,RB Leipzig,0.2230640852752668,-0.27403927533122174,0.4971033606064885
2022-02-01,Leverkusen,0.27596062116982034,-0.06310341706508318,0.3390640382349035
2022-02-01,Hoffenheim,0.19522513330632776,0.020757198920922013,0.17446793438540575
2022-02-01,Freiburg,0.05224279887036428,-0.10219468822334936,0.15443748709371363
2022-02-01,Ein Frankfurt,0.1735150253907908,0.025623465092764787,0.14789156029802603
2022-02-01,Union Berlin,-0.031501433964679144,-0.13936800059104645,0.10786656662636732
2022-02-01,M'gladbach,0.10958241564479936,0.05095389419070462,0.05862852145409474
2022-02-01,Wolfsburg,-0.06742042974012566,-0.07060174538203229,0.003181315641906629
2022-02-01,Mainz,-0.09408703667391445,-0.06672122347699447,-0.027365813196919983
2022-02-01,FC Koln,-0.04424780447882625,0.1245108548806825,-0.16875865935950876
2022-02-01,Stuttgart,-0.10565913907167682,0.07696553785395953,-0.18262467692563633
2022-02-01,Bielefeld,-0.3447716531927988,-0.10038941933509403,-0.24438223385770474
2022-02-01,Hertha,-0.1534875904673335,0.10016353370279134,-0.25365112417012486
2022-02-01,Augsburg,-0.21495066482589023,0.07502386777644122,-0.28997453260233147
2022-02-01,Bochum,-0.36729334047592826,0.035988097250852315,-0.4032814377267806
2022-02-01,Greuther Furth,-0.4052384165996286,0.47601376439248727,-0.8812521809921159
2022-03-01,Bayern Munich,0.6336701192538644,-0.22674954508304077,0.8604196643369052
2022-03-01,RB Leipzig,0.2716128147169127,-0.27609981189091115,0.5477126266078238
2022-03-01,Dortmund,0.473091056710552,-0.05877827185416695,0.5318693285647189
2022-03-01,Leverkusen,0.33907547933217147,-0.04366351968786869,0.38273899902004016
2022-03-01,Hoffenheim,0.17207403845835717,-0.003453995800336266,0.17552803425869343
2022-03-01,Freiburg,0.03591935067251465,-0.12943467500654052,0.16535402567905516
2022-03-01,Ein Frankfurt,0.11297078580844429,0.005692835437892519,0.10727795037055177
2022-03-01,Wolfsburg,-0.03754877214077391,-0.08375790403821515,0.04620913189744124
2022-03-01,Union Berlin,-0.07735120101188554,-0.11161057668064318,0.03425937566875764
2022-03-01,Mainz,-0.06796314108725686,-0.0715160910408952,0.0035529499536383347
2022-03-01,M'gladbach,0.09907330201985177,0.10889004471192601,-0.009816742692074235
2022-03-01,FC Koln,-0.08579330547680532,0.08033654912881466,-0.16612985460561996
2022-03-01,Stuttgart,-0.09531697677494962,0.11325356357024147,-0.20857054034519107
2022-03-01,Augsburg,-0.1980564887199811,0.06057680432521846,-0.25863329304519955
2022-03-01,Bochum,-0.2991594629610339,-0.01677234374163138,-0.2823871192194025
2022-03-01,Bielefeld,-0.3932198216350891,-0.10573635434784602,-0.2874834672872431
2022-03-01,Hertha,-0.19257805158896665,0.17189762202184422,-0.3644756736108109
2022-03-01,Greuther Furth,-0.3728149190877768,0.44905380580403353,-0.8218687248918104
2022-04-01,Bayern Munich,0.6198339735363523,-0.24620490947280907,0.8660388830091613
2022-04-01,RB Leipzig,0.28133727409185905,-0.27940991682512056,0.5607471909169797
2022-04-01,Dortmund,0.4447419196533823,-0.0908823144957009,0.5356242341490832
2022-04-01,Leverkusen,0.31670258641355364,-0.0857740936353313,0.4024766800488849
2022-04-01,Freiburg,0.03537933918787308,-0.13465487748867525,0.17003421667654833
2022-04-01,Ein Frankfurt,0.13674955758961974,-0.017872717283106403,0.15462227487272615
2022-04-01,Hoffenheim,0.13755290933354786,-0.010489830960943624,0.1480427402944915
2022-04-01,Mainz,-0.03819939085864124,-0.08207444559049498,0.04387505473185374
2022-04-01,Wolfsburg,-0.04123124639936459,-0.06175894332151789,0.020527696922153303
2022-04-01,M'gladbach,0.11690765376135238,0.10427822018052867,0.012629433580823718
2022-04-01,Union Berlin,-0.11237719604503324,-0.08793740231296224,-0.024439793732071002
2022-04-01,FC Koln,-0.11055963198417192,0.029908177129776992,-0.1404678091139489
2022-04-01,Stuttgart,-0.04009379922499701,0.13365237126822987,-0.17374617049322688
2022-04-01,Augsburg,-0.16985457961723924,0.0756749155364076,-0.24552949515364683
2022-04-01,Bochum,-0.32911675827135634,0.016517501858144757,-0.3456342601295011
2022-04-01,Hertha,-0.17651910814685173,0.18595577562402316,-0.3624748837708749
2022-04-01,Bielefeld,-0.44269735807079097,-0.07170802890902139,-0.3709893291617696
2022-04-01,Greuther Furth,-0.3887377963953612,0.4794479688615664,-0.8681857652569276
2022-05-01,Bayern Munich,0.6074230361819705,-0.25669554269085454,0.864118578872825
2022-05-01,RB Leipzig,0.2955686562454184,-0.32506930712246096,0.6206379633678794
2022-05-01,Dortmund,0.4633732158746341,-0.026680116260391164,0.4900533321350253
2022-05-01,Leverkusen,0.2808428624971394,-0.11369233018351671,0.3945351926806561
2022-05-01,Freiburg,0.11012102735954062,-0.0771562603829811,0.18727728774252173
2022-05-01,Ein Frankfurt,0.07412387362552632,-0.011509984985662984,0.0856338586111893
2022-05-01,Union Berlin,-0.07365721848143347,-0.13642853552647977,0.0627713170450463
2022-05-01,Hoffenheim,0.09814864415719782,0.04032815495060098,0.05782048920659684
2022-05-01,Wolfsburg,0.02132102387159295,-0.017537056302677035,0.038858080174269984
2022-05-01,M'gladbach,0.1140275754916629,0.11731033987437497,-0.003282764382712078
2022-05-01,Mainz,-0.05493886522029197,-0.04215216667689201,-0.012786698543399956
2022-05-01,FC Koln,-0.005029101212549793,0.019115592795041995,-0.02414469400759179
2022-05-01,Augsburg,-0.16770767665602826,0.04264972420952771,-0.21035740086555596
2022-05-01,Stuttgart,-0.12205001006515317,0.09964188255049496,-0.22169189261564815
2022-05-01,Bochum,-0.293994754076923,0.023359633367105875,-0.3173543874440289
2022-05-01,Hertha,-0.17569603952305313,0.16679480652504786,-0.342490846048101
2022-05-01,Bielefeld,-0.47635616927707464,0.003501057812783234,-0.4798572270898579
2022-05-01,Greuther Furth,-0.4726351720073191,0.38211388172432614,-0.8547490537316452
2022-08-01,Bayern Munich,0.5730183226605086,-0.22523199407727498,0.7982503167377836
2022-08-01,RB Leipzig,0.2774913694745602,-0.29902479279485356,0.5765161622694137
2022-08-01,Dortmund,0.4336331098876759,-0.036658610041750736,0.47029171992942664
2022-08-01,Leverkusen,0.2853014624581207,-0.13164095859910507,0.4169424210572258
2022-08-01,Freiburg,0.08768246036689607,-0.042613121322425326,0.1302955816893214
2022-08-01,Union Berlin,-0.014311273069423008,-0.1268849624143304,0.11257368934490738
2022-08-01,M'gladbach,0.15290249250941296,0.07815110435972054,0.07475138814969241
2022-08-01,Wolfsburg,0.014063752844611683,-0.04947415375555575,0.06353790660016743
2022-08-01,Ein Frankfurt,0.042469245717012924,-0.020296896098689,0.06276614181570192
2022-08-01,Mainz,-0.04683840204838882,-0.040844620490675436,-0.005993781557713386
2022-08-01,Hoffenheim,0.08666626465799622,0.09819553256565029,-0.011529267907654073
2022-08-01,FC Koln,-0.043013615627204564,0.010662091775907429,-0.05367570740311199
2022-08-01,Bochum,-0.1617137240320717,-0.010999574046352425,-0.15071414998571928
2022-08-01,Stuttgart,-0.09982306213873432,0.06789572642467694,-0.16771878856341127
2022-08-01,Augsburg,-0.18011229277910937,0.05708272865934955,-0.23719502143845891
2022-08-01,Hertha,-0.1844991541644801,0.14657562787784592,-0.331074782042326
2022-08-01,Werder Bremen,-0.2694093082449687,0.1624545227635424,-0.4318638310085111
2022-08-01,Schalke 04,-0.42621088509198984,0.3401902131008949,-0.7664010981928848
2022-09-01,Bayern Munich,0.6145876215756036,-0.2679217341106405,0.8825093556862442
2022-09-01,RB Leipzig,0.25676786106708455,-0.27998943638757384,0.5367572974546584
2022-09-01,Dortmund,0.399137120548009,-0.06361454814990804,0.462751668697917
2022-09-01,Leverkusen,0.23232225255945838,-0.12713607144370973,0.35945832400316813
2022-09-01,Union Berlin,0.06060500187433677,-0.15128232299391067,0.21188732486824743
2022-09-01,Freiburg,0.08784023772699134,-0.08424972448094264,0.172089962207934
2022-09-01,M'gladbach,0.13851884595402647,0.03156777652560862,0.10695106942841785
2022-09-01,Hoffenheim,0.10316128299536469,0.07453834473736287,0.028622938258001815
2022-09-01,Ein Frankfurt,0.05669928866847279,0.05000140034794412,0.006697888320528672
2022-09-01,Wolfsburg,-0.06082844764145887,-0.06369784532505526,0.0028693976835963905
2022-09-01,Mainz,-0.07258361622573048,-0.047322150124118924,-0.025261466101611556
2022-09-01,FC Koln,-0.04878883725381222,-0.01834268142272688,-0.030446155831085342
2022-09-01,Stuttgart,-0.14151562737590953,0.02510739003549424,-0.16662301741140378
2022-09-01,Augsburg,-0.21017163735618555,0.07152416755981078,-0.28169580491599633
2022-09-01,Bochum,-0.19754470613242373,0.10722870120401772,-0.3047734073364414
2022-09-01,Werder Bremen,-0.08646383781740263,0.22554327362475468,-0.3120071114421573
2022-09-01,Hertha,-0.236872032656554,0.11654372943535402,-0.353415762091908
2022-09-01,Schalke 04,-0.4098319586294603,0.3933435892342993,-0.8031755478637597
2022-10-01,Bayern Munich,0.5909360121038276,-0.2594779820191397,0.8504139941229674
2022-10-01,RB Leipzig,0.23645397430514228,-0.209168661609144,0.4456226359142863
2022-10-01,Dortmund,0.3437953841409617,-0.06761283050100536,0.4114082146419671
2022-10-01,Union Berlin,0.06292988566531411,-0.1979361150622484,0.2608660007275625
2022-10-01,Leverkusen,0.21443740781087892,-0.045891624158119496,0.2603290319689984
2022-10-01,Freiburg,0.07020410707240846,-0.11429743704533027,0.18450154411773872
2022-10-01,M'gladbach,0.12612237651391126,-0.012745938251764479,0.13886831476567574
2022-10-01,Ein Frankfurt,0.10310820247426791,0.029637233456092153,0.07347096901817576
2022-10-01,Hoffenheim,0.09988767295214021,0.043687129866788424,0.05620054308535179
2022-10-01,FC Koln,-0.021102297323230233,-0.004795423703209001,-0.016306873620021232
2022-10-01,Wolfsburg,-0.0596706189853235,-0.02355630878024583,-0.03611431020507767
2022-10-01,Mainz,-0.07951977431933151,-0.020372013941849364,-0.05914776037748214
2022-10-01,Stuttgart,-0.13261336925826786,0.05089809448979073,-0.1835114637480586
2022-10-01,Augsburg,-0.23311340294559255,0.03903936220651178,-0.27215276515210435
2022-10-01,Werder Bremen,-0.11728338358414973,0.1656227992015985,-0.28290618278574825
2022-10-01,Hertha,-0.19250154272921843,0.1085020790561296,-0.301003621785348
2022-10-01,Bochum,-0.24344932612270886,0.1578118331435799,-0.4012611592662888
2022-10-01,Schalke 04,-0.35945837364394995,0.3292336246098907,-0.6886919982538406
2022-11-01,Bayern Munich,0.6105017243500368,-0.2919759198521508,0.9024776442021876
2022-11-01,RB Leipzig,0.2495634124964751,-0.20928399947692344,0.4588474119733985
2022-11-01,Dortmund,0.33884939187417557,-0.08331731310010469,0.42216670497428027
2022-11-01,Union Berlin,0.013727854568121482,-0.2383744133206288,0.2521022678887503
2022-11-01,Leverkusen,0.18713893316001234,-0.015827878120526252,0.2029668112805386
2022-11-01,Freiburg,0.04650953430312998,-0.11246767129038929,0.15897720559351927
2022-11-01,Ein Frankfurt,0.12017503044065977,-0.0006729701347998933,0.12084800057545966
2022-11-01,M'gladbach,0.13538447615246746,0.06670122468938854,0.06868325146307892
2022-11-01,Hoffenheim,0.03811859912016905,-0.0023314777735755554,0.04045007689374461
2022-11-01,Wolfsburg,-0.010174365355102489,-0.0379876668908711,0.027813301535768616
2022-11-01,Mainz,-0.01628301482545958,-0.03158648258137789,0.015303467755918308
2022-11-01,FC Koln,-0.012375553311249371,0.08343620945039953,-0.0958117627616489
2022-11-01,Stuttgart,-0.12222191523424841,0.0795551540934372,-0.20177706932768563
2022-11-01,Werder Bremen,-0.11077065407687653,0.09759119782950851,-0.20836185190638504
2022-11-01,Augsburg,-0.17349043785250282,0.07648079423084733,-0.24997123208335015
2022-11-01,Hertha,-0.20021634664477025,0.09250588157812167,-0.29272222822289196
2022-11-01,Bochum,-0.2343183069446291,0.2054210016882977,-0.43973930863292676
2022-11-01,Schalke 04,-0.4452923254967666,0.3846867453596698,-0.8299790708564364
2022-12-01,Bayern Munich,0.6169567681935553,-0.2857627000335302,0.9027194682270855
2022-12-01,RB Leipzig,0.2728953674794049,-0.21934673101033966,0.49224209848974454
2022-12-01,Dortmund,0.31845479953128464,-0.05973476318579377,0.37818956271707843
2022-12-01,Leverkusen,0.22278827760370334,-0.06221179342090481,0.28500007102460817
2022-12-01,Freiburg,0.07914230257615221,-0.1161743266544014,0.1953166292305536
2022-12-01,Ein Frankfurt,0.14096383080804487,-0.005413141154675039,0.1463769719627199
2022-12-01,Wolfsburg,0.02739136462944042,-0.09597995117879136,0.12337131580823178
2022-12-01,Union Berlin,-0.00025125706986054287,-0.12000065640978753,0.119749399339927
2022-12-01,M'gladbach,0.1591467366691925,0.07114027383870151,0.08800646283049098
2022-12-01,Hoffenheim,0.033611197188833736,0.05128725589838324,-0.017676058709549504
2022-12-01,Mainz,-0.07923897374343601,-0.019040174803832022,-0.06019879893960399
2022-12-01,FC Koln,-0.06242628752348802,0.08918138079882394,-0.15160766832231196
2022-12-01,Stuttgart,-0.13774644086899382,0.0825764659549087,-0.22032290682390251
2022-12-01,Hertha,-0.18027803065992293,0.08143989241199293,-0.2617179230719159
2022-12-01,Augsburg,-0.1881790793086544,0.07919936949807078,-0.2673784488067252
2022-12-01,Werder Bremen,-0.1174011406401337,0.1506876829615702,-0.2680888236017039
2022-12-01,Bochum,-0.24696213627237076,0.16375779020254008,-0.41071992647491085
2022-12-01,Schalke 04,-0.4756833569731241,0.32520683854546334,-0.8008901955185874
2023-01-01,Bayern Munich,0.6096110341620522,-0.2794971314845338,0.889108165646586
2023-01-01,RB Leipzig,0.26783434301025943,-0.2165204261807445,0.48435476919100395
2023-01-01,Dortmund,0.31330121404726596,-0.059276165506706995,0.37257737955397296
2023-01-01,Leverkusen,0.21829192972313252,-0.06110741923000761,0.2793993489531401
2023-01-01,Freiburg,0.0760032275882201,-0.11382508819226513,0.18982831578048523
2023-01-01,Ein Frankfurt,0.1376593644457005,-0.005884596400526734,0.14354396084622725
2023-01-01,Wolfsburg,0.023280089680977764,-0.0942366069364565,0.11751669661743426
2023-01-01,Union Berlin,-0.0027797731517228987,-0.11864594324905534,0.11586617009733244
2023-01-01,M'gladbach,0.1554873597707873,0.07184889367347391,0.08363846609731337
2023-01-01,Hoffenheim,0.03130148405007407,0.051333566970209514,-0.020032082920135447
2023-01-01,Mainz,-0.0807689387906705,-0.019395936958827926,-0.06137300183184258
2023-01-01,FC Koln,-0.06414706607203788,0.08774247446602468,-0.15188954053806256
2023-01-01,Stuttgart,-0.13709381679318505,0.0806002333310054,-0.21769405012419046
2023-01-01,Hertha,-0.18029916497357862,0.08026983294426764,-0.26056899791784627
2023-01-01,Augsburg,-0.18787568601843402,0.07773786662273623,-0.26561355264117026
2023-01-01,Werder Bremen,-0.12474991020499132,0.15373627451396035,-0.2784861847189517
2023-01-01,Bochum,-0.24460836522917132,0.16146584145526527,-0.4060742066844366
2023-01-01,Schalke 04,-0.475065615367594,0.3260698341220927,-0.8011354494896867
2023-02-01,Bayern Munich,0.5422429498226086,-0.3018499967086155,0.8440929465312241
2023-02-01,RB Leipzig,0.2848898574884213,-0.22994077000750965,0.514830627495931
2023-02-01,Dortmund,0.3228251456312082,-0.07361850825214566,0.39644365388335384
2023-02-01,Leverkusen,0.1877397793333658,-0.07655288727829444,0.26429266661166023
2023-02-01,Wolfsburg,0.11963586235394233,-0.1285972684367893,0.24823313079073164
2023-02-01,Ein Frankfurt,0.11954056079029092,-0.07039664286210286,0.18993720365239378
2023-02-01,Union Berlin,0.019263344452015944,-0.15363089840349767,0.1728942428555136
2023-02-01,Freiburg,0.05155672270149837,-0.053618676690113554,0.10517539939161193
2023-02-01,M'gladbach,0.15464336274999732,0.06268934319867099,0.09195401955132633
2023-02-01,Mainz,-0.04963608411897796,-0.012582261765746297,-0.037053822353231666
2023-02-01,FC Koln,-0.021029262560009792,0.025399937020125486,-0.04642919958013528
2023-02-01,Hoffenheim,0.006683798109613544,0.10660740370081338,-0.09992360559119984
2023-02-01,Stuttgart,-0.13809189174169373,0.06138442302214996,-0.1994763147638437
2023-02-01,Augsburg,-0.16730981547787357,0.08255176573144962,-0.2498615812093232
2023-02-01,Werder Bremen,-0.13238643109343856,0.24346301893993935,-0.3758494500333779
2023-02-01,Hertha,-0.23846080388101742,0.14816839981047378,-0.38662920369149123
2023-02-01,Bochum,-0.20971940599992214,0.19142614905777708,-0.4011455550576992
2023-02-01,Schalke 04,-0.5398842978277315,0.35534027149418534,-0.8952245693219169
2023-03-01,Bayern Munich,0.561064879299879,-0.27941909549332494,0.840483974793204
2023-03-01,RB Leipzig,0.2753770659932567,-0.25172287625223844,0.5270999422454952
2023-03-01,Dortmund,0.357223682711286,-0.11462636959351981,0.4718500523048058
2023-03-01,Leverkusen,0.1807409758794904,-0.06206198511181477,0.24280296099130516
2023-03-01,Wolfsburg,0.09685044164618656,-0.09932709884878388,0.19617754049497044
2023-03-01,Ein Frankfurt,0.11093143722265712,-0.06944004928445452,0.18037148650711166
2023-03-01,Union Berlin,-0.004270337278410405,-0.16518935674553492,0.1609190194671245
2023-03-01,Freiburg,0.05092564781433389,-0.030844997337207438,0.08177064515154132
2023-03-01,Mainz,0.039399203190314674,-0.019015534396299844,0.058414737586614515
2023-03-01,M'gladbach,0.11997017562640719,0.11992773263170164,4.24429947055438e-05
2023-03-01,FC Koln,-0.05277257987402682,0.0173345655613242,-0.07010714543535101
2023-03-01,Hoffenheim,-0.035556096996404746,0.15710977947297738,-0.19266587646938213
2023-03-01,Stuttgart,-0.1416887921230043,0.07752612786506995,-0.21921491998807424
2023-03-01,Augsburg,-0.20258986161589335,0.06994593885477819,-0.27253580047067155
2023-03-01,Werder Bremen,-0.13936441607355285,0.18843705302310682,-0.32780146909665964
2023-03-01,Hertha,-0.18702790487712187,0.16178845202871095,-0.3488163569058328
2023-03-01,Bochum,-0.2021271099805081,0.21771626095830798,-0.4198433709388161
2023-03-01,Schalke 04,-0.5735803278066964,0.24306254306137634,-0.8166428708680727
2023-04-01,Bayern Munich,0.565137422389168,-0.21829520677507505,0.783432629164243
2023-04-01,RB Leipzig,0.252264039655808,-0.2586477829224319,0.5109118225782399
2023-04-01,Dortmund,0.393901492489173,-0.09385396131014341,0.4877554537993164
2023-04-01,Leverkusen,0.22141956298070664,-0.06115387442881569,0.28257343740952234
2023-04-01,Wolfsburg,0.08675040826325982,-0.10389375672906188,0.1906441649923217
2023-04-01,Union Berlin,-0.02484550684992706,-0.20218824796076384,0.17734274111083678
2023-04-01,Ein Frankfurt,0.07367984671257326,-0.04880487133038815,0.1224847180429614
2023-04-01,Freiburg,0.027867931174290293,-0.0649616460407558,0.09282957721504609
2023-04-01,Mainz,0.009743843991071163,-0.042458994157982335,0.0522028381490535
2023-04-01,M'gladbach,0.0777751037991246,0.12151132252668659,-0.04373621872756199
2023-04-01,FC Koln,-0.09379227697774696,0.06357726290806613,-0.1573695398858131
2023-04-01,Hoffenheim,-0.03700687854557353,0.14590320395549783,-0.18291008250107135
2023-04-01,Stuttgart,-0.1661702035237728,0.0563202492280963,-0.2224904527518691
2023-04-01,Augsburg,-0.16512951040969776,0.10203286225145224,-0.26716237266115
2023-04-01,Werder Bremen,-0.11333969160316017,0.21749652848779472,-0.33083622009095487
2023-04-01,Bochum,-0.21517127223086738,0.16073614033483952,-0.3759074125657069
2023-04-01,Hertha,-0.19028885463704015,0.1928718441827254,-0.38316069881976556
2023-04-01,Schalke 04,-0.4903916508486483,0.20605295530736994,-0.6964446061560182
2023-05-01,Bayern Munich,0.5191152278113282,-0.2119347966171209,0.7310500244284491
2023-05-01,Dortmund,0.409547668721454,-0.06437145580453456,0.47391912452598856
2023-05-01,RB Leipzig,0.18793855714784188,-0.22528928502708043,0.4132278421749223
2023-05-01,Leverkusen,0.20979833900617673,-0.1473403189611919,0.35713865796736866
2023-05-01,Wolfsburg,0.10436310741378564,-0.11775695899331141,0.22212006640709706
2023-05-01,Union Berlin,-0.054068429708609034,-0.2531755872480573,0.19910715753944824
2023-05-01,Freiburg,0.019523336473561224,-0.1171455930839902,0.13666892955755142
2023-05-01,Mainz,0.038671631948451954,-0.05250677789284023,0.09117840984129219
2023-05-01,Ein Frankfurt,0.026155717134821822,-0.008971350423153371,0.03512706755797519
2023-05-01,M'gladbach,0.030481232361374594,0.0708350639488082,-0.04035383158743361
2023-05-01,FC Koln,-0.09698686097949132,0.022540218916129142,-0.11952707989562046
2023-05-01,Hoffenheim,-0.05871141787270738,0.10244347272489071,-0.16115489059759808
2023-05-01,Stuttgart,-0.11463045361418553,0.08985838171914548,-0.204488835333331
2023-05-01,Augsburg,-0.14581012743870675,0.12175329260385098,-0.26756342004255773
2023-05-01,Werder Bremen,-0.0733603854950623,0.25130519028852516,-0.32466557578358746
2023-05-01,Bochum,-0.20555008644160272,0.20799299118628306,-0.4135430776278858
2023-05-01,Hertha,-0.19833005697431533,0.23214707963092163,-0.43047713660523695
2023-05-01,Schalke 04,-0.4354067076392406,0.2614140681503744,-0.696820775789615
2023-08-01,Bayern Munich,0.5171706462864041,-0.22704478313786794,0.744215429424272
2023-08-01,Dortmund,0.46573027651076976,-0.10921520379188597,0.5749454803026557
2023-08-01,RB Leipzig,0.21575225705245757,-0.26856573740864637,0.4843179944611039
2023-08-01,Leverkusen,0.16512532139674554,-0.127365466874167,0.29249078827091257
2023-08-01,Union Berlin,-0.02962226452944438,-0.2313415784064142,0.2017193138769698
2023-08-01,Freiburg,0.023772792888373032,-0.12673143791961067,0.1505042308079837
2023-08-01,Wolfsburg,0.05705033412424963,-0.07578078230304135,0.13283111642729098
2023-08-01,Ein Frankfurt,0.055386849797691325,-0.035638096287168124,0.09102494608485945
2023-08-01,Mainz,0.02444932983639074,-0.005154852541411549,0.02960418237780229
2023-08-01,M'gladbach,0.057119146749026795,0.030996505040726662,0.026122641708300132
2023-08-01,FC Koln,-0.03854876981335317,-0.023208670221694955,-0.015340099591658218
2023-08-01,Hoffenheim,0.004378636282690497,0.05894392740544914,-0.054565291122758645
2023-08-01,Stuttgart,-0.08021766136127191,0.033892079343508054,-0.11410974070477997
2023-08-01,Werder Bremen,-0.04720657123834626,0.1244224834966133,-0.17162905473495957
2023-08-01,Augsburg,-0.16456516770369575,0.09027381881730887,-0.2548389865210046
2023-08-01,Bochum,-0.15633060765493592,0.13935046744062088,-0.2956810750955568
2023-08-01,Heidenheim,-0.3,0.3,-0.6
2023-08-01,Darmstadt,-0.3,0.3,-0.6
2023-09-01,Bayern Munich,0.5229091812429315,-0.25393312122671907,0.7768423024696506
2023-09-01,Dortmund,0.422397654762344,-0.14431177024799716,0.5667094250103412
2023-09-01,RB Leipzig,0.2568432041477073,-0.2416633692656634,0.4985065734133707
2023-09-01,Leverkusen,0.1996370123501707,-0.15197968085463645,0.35161669320480715
2023-09-01,Union Berlin,0.04263490125284943,-0.23314133044425653,0.27577623169710597
2023-09-01,Freiburg,0.012848245399351114,-0.16141872005608868,0.1742669654554398
2023-09-01,Wolfsburg,0.05456991071566214,-0.10564732312829682,0.16021723384395897
2023-09-01,Ein Frankfurt,0.01931986767761602,-0.07061479629621212,0.08993466397382814
2023-09-01,Mainz,0.012765394739264586,0.01427463616013447,-0.0015092414208698838
2023-09-01,M'gladbach,0.07095757907759964,0.08018128328667241,-0.009223704209072772
2023-09-01,FC Koln,-0.06870904113355542,-0.04709565390945164,-0.021613387224103775
2023-09-01,Hoffenheim,0.015345581368090519,0.06961404617492159,-0.05426846480683107
2023-09-01,Stuttgart,-0.023401205164771628,0.052075118670426836,-0.07547632383519846
2023-09-01,Werder Bremen,-0.10074415937660129,0.12008161676230732,-0.2208257761389086
2023-09-01,Augsburg,-0.11529297688126106,0.11393401440402431,-0.22922699128528537
2023-09-01,Bochum,-0.18595971471066006,0.15499746935746447,-0.34095718406812453
2023-09-01,Heidenheim,-0.31827691883324943,0.35260381926013373,-0.6708807380933832
2023-09-01,Darmstadt,-0.37486138462271684,0.3561374647785961,-0.7309988494013129
2023-10-01,Bayern Munich,0.5276572192252353,-0.26064598523297594,0.7883032044582112
2023-10-01,RB Leipzig,0.2535435624359019,-0.3097244594573548,0.5632680218932566
2023-10-01,Dortmund,0.4006024410588376,-0.15237465652223053,0.5529770975810682
2023-10-01,Leverkusen,0.23979118489458057,-0.18559940977435796,0.4253905946689385
2023-10-01,Wolfsburg,0.025062665664482706,-0.13351728646416489,0.1585799521286476
2023-10-01,Union Berlin,-0.06223306050912177,-0.1904953013761653,0.12826224086704352
2023-10-01,Freiburg,-0.036009759747141,-0.09395622651054931,0.05794646676340832
2023-10-01,Stuttgart,0.04756233165430911,-0.0077929996075512455,0.05535533126186036
2023-10-01,Ein Frankfurt,-0.07640727821455542,-0.09809518195169306,0.021687903737137637
2023-10-01,Hoffenheim,0.05206915213463871,0.032706443932475814,0.019362708202162897
2023-10-01,M'gladbach,0.053466683293535315,0.07019655542287806,-0.016729872129342745
2023-10-01,FC Koln,-0.13224345110587385,-0.020532700836196748,-0.1117107502696771
2023-10-01,Mainz,-0.06986057179275838,0.0910178694424779,-0.16087844123523629
2023-10-01,Werder Bremen,-0.053494495820943885,0.12683316050432145,-0.18032765632526532
2023-10-01,Augsburg,-0.13974609451746353,0.11887648372690467,-0.2586225782443682
2023-10-01,Heidenheim,-0.09752614520353677,0.2437095729189391,-0.3412357181224759
2023-10-01,Bochum,-0.21654664766098533,0.21186464320016665,-0.428411290861152
2023-10-01,Darmstadt,-0.24307626710445693,0.5008240249521401,-0.743900292056597
2023-11-01,Bayern Munich,0.5488678662159799,-0.30941430941859344,0.8582821756345733
2023-11-01,RB Leipzig,0.2539410894787071,-0.3522806227580022,0.6062217122367093
2023-11-01,Dortmund,0.3913167924102996,-0.13592459034061333,0.5272413827509129
2023-11-01,Leverkusen,0.23562703023626222,-0.22335009220926197,0.4589771224455242
2023-11-01,Stuttgart,0.07965802266963519,-0.025349638513517726,0.10500766118315291
2023-11-01,Wolfsburg,0.005241287133815179,-0.08751715632158455,0.09275844345539973
2023-11-01,Ein Frankfurt,-0.04248964867798916,-0.11722823619999424,0.07473858752200507
2023-11-01,Freiburg,-0.06279093173273502,-0.12196295496980013,0.05917202323706511
2023-11-01,Union Berlin,-0.11043126450302022,-0.13100587136908198,0.02057460686606176
2023-11-01,Hoffenheim,0.06982454636222842,0.05313489046702221,0.016689655895206205
2023-11-01,M'gladbach,0.025458943679062724,0.07695123560841814,-0.05149229192935542
2023-11-01,Mainz,-0.06368019302937374,0.0891658660363485,-0.15284605906572224
2023-11-01,FC Koln,-0.14833406126369317,0.026318853655313963,-0.17465291491900714
2023-11-01,Werder Bremen,-0.07711396493376219,0.11560066568854643,-0.19271463062230862
2023-11-01,Augsburg,-0.10522707659620142,0.1258246523029347,-0.2310517288991361
2023-11-01,Bochum,-0.22986147832465037,0.16168608847793683,-0.3915475668025872
2023-11-01,Heidenheim,-0.17356706557415139,0.3408609315261133,-0.5144279971002647
2023-11-01,Darmstadt,-0.13770211870914195,0.5271310807366943,-0.6648331994458363
2023-12-01,Bayern Munich,0.5625060183779375,-0.3313860555530142,0.8938920739309517
2023-12-01,RB Leipzig,0.24377565302977952,-0.30613134138736564,0.5499069944171452
2023-12-01,Leverkusen,0.29667388889885965,-0.23958828278680533,0.536262171685665
2023-12-01,Dortmund,0.3810874438769424,-0.07659968711365966,0.45768713099060204
2023-12-01,Stuttgart,0.0772269240251011,-0.028075932840345652,0.10530285686544676
2023-12-01,Ein Frankfurt,-0.003961204490780715,-0.10264014220036285,0.09867893770958214
2023-12-01,Wolfsburg,0.003803883391413878,-0.040011127154152795,0.04381501054556668
2023-12-01,Freiburg,-0.06084302045470507,-0.0715707338280727,0.010727713373367635
2023-12-01,M'gladbach,0.10973133495484709,0.10396458589013266,0.00576674906471443
2023-12-01,Hoffenheim,0.05848642780463878,0.06410501690212218,-0.0056185890974834035
2023-12-01,Union Berlin,-0.1491031308184007,-0.06075225518170858,-0.08835087563669214
2023-12-01,Mainz,-0.08396986943817991,0.032163988545323416,-0.11613385798350333
2023-12-01,FC Koln,-0.18009902692870453,0.0019005968022425658,-0.18199962373094708
2023-12-01,Werder Bremen,-0.06356101931998138,0.15192727239642048,-0.21548829171640188
2023-12-01,Augsburg,-0.10847166413231747,0.10944353411152258,-0.21791519824384004
2023-12-01,Bochum,-0.2504518909653144,0.13022681633495034,-0.38067870730026476
2023-12-01,Heidenheim,-0.1815198121612363,0.23172064897471972,-0.413240461135956
2023-12-01,Darmstadt,-0.24371901814806946,0.43033907292657886,-0.6740580910746483
2024-01-01,Bayern Munich,0.5566607706359021,-0.26820766102980664,0.8248684316657088
2024-01-01,Leverkusen,0.3023413088442041,-0.2765774628461198,0.5789187716903239
2024-01-01,RB Leipzig,0.24917591562596592,-0.288960912059586,0.5381368276855519
2024-01-01,Dortmund,0.3460656504571241,-0.07052140810133861,0.41658705855846273
2024-01-01,Stuttgart,0.06762115371096737,-0.06277180359676422,0.1303929573077316
2024-01-01,Ein Frankfurt,0.03541377140259871,-0.08969286567749069,0.1251066370800894
2024-01-01,Freiburg,-0.0501229601162679,-0.09781954414545244,0.04769658402918454
2024-01-01,Wolfsburg,-0.04128111957143755,-0.03118699965052068,-0.01009411992091687
2024-01-01,M'gladbach,0.10100142617270874,0.13395885942059088,-0.03295743324788214
2024-01-01,Hoffenheim,0.07181246514139218,0.10648606771320995,-0.03467360257181777
2024-01-01,Union Berlin,-0.13248832472797,-0.043780580819300426,-0.08870774390866959
2024-01-01,Mainz,-0.15852994981080404,-0.009792889340122115,-0.14873706047068191
2024-01-01,Werder Bremen,-0.06839714968839966,0.12011738033832069,-0.18851453002672036
2024-01-01,FC Koln,-0.25019257388613464,-0.012592666765657424,-0.2375999071204772
2024-01-01,Augsburg,-0.14473670646373032,0.11090842798353923,-0.25564513444726955
2024-01-01,Heidenheim,-0.0996354646252255,0.19691046964958953,-0.296545934274815
2024-01-01,Bochum,-0.19404125579571146,0.14480713145045332,-0.3388483872461648
2024-01-01,Darmstadt,-0.2430946843765989,0.412656599845657,-0.6557512842222559
2024-02-01,Bayern Munich,0.5182994659112296,-0.27172311402465266,0.7900225799358822
2024-02-01,Leverkusen,0.2889186037066595,-0.2960063453298013,0.5849249490364608
2024-02-01,Dortmund,0.38270134792818844,-0.0939945346691866,0.47669588259737505
2024-02-01,RB Leipzig,0.24952709749279078,-0.17651703160257787,0.42604412909536865
2024-02-01,Ein Frankfurt,0.03604512020353385,-0.10899014297838491,0.14503526318191876
2024-02-01,Stuttgart,0.10297903338749148,-0.025927046350769742,0.12890607973826124
2024-02-01,Freiburg,-0.04568611950928224,-0.0608845571913243,0.015198437682042064
2024-02-01,M'gladbach,0.09742266940880558,0.11218915104177088,-0.014766481632965303
2024-02-01,Wolfsburg,-0.048977337514201386,-0.031724715019892526,-0.01725262249430886
2024-02-01,Hoffenheim,0.06268630322527298,0.12710177484514784,-0.06441547161987486
2024-02-01,Union Berlin,-0.1751615195957705,-0.10165893813599541,-0.07350258145977509
2024-02-01,Werder Bremen,-0.034218183704601716,0.06793157328854751,-0.10214975699314924
2024-02-01,Mainz,-0.16994794610596214,-0.012084450094048581,-0.15786349601191357
2024-02-01,Augsburg,-0.12112719206089528,0.10484026381237493,-0.22596745587327022
2024-02-01,Heidenheim,-0.12543144887120708,0.15342919876773478,-0.27886064763894186
2024-02-01,FC Koln,-0.2678294597065183,0.020652289229917287,-0.2884817489364356
2024-02-01,Bochum,-0.19661507767320008,0.13187757406775807,-0.32849265174095815
2024-02-01,Darmstadt,-0.28354871498644746,0.4035342145019462,-0.6870829294883937
2024-03-01,Bayern Munich,0.502975680108728,-0.20584300822721555,0.7088186883359435
2024-03-01,Leverkusen,0.3013991988041273,-0.3241110024312715,0.6255102012353988
2024-03-01,Dortmund,0.35426442765023963,-0.1009325777059275,0.45519700535616714
2024-03-01,RB Leipzig,0.24858194565815356,-0.18943659786693406,0.4380185435250876
2024-03-01,Stuttgart,0.13536467795131568,-0.023706057147232222,0.1590707350985479
2024-03-01,Ein Frankfurt,0.04271441406519378,-0.04342985497935583,0.08614426904454961
2024-03-01,M'gladbach,0.09109044272928288,0.11187238234857814,-0.020781939619295267
2024-03-01,Wolfsburg,-0.04925977134968878,-0.02227163748612299,-0.02698813386356579
2024-03-01,Hoffenheim,0.07272247722069383,0.12497878799328681,-0.052256310772592976
2024-03-01,Freiburg,-0.0384455954365848,0.019162776681957625,-0.05760837211854243
2024-03-01,Union Berlin,-0.18322677020713227,-0.11970508033436388,-0.06352168987276839
2024-03-01,Werder Bremen,-0.07125714344138868,0.046391979350603525,-0.11764912279199222
2024-03-01,Mainz,-0.19860286808809893,-0.008554075396519862,-0.19004879269157907
2024-03-01,Augsburg,-0.11474499081490168,0.0981254067528508,-0.21287039756775247
2024-03-01,Heidenheim,-0.10765188606961341,0.11028127626552599,-0.2179331623351394
2024-03-01,FC Koln,-0.2733092094850312,-0.013866125267112494,-0.2594430842179187
2024-03-01,Bochum,-0.14376349732291643,0.1602417534186318,-0.30400525074154827
2024-03-01,Darmstadt,-0.3518531772496458,0.31813810844420237,-0.6699912856938481
2024-04-01,Bayern Munich,0.5364432835559789,-0.16745238295883288,0.7038956665148118
2024-04-01,Leverkusen,0.295940918941613,-0.3433105854788512,0.6392515044204642
2024-04-01,Dortmund,0.35913905291603565,-0.17586355304777124,0.5350026059638069
2024-04-01,RB Leipzig,0.2621879578433835,-0.22462580190954604,0.4868137597529295
2024-04-01,Stuttgart,0.17574302889119542,-0.03253577995849271,0.20827880884968814
2024-04-01,Ein Frankfurt,0.029543783623357835,-0.06446326282366317,0.09400704644702101
2024-04-01,Freiburg,0.01007731828416565,-0.0023767142488584146,0.012454032533024064
2024-04-01,Wolfsburg,-0.058007380666029174,-0.005048725892175054,-0.05295865477385412
2024-04-01,M'gladbach,0.060591280176190136,0.13125904046588263,-0.07066776028969249
2024-04-01,Union Berlin,-0.2342593021907557,-0.13974106879893589,-0.0945182333918198
2024-04-01,Hoffenheim,0.04010414930101326,0.13505237740788828,-0.09494822810687502
2024-04-01,Augsburg,-0.0474502909497782,0.04786930201338234,-0.09531959296316053
2024-04-01,Werder Bremen,-0.11904843863847496,0.06060069951780309,-0.17964913815627806
2024-04-01,Mainz,-0.21533081800625875,0.004495686075184166,-0.2198265040814429
2024-04-01,Heidenheim,-0.12655819328088322,0.11335975868061873,-0.23991795196150195
2024-04-01,FC Koln,-0.25522722933304776,0.03949582403288919,-0.29472305336593696
2024-04-01,Bochum,-0.17614241263265673,0.19793034396797474,-0.37407275660063144
2024-04-01,Darmstadt,-0.35233221679181786,0.40226536260309925,-0.7545975793949171
2024-05-01,Bayern Munich,0.544763964450999,-0.1509293694631393,0.6956933339141382
2024-05-01,Leverkusen,0.31095495157281683,-0.36337320723517963,0.6743281588079965
2024-05-01,RB Leipzig,0.32056060879740783,-0.2481582041026516,0.5687188129000594
2024-05-01,Dortmund,0.3214437002910269,-0.1591995381767256,0.48064323846775253
2024-05-01,Stuttgart,0.18837829858771798,-0.07538941636186565,0.2637677149495836
2024-05-01,Ein Frankfurt,0.016243481032017646,-0.05820719094538229,0.07445067197739993
2024-05-01,Freiburg,-0.0252417506400914,0.022574100598863504,-0.047815851238954904
2024-05-01,M'gladbach,0.07370466692138043,0.1330340754687858,-0.05932940854740536
2024-05-01,Wolfsburg,-0.08455911790884896,0.004948552578799227,-0.08950767048764818
2024-05-01,Hoffenheim,0.0879963746423734,0.19716045129464363,-0.10916407665227022
2024-05-01,Mainz,-0.1488614977026843,-0.01786415726187285,-0.13099734044081146
2024-05-01,Werder Bremen,-0.08997823901220253,0.05638636986871744,-0.14636460888091996
2024-05-01,Augsburg,-0.06853528392415957,0.08972126277256216,-0.15825654669672173
2024-05-01,Union Berlin,-0.28605108760312997,-0.11492344908018108,-0.17112763852294888
2024-05-01,Heidenheim,-0.11859140155540399,0.07436269023860405,-0.19295409179400802
2024-05-01,FC Koln,-0.29222286841788386,0.03278802479759797,-0.3250108932154818
2024-05-01,Bochum,-0.17850568354906138,0.19220024626328408,-0.37070592981234546
2024-05-01,Darmstadt,-0.4168065024421557,0.37393616624348563,-0.7907426686856414
2024-08-01,Leverkusen,0.36654626530340495,-0.3938415980620169,0.7603878633654219
2024-08-01,Bayern Munich,0.5175407363900574,-0.13685203345840424,0.6543927698484616
2024-08-01,RB Leipzig,0.29614983143350887,-0.26517133837985585,0.5613211698133647
2024-08-01,Dortmund,0.33471948807051827,-0.16660548145273493,0.5013249695232532
2024-08-01,Stuttgart,0.2130239034816237,-0.15846994013114504,0.3714938436127687
2024-08-01,Ein Frankfurt,0.022061161765550976,-0.04957125538194763,0.0716324171474986
2024-08-01,Hoffenheim,0.1617553032059482,0.12796661654637573,0.033788686659572464
2024-08-01,Heidenheim,-0.009744388951059741,-0.02963396019649531,0.01988957124543557
2024-08-01,Mainz,-0.08548887565576799,-0.08242434630559532,-0.003064529350172665
2024-08-01,Freiburg,-0.04995529108664467,-0.020047424741407877,-0.029907866345236792
2024-08-01,Werder Bremen,-0.04300362338550684,0.010134305565583417,-0.053137928951090256
2024-08-01,M'gladbach,0.05719772354198536,0.11353455469464592,-0.05633683115266056
2024-08-01,Wolfsburg,-0.08806580859488797,-0.024737816180928525,-0.06332799241395945
2024-08-01,Union Berlin,-0.21220798733841378,-0.07460721856053414,-0.13760076877787963
2024-08-01,Augsburg,-0.07694160894635564,0.06862795535323027,-0.1455695642995859
2024-08-01,Bochum,-0.13102961304616254,0.2273683324546682,-0.3583979455008307
2024-08-01,Holstein Kiel,-0.3,0.3,-0.6
2024-08-01,St Pauli,-0.3,0.3,-0.6
2024-09-01,Leverkusen,0.38568696549229187,-0.3295765338308799,0.7152634993231718
2024-09-01,Bayern Munich,0.5311775765807317,-0.12251676903434644,0.6536943456150781
2024-09-01,RB Leipzig,0.30085037304551243,-0.2752769618790755,0.5761273349245879
2024-09-01,Dortmund,0.31036416456855587,-0.2131557904959225,0.5235199550644783
2024-09-01,Stuttgart,0.22725247304282464,-0.09271257451941066,0.3199650475622353
2024-09-01,Ein Frankfurt,0.027008265703476694,-0.059517499730819726,0.08652576543429642
2024-09-01,Heidenheim,0.004538965857623295,-0.053897587537611216,0.058436553395234514
2024-09-01,Freiburg,-0.01471275760287271,-0.02855043580274105,0.01383767819986834
2024-09-01,Mainz,-0.04846319524633023,-0.061408510267843934,0.012945315021513706
2024-09-01,Hoffenheim,0.1644998636347674,0.15481728292217564,0.00968258071259176
2024-09-01,M'gladbach,0.07997099280523313,0.10269775269770334,-0.022726759892470208
2024-09-01,Wolfsburg,-0.0631891420181701,-0.029524695227868485,-0.03366444679030161
2024-09-01,Werder Bremen,-0.04916492001663593,-0.014134540927672787,-0.03503037908896314
2024-09-01,Union Berlin,-0.21779354888535662,-0.09486881995107535,-0.12292472893428127
2024-09-01,Augsburg,-0.059702166615960006,0.07940651344871975,-0.13910868006467975
2024-09-01,Bochum,-0.1741135125078584,0.20163992053113455,-0.37575343303899295
2024-09-01,Holstein Kiel,-0.32938891898295586,0.34498786576053914,-0.6743767847434949
2024-09-01,St Pauli,-0.4719123108518196,0.2549327092038984,-0.7268450200557179
2024-10-01,Bayern Munich,0.5309503010891502,-0.19464556699226845,0.7255958680814186
2024-10-01,Leverkusen,0.3914513990627931,-0.3190972950049126,0.7105486940677057
2024-10-01,RB Leipzig,0.24171427992970682,-0.3371874068516003,0.5789016867813072
2024-10-01,Dortmund,0.3181981152776216,-0.1264588794757804,0.44465699475340204
2024-10-01,Stuttgart,0.26354538026833996,-0.11147270939566374,0.3750180896640037
2024-10-01,Ein Frankfurt,0.039920458872646156,-0.08508663557732592,0.12500709444997207
2024-10-01,Heidenheim,0.033662467919162435,-0.04313006835817604,0.07679253627733848
2024-10-01,Freiburg,-0.05344883238480129,-0.047731859738097786,-0.005716972646703504
2024-10-01,Mainz,-0.077373900339775,-0.04217575636685364,-0.035198143972921356
2024-10-01,Wolfsburg,-0.04703345247778274,-0.0018899709208646184,-0.04514348155691812
2024-10-01,Hoffenheim,0.13929541484813748,0.2025340135538014,-0.06323859870566392
2024-10-01,Werder Bremen,-0.03508468840884442,0.029087246129985884,-0.0641719345388303
2024-10-01,M'gladbach,0.016858453409933628,0.08606384770856887,-0.06920539429863524
2024-10-01,Union Berlin,-0.26248672102322007,-0.15574579773762745,-0.10674092328559262
2024-10-01,Augsburg,-0.08381715459918682,0.14182886950500712,-0.22564602410419393
2024-10-01,Bochum,-0.17889360131250076,0.21643882066731776,-0.39533242197981855
2024-10-01,St Pauli,-0.36202765757359834,0.07538501633580177,-0.4374126739094001
2024-10-01,Holstein Kiel,-0.23351950058974028,0.5449323150027677,-0.778451815592508
2024-11-01,Bayern Munich,0.5762781187457962,-0.20170164136005553,0.7779797601058517
2024-11-01,Leverkusen,0.37135242015343645,-0.2716880368212546,0.643040456974691
2024-11-01,RB Leipzig,0.25330808003262645,-0.3665058081376407,0.6198138881702672
2024-11-01,Dortmund,0.29323530984721224,-0.08583637920366272,0.37907168905087496
2024-11-01,Stuttgart,0.2112938232144467,-0.08742882181416989,0.29872264502861656
2024-11-01,Ein Frankfurt,0.07039944942962625,-0.0700253981798735,0.14042484760949975
2024-11-01,Heidenheim,-0.020741644537146473,-0.05103423785379521,0.030292593316648738
2024-11-01,Freiburg,-0.031748455696725145,-0.05046625136090656,0.018717795664181414
2024-11-01,Mainz,-0.07287019174060401,-0.04989214726141403,-0.022978044479189982
2024-11-01,Hoffenheim,0.1258901912262398,0.15535867210995682,-0.029468480883717035
2024-11-01,Werder Bremen,0.006823863547847443,0.03785858541868462,-0.031034721870837178
2024-11-01,Union Berlin,-0.23398595558719462,-0.17708831694559152,-0.056897638641603104
2024-11-01,Wolfsburg,-0.03328820849560712,0.025403270798048994,-0.05869147929365611
2024-11-01,M'gladbach,0.027466812617047382,0.09767716239491767,-0.07021034977787029
2024-11-01,Augsburg,-0.06361056607413776,0.1442465702071354,-0.20785713628127317
2024-11-01,Bochum,-0.20026558033836497,0.27143363281614474,-0.4716992131545097
2024-11-01,St Pauli,-0.47761121756017366,0.07386231909372608,-0.5514735366538998
2024-11-01,Holstein Kiel,-0.23265438553301684,0.42665859836066305,-0.6593129838936799
2024-12-01,Bayern Munich,0.5574934859269268,-0.25712616680940603,0.8146196527363329
2024-12-01,Leverkusen,0.36732341807716334,-0.26255922294830725,0.6298826410254705
2024-12-01,RB Leipzig,0.2257318863475298,-0.22915195553121384,0.45488384187874364
2024-12-01,Dortmund,0.30776992343221077,-0.09681983271528906,0.4045897561474998
2024-12-01,Stuttgart,0.19825336491934858,-0.09615343285541011,0.2944067977747587
2024-12-01,Ein Frankfurt,0.1542977722566742,-0.0595100452071179,0.2138078174637921
2024-12-01,Wolfsburg,0.04674537027367868,-0.007090889478265627,0.0538362597519443
2024-12-01,Mainz,-0.04232004884970607,-0.09144353376054899,0.049123484910842924
2024-12-01,Freiburg,-0.06247209476827173,-0.05210964153311941,-0.010362453235152322
2024-12-01,M'gladbach,0.04813965316225912,0.07343775963527102,-0.0252981064730119
2024-12-01,Hoffenheim,0.116641888208477,0.1684825460484682,-0.051840657839991214
2024-12-01,Werder Bremen,-0.012115988999612035,0.06647393932479014,-0.07858992832440218
2024-12-01,Heidenheim,-0.04173858012206816,0.042719643617992346,-0.08445822374006051
2024-12-01,Union Berlin,-0.28518296293299067,-0.17728903852444006,-0.10789392440855061
2024-12-01,Augsburg,-0.12735808706015952,0.09304521988661014,-0.22040330694676968
2024-12-01,St Pauli,-0.43366436726445595,-0.030017636571176915,-0.40364673069327905
2024-12-01,Bochum,-0.2153955266013543,0.29231613801133116,-0.5077116646126855
2024-12-01,Holstein Kiel,-0.3055679924142602,0.430142359242808,-0.7357103516570682
2025-01-01,Bayern Munich,0.5635970802775342,-0.23358724905483477,0.7971843293323689
2025-01-01,Leverkusen,0.3754534935409468,-0.2776059779414241,0.653059471482371
2025-01-01,RB Leipzig,0.20219819603405853,-0.20543520955783895,0.4076334055918975
2025-01-01,Dortmund,0.2757245991932307,-0.13035524801031542,0.4060798472035462
2025-01-01,Stuttgart,0.1939740391038275,-0.08928171049788736,0.28325574960171485
2025-01-01,Ein Frankfurt,0.15797704550176872,-0.046232360224677624,0.20420940572644636
2025-01-01,Mainz,0.015189378028345324,-0.10838235653602354,0.12357173456436887
2025-01-01,Wolfsburg,0.07284967977366234,0.04987565920529838,0.022974020568363965
2025-01-01,M'gladbach,0.05248919525636776,0.037632262231275714,0.01485693302509205
2025-01-01,Werder Bremen,0.020671972712380287,0.019683261067758896,0.0009887116446213907
2025-01-01,Freiburg,-0.056321754299651076,-0.016074094238085503,-0.04024766006156558
2025-01-01,Hoffenheim,0.05555698680046452,0.13547190070761903,-0.07991491390715451
2025-01-01,Union Berlin,-0.2990393636243997,-0.10419150465678902,-0.1948478589676107
2025-01-01,Heidenheim,-0.10208994891612382,0.11934047306440589,-0.2214304219805297
2025-01-01,Augsburg,-0.1491931735132109,0.1286284925275107,-0.2778216660407216
2025-01-01,St Pauli,-0.4647356410539332,-0.07961672263241731,-0.3851189184215159
2025-01-01,Bochum,-0.22214981336275827,0.2346477445495238,-0.45679755791228205
2025-01-01,Holstein Kiel,-0.20967790604624195,0.42091809380336337,-0.6305959998496053
2025-02-01,Bayern Munich,0.5460734610841752,-0.2653516569009753,0.8114251179851505
2025-02-01,Leverkusen,0.3749248839013436,-0.27824243869254994,0.6531673225938935
2025-02-01,RB Leipzig,0.22840197728379488,-0.14306373686084123,0.37146571414463614
2025-02-01,Stuttgart,0.18195947562424875,-0.12751559583737426,0.309475071461623
2025-02-01,Dortmund,0.24002022900805042,-0.05064328869823879,0.29066351770628923
2025-02-01,Ein Frankfurt,0.16977786854320673,-0.08198566147786471,0.25176353002107144
2025-02-01,Mainz,-0.03168403181040423,-0.16141676946734207,0.12973273765693782
2025-02-01,Wolfsburg,0.09728575602649604,0.030149098932501343,0.0671366570939947
2025-02-01,M'gladbach,0.02526335541436086,0.05116513656119588,-0.025901781146835022
2025-02-01,Werder Bremen,0.018393599004260942,0.06093416194162201,-0.04254056293736107
2025-02-01,Hoffenheim,0.02171416551772028,0.1387365462435674,-0.11702238072584713
2025-02-01,Freiburg,-0.07752357014709046,0.04790970599741629,-0.12543327614450675
2025-02-01,Augsburg,-0.14442429088104528,0.0668060844848983,-0.21123037536594358
2025-02-01,Heidenheim,-0.09167333648630131,0.13854186678430813,-0.23021520327060946
2025-02-01,St Pauli,-0.42641790906564897,-0.16210934649621372,-0.26430856256943525
2025-02-01,Union Berlin,-0.3479934264626013,-0.051369308886968466,-0.29662411757563284
2025-02-01,Bochum,-0.235409188770041,0.23858617052863298,-0.473995359298674
2025-02-01,Holstein Kiel,-0.09016104062312413,0.42025298603661876,-0.5104140266597429
2025-03-01,Bayern Munich,0.5573234705552402,-0.29277754685898416,0.8501010174142244
2025-03-01,Leverkusen,0.3372405211484428,-0.342318164458059,0.6795586856065018
2025-03-01,RB Leipzig,0.19701214360981306,-0.15754691823923908,0.35455906184905217
2025-03-01,Dortmund,0.26355638368780526,-0.033116914284314354,0.2966732979721196
2025-03-01,Stuttgart,0.15845115430906903,-0.096456224324343,0.25490737863341206
2025-03-01,Ein Frankfurt,0.14694769289515106,-0.06126016556485883,0.2082078584600099
2025-03-01,Mainz,-0.02833571896677106,-0.19063207065884455,0.1622963516920735
2025-03-01,Wolfsburg,0.07900398062634953,-0.009081570560135623,0.08808555118648514
2025-03-01,Freiburg,-0.034404032811446064,-0.0022086166295013855,-0.03219541618194468
2025-03-01,M'gladbach,0.02711840384196415,0.0663113338920439,-0.03919293005007975
2025-03-01,Hoffenheim,0.026154946227941754,0.17112818879910346,-0.1449732425711617
2025-03-01,Augsburg,-0.13910003178260266,0.010850012966382517,-0.14995004474898518
2025-03-01,Werder Bremen,-0.013716058772386396,0.13889059257607309,-0.1526066513484595
2025-03-01,Heidenheim,-0.11425384239850457,0.14343144374197206,-0.25768528614047664
2025-03-01,Union Berlin,-0.3134417749014499,-0.0086513216072575,-0.3047904532941924
2025-03-01,St Pauli,-0.509201655831711,-0.11866995646661255,-0.3905316993650984
2025-03-01,Bochum,-0.22449460663290352,0.2063491565480891,-0.4308437631809926
2025-03-01,Holstein Kiel,-0.05881152057204961,0.41953571758620295,-0.47834723815825253
2025-04-01,Bayern Munich,0.542061527449586,-0.2163640483438517,0.7584255757934377
2025-04-01,Leverkusen,0.36428632365800767,-0.2814338679616667,0.6457201916196744
2025-04-01,RB Leipzig,0.15306491336521352,-0.18907067768111085,0.3421355910463244
2025-04-01,Dortmund,0.24655777676549193,-0.04641446035948972,0.29297223712498166
2025-04-01,Stuttgart,0.16123429418707408,-0.05591515094289065,0.21714944512996473
2025-04-01,Mainz,0.020165278418750782,-0.15828164040601217,0.17844691882476296
2025-04-01,Ein Frankfurt,0.14110316339390114,-0.03153751252546323,0.17264067591936438
2025-04-01,Wolfsburg,0.0312687075903173,-0.017025604137539126,0.04829431172785643
2025-04-01,M'gladbach,0.07491411425335295,0.055057880864356354,0.0198562333889966
2025-04-01,Freiburg,-0.06027730397986288,-0.01697773301438534,-0.04329957096547754
2025-04-01,Werder Bremen,0.019324835493635943,0.12746533093316909,-0.10814049543953314
2025-04-01,Augsburg,-0.17041203096292598,-0.05966261991110414,-0.11074941105182184
2025-04-01,Hoffenheim,-0.017621857468605423,0.14440088442925253,-0.16202274189785795
2025-04-01,Heidenheim,-0.12973396849419763,0.12124528215292474,-0.25097925064712234
2025-04-01,Union Berlin,-0.29636905733393765,-0.04071821593579552,-0.25565084139814215
2025-04-01,St Pauli,-0.47762246854996476,-0.11914508789949749,-0.3584773806504673
2025-04-01,Bochum,-0.20426380964536525,0.20496890153122033,-0.40923271117658555
2025-04-01,Holstein Kiel,-0.1082648050866832,0.41805578885144024,-0.5263205939381235
2025-05-01,Bayern Munich,0.5614735798913826,-0.2362957741947705,0.797769354086153
2025-05-01,Leverkusen,0.32022320326358267,-0.31761293230707405,0.6378361355706568
2025-05-01,Dortmund,0.297777303536045,-0.03678373451579964,0.3345610380518446
2025-05-01,RB Leipzig,0.14133647477086822,-0.13259217298916312,0.27392864776003134
2025-05-01,Ein Frankfurt,0.14211271259226288,-0.07891374476426745,0.22102645735653031
2025-05-01,Stuttgart,0.17965093868340043,-0.017944104672439783,0.19759504335584022
2025-05-01,Mainz,-0.031978158671348574,-0.12305074858473715,0.09107258991338857
2025-05-01,Wolfsburg,0.012875925130645779,0.008792378047395577,0.004083547083250202
2025-05-01,M'gladbach,0.08416583918820138,0.11186745630506703,-0.027701617116865654
2025-05-01,Freiburg,-0.041026327228341146,-0.0020615306633894512,-0.03896479656495169
2025-05-01,Werder Bremen,-0.0017140509153839671,0.0627793609471474,-0.06449341186253137
2025-05-01,Augsburg,-0.19438170268574118,-0.069316944202628,-0.12506475848311316
2025-05-01,Hoffenheim,0.011975453493078925,0.17005566188829527,-0.15808020839521633
2025-05-01,Union Berlin,-0.2621031657271394,-0.051681299541713244,-0.21042186618542613
2025-05-01,Heidenheim,-0.19214754728298938,0.1079657326420226,-0.30011327992501197
2025-05-01,St Pauli,-0.4737628373667789,-0.17146769941627418,-0.30229513795050467
2025-05-01,Holstein Kiel,-0.057463625794838824,0.39874173267774493,-0.45620535847258376
2025-05-01,Bochum,-0.24962506241542215,0.22111505535581946,-0.4707401177712416
2025-08-01,Bayern Munich,0.5581035989811592,-0.26234481058469333,0.8204484095658526
2025-08-01,Leverkusen,0.32155542525950254,-0.24911753286931423,0.5706729581288168
2025-08-01,Dortmund,0.3335928983115039,-0.09033121889408423,0.42392411720558815
2025-08-01,Stuttgart,0.21509607085443153,-0.06134043521561467,0.2764365060700462
2025-08-01,RB Leipzig,0.1415203985547145,-0.13238693010053032,0.2739073286552448
2025-08-01,Ein Frankfurt,0.15798081237067918,-0.09109810964692713,0.2490789220176063
2025-08-01,Mainz,0.010144182141831895,-0.1379382003938201,0.14808238253565198
2025-08-01,Werder Bremen,0.026614531331886657,0.022620050793630952,0.0039944805382557055
2025-08-01,Wolfsburg,-0.0105592425585017,-0.00508603548858758,-0.0054732070699141195
2025-08-01,Freiburg,-0.030740404704796935,-0.00804257040778038,-0.022697834297016557
2025-08-01,M'gladbach,0.07017842778892718,0.09487638809073684,-0.024697960301809666
2025-08-01,Hoffenheim,0.03808055063456535,0.181889501821104,-0.14380895118653864
2025-08-01,St Pauli,-0.3843875232840231,-0.21723910592854823,-0.16714841735547487
2025-08-01,Augsburg,-0.21946883550572527,-0.02069442569970939,-0.19877440980601588
2025-08-01,Union Berlin,-0.24183505197985825,-0.03640040300120912,-0.20543464897864913
2025-08-01,Heidenheim,-0.18199724799286301,0.08389658185803471,-0.2658938298508977
2025-08-01,FC Koln,-0.31660856733912696,0.12765274168358984,-0.44426130902271677
2025-08-01,Hamburg,-0.3,0.3,-0.6
2025-09-01,Bayern Munich,0.5905323720020631,-0.2595438829957541,0.8500762549978171
2025-09-01,Leverkusen,0.3057276999048618,-0.19502023029123802,0.5007479301960999
2025-09-01,Dortmund,0.35409600741946257,-0.07196024942879985,0.4260562568482624
2025-09-01,Ein Frankfurt,0.19458879665208784,-0.1028000453539495,0.2973888420060373
2025-09-01,Stuttgart,0.181305759132503,-0.07290768320965926,0.25421344234216225
2025-09-01,RB Leipzig,0.11770584499722415,-0.08830937153179631,0.20601521652902047
2025-09-01,Mainz,-0.03017407204985582,-0.14394511974746826,0.11377104769761244
2025-09-01,Wolfsburg,0.003013451613629122,-0.012229558459245194,0.015243010072874316
2025-09-01,Werder Bremen,0.047050002733378525,0.07295021376908445,-0.025900211035705924
2025-09-01,M'gladbach,0.0068283389254147125,0.059289834105427215,-0.0524614951800125
2025-09-01,St Pauli,-0.29370515873362885,-0.19420729435499123,-0.09949786437863761
2025-09-01,Freiburg,-0.04871203639233735,0.06528975908957693,-0.11400179548191428
2025-09-01,Hoffenheim,0.03603024356534515,0.17231933234740554,-0.1362890887820604
2025-09-01,Augsburg,-0.16306714246662304,-0.018075582135420525,-0.14499156033120253
2025-09-01,Union Berlin,-0.24765880060665899,-0.03239148693798327,-0.2152673136686757
2025-09-01,FC Koln,-0.20895323715382869,0.06744776567659373,-0.2764010028304224
2025-09-01,Heidenheim,-0.21339972332730756,0.10754398014015405,-0.3209437034674616
2025-09-01,Hamburg,-0.4713316899863427,0.1853078854365887,-0.6566395754229314
2025-10-01,Bayern Munich,0.6070575811657043,-0.3030198786027814,0.9100774597684858
2025-10-01,Leverkusen,0.28935543516461676,-0.21218919634614059,0.5015446315107573
2025-10-01,Dortmund,0.3223446401643613,-0.1492971623833843,0.4716418025477456
2025-10-01,RB Leipzig,0.10539019614223319,-0.14544090819183716,0.25083110433407035
2025-10-01,Ein Frankfurt,0.25358173436885895,0.0035725750619061956,0.2500091593069528
2025-10-01,Stuttgart,0.16373740326065722,-0.07558254097211661,0.23931994423277383
2025-10-01,Mainz,-0.040782680499808745,-0.15153783000741422,0.11075514950760548
2025-10-01,Wolfsburg,-0.029781376834686856,-0.018740115124651804,-0.011041261710035052
2025-10-01,Freiburg,-0.02424856786554061,0.010146461761227488,-0.034395029626768096
2025-10-01,Werder Bremen,0.026597677301243593,0.07289189233950245,-0.04629421503825886
2025-10-01,Hoffenheim,0.05401727971312573,0.17044184990018144,-0.11642457018705571
2025-10-01,M'gladbach,0.012050512687455479,0.1299916139508417,-0.11794110126338621
2025-10-01,St Pauli,-0.2963250969516941,-0.17228236028193458,-0.12404273666975954
2025-10-01,Augsburg,-0.17404591309363254,0.03877298908923764,-0.2128189021828702
2025-10-01,Union Berlin,-0.21178697353761508,0.005349585112707891,-0.21713655865032297
2025-10-01,FC Koln,-0.15825083618313973,0.1379578089950409,-0.29620864517818063
2025-10-01,Heidenheim,-0.23319483571778538,0.10610957480531329,-0.3393044105230987
2025-10-01,Hamburg,-0.5141254359157512,0.163573270089349,-0.6776987060051002
2025-11-01,Bayern Munich,0.6074982128462604,-0.3506110203936528,0.9581092332399131
2025-11-01,Leverkusen,0.31519629441944713,-0.19805919370909303,0.5132554881285402
2025-11-01,Dortmund,0.2719645658203478,-0.18935165603217086,0.46131622185251864
2025-11-01,RB Leipzig,0.16789180423751848,-0.15633980923595153,0.32423161347347
2025-11-01,Stuttgart,0.17337151945075782,-0.10382247205109013,0.277193991501848
2025-11-01,Ein Frankfurt,0.2437375016108745,0.014950544886843508,0.22878695672403102
2025-11-01,Mainz,-0.029619452451624784,-0.04014127707528929,0.010521824623664508
2025-11-01,Werder Bremen,0.019506051222064672,0.0623905467499778,-0.042884495527913125
2025-11-01,Freiburg,-0.05593867608428553,0.000928650322850732,-0.056867326407136265
2025-11-01,Hoffenheim,0.07486366797015463,0.1580191617415981,-0.08315549377144348
2025-11-01,Wolfsburg,-0.061536446123623884,0.024688295662708755,-0.08622474178633263
2025-11-01,M'gladbach,-0.031378482867249965,0.14127510843544167,-0.17265359130269164
2025-11-01,Union Berlin,-0.2130848530860714,0.0001111982643333907,-0.21319605135040479
2025-11-01,St Pauli,-0.3800257611600066,-0.1233199448726664,-0.2567058162873402
2025-11-01,Augsburg,-0.18595948169480514,0.09091212479260886,-0.276871606487414
2025-11-01,FC Koln,-0.21888021718629935,0.058802832024351555,-0.2776830492106509
2025-11-01,Heidenheim,-0.23639149447018776,0.12285885508542603,-0.3592503495556138
2025-11-01,Hamburg,-0.3708286336296651,0.08147417956972904,-0.45230281319939414
2025-12-01,Bayern Munich,0.6338451887912901,-0.32573841502155665,0.9595836038128468
2025-12-01,Leverkusen,0.33436709520691815,-0.19922239490310426,0.5335894901100224
2025-12-01,Dortmund,0.2678301900832589,-0.1787358366389226,0.4465660267221815
2025-12-01,RB Leipzig,0.13695832092144322,-0.19163449361460877,0.328592814536052
2025-12-01,Stuttgart,0.18468475474126742,-0.03632568635255935,0.22101044109382678
2025-12-01,Ein Frankfurt,0.22235376440736396,0.001408849580072254,0.2209449148272917
2025-12-01,Hoffenheim,0.11498775603516127,0.11245172871273584,0.00253602732242543
2025-12-01,Freiburg,-0.00961029614368029,0.0011011598487819965,-0.010711455992462288
2025-12-01,M'gladbach,0.021858564929051773,0.06591485289755065,-0.04405628796849888
2025-12-01,Werder Bremen,-0.021147593955965983,0.03449635538949878,-0.055643949345464766
2025-12-01,Mainz,-0.10392747386146992,-0.03692357668672978,-0.06700389717474015
2025-12-01,Wolfsburg,-0.07846474364872522,0.041930920881583685,-0.1203956645303089
2025-12-01,Union Berlin,-0.2309226489267642,-0.03944451450153268,-0.1914781344252315
2025-12-01,FC Koln,-0.11793083748023392,0.11773911084598544,-0.23566994832621935
2025-12-01,Augsburg,-0.20948675623334517,0.09510490876710999,-0.30459166500045515
2025-12-01,St Pauli,-0.4245123707820486,-0.05626869172282835,-0.3682436790592203
2025-12-01,Heidenheim,-0.26820056715691964,0.16356475206887536,-0.431765319225795
2025-12-01,Hamburg,-0.3778899136469451,0.09118501036254706,-0.46907492400949213
2026-01-01,Bayern Munich,0.6516052975405205,-0.33748505784954674,0.9890903553900673
2026-01-01,Leverkusen,0.31916257668465126,-0.20635392868435762,0.5255165053690088
2026-01-01,Dortmund,0.24907454721884906,-0.2259501636886787,0.47502471090752774
2026-01-01,RB Leipzig,0.17832892556048502,-0.14962345456999457,0.32795238013047956
2026-01-01,Stuttgart,0.16863097238250077,-0.044821728634523744,0.21345270101702452
2026-01-01,Ein Frankfurt,0.1754022052360069,0.04326388398932437,0.1321383212466825
2026-01-01,Hoffenheim,0.10202536962441838,0.07690292125275384,0.025122448371664538
2026-01-01,Freiburg,0.019550497001421505,0.029984647530306604,-0.010434150528885099
2026-01-01,Mainz,-0.13426901163516147,-0.06539931068873321,-0.06886970094642826
2026-01-01,Wolfsburg,0.0005092908558619189,0.07340508111019727,-0.07289579025433535
2026-01-01,M'gladbach,-0.014502884595654254,0.06200315362884296,-0.07650603822449721
2026-01-01,Werder Bremen,-0.06070321935639789,0.07426480035274402,-0.1349680197091419
2026-01-01,Union Berlin,-0.1997381933094527,-0.03932578541145964,-0.16041240789799305
2026-01-01,Augsburg,-0.23856358824291998,0.031702055087255605,-0.2702656433301756
2026-01-01,FC Koln,-0.19410686176419714,0.10771232626739119,-0.30181918803158836
2026-01-01,St Pauli,-0.41832450140593336,-0.08204617887233513,-0.33627832253359824
2026-01-01,Heidenheim,-0.26650032581032285,0.17831103816590113,-0.444811363976224
2026-01-01,Hamburg,-0.30589134837720916,0.1502429761608601,-0.45613432453806924
2026-02-01,Bayern Munich,0.676832649591304,-0.29344210301206985,0.9702747526033738
2026-02-01,Dortmund,0.28999005053625365,-0.2141725004173061,0.5041625509535598
2026-02-01,Leverkusen,0.26622306005492796,-0.2046728201319252,0.47089588018685313
2026-02-01,Stuttgart,0.21142651253616324,-0.08090769906501438,0.2923342116011776
2026-02-01,RB Leipzig,0.16047640603149427,-0.1298717874792138,0.29034819351070806
2026-02-01,Hoffenheim,0.16446407208514774,-0.0011036708936905104,0.16556774297883825
2026-02-01,Ein Frankfurt,0.19110052441707834,0.1196439856864668,0.07145653873061154
2026-02-01,Freiburg,0.007253025365354975,0.031324105121592526,-0.02407107975623755
2026-02-01,Mainz,-0.08693287603778864,-0.06172091060076784,-0.025211965437020797
2026-02-01,M'gladbach,-0.044111479502795474,0.07326560444905013,-0.1173770839518456
2026-02-01,Wolfsburg,-0.03505923675346119,0.1386102152158531,-0.17366945196931427
2026-02-01,Werder Bremen,-0.11569486318511049,0.07410235012185554,-0.18979721330696603
2026-02-01,Union Berlin,-0.21502149414534688,-0.012349875589204628,-0.20267161855614224
2026-02-01,Augsburg,-0.21610987293730316,0.032480720300447206,-0.24859059323775037
2026-02-01,FC Koln,-0.18495983293401508,0.08608503669682897,-0.27104486963084407
2026-02-01,St Pauli,-0.4081020922612944,-0.06815094740243376,-0.33995114485886063
2026-02-01,Hamburg,-0.3531987786452396,0.044684645339586784,-0.39788342398482635
2026-02-01,Heidenheim,-0.2824083244567291,0.18623595057675632,-0.4686442750334854
2026-03-01,Bayern Munich,0.687883137926901,-0.29157826330934083,0.9794614012362419
2026-03-01,Dortmund,0.31722210508825793,-0.19032551100675613,0.5075476160950141
2026-03-01,Leverkusen,0.2401677573098149,-0.21890101040829266,0.45906876771810756
2026-03-01,RB Leipzig,0.16057645662060352,-0.10937571162876591,0.2699521682493694
2026-03-01,Stuttgart,0.21146694671910457,-0.05318634605033497,0.26465329276943955
2026-03-01,Hoffenheim,0.15283666534728924,0.017353845976565575,0.13548281937072365
2026-03-01,Ein Frankfurt,0.2010761834983539,0.09087479972966024,0.11020138376869366
2026-03-01,Mainz,-0.10762492228375375,-0.06214046976405852,-0.04548445251969523
2026-03-01,Freiburg,-0.04220192587629773,0.01070990560664786,-0.05291183148294559
2026-03-01,M'gladbach,-0.08524040236288491,0.05905980237892941,-0.14430020474181432
2026-03-01,Wolfsburg,-0.023743883901426604,0.15854966099496998,-0.18229354489639657
2026-03-01,Union Berlin,-0.22983911882709443,-0.026809554757482847,-0.2030295640696116
2026-03-01,Werder Bremen,-0.1519427964202051,0.06224320139188812,-0.21418599781209324
2026-03-01,Augsburg,-0.20537926875731682,0.01583341340398262,-0.22121268216129944
2026-03-01,Hamburg,-0.26210651334111634,0.02803468068288832,-0.2901411940240047
2026-03-01,St Pauli,-0.3753814245806127,-0.0762877578521239,-0.2990936667284888
2026-03-01,FC Koln,-0.2064073956903117,0.12532377622366983,-0.3317311719139815
2026-03-01,Heidenheim,-0.28910868883594093,0.2077470499270745,-0.4968557387630154
2026-04-01,Bayern Munich,0.6792260220888523,-0.3123980266767751,0.9916240487656274
2026-04-01,Dortmund,0.3136231085145411,-0.18496269250987954,0.4985858010244206
2026-04-01,Leverkusen,0.24399252399358148,-0.18850288400567036,0.43249540799925185
2026-04-01,Stuttgart,0.25477723104778877,-0.07310267639581212,0.3278799074436009
2026-04-01,RB Leipzig,0.17573959595711172,-0.14470252306452755,0.32044211902163927
2026-04-01,Ein Frankfurt,0.14682115576816634,0.043195376434304794,0.10362577933386155
2026-04-01,Hoffenheim,0.14116649211289384,0.064066340749967,0.07710015136292683
2026-04-01,Mainz,-0.08478873283221998,-0.08211750386412651,-0.0026712289680934642
2026-04-01,Freiburg,-0.05267147238182803,0.02389486635962688,-0.07656633874145491
2026-04-01,M'gladbach,-0.0534289824885863,0.07511231387606372,-0.12854129636465003
2026-04-01,Werder Bremen,-0.1372262879514655,0.04449693152407178,-0.18172321947553727
2026-04-01,Wolfsburg,-0.0871086162783892,0.15973613624313018,-0.24684475252151938
2026-04-01,Union Berlin,-0.2510668469950475,0.0010275449852876273,-0.2520943919803351
2026-04-01,Augsburg,-0.20772258804635857,0.05511819742331507,-0.26284078546967365
2026-04-01,Hamburg,-0.2568237030062887,0.021059264506044596,-0.2778829675123333
2026-04-01,FC Koln,-0.18086106822439296,0.1442428329915243,-0.32510390121591726
2026-04-01,St Pauli,-0.4259396312128796,-0.07909244884022543,-0.34684718237265416
2026-04-01,Heidenheim,-0.256453068557783,0.22317351953470793,-0.4796265880924909
2026-05-01,Bayern Munich,0.7117840478043221,-0.2595869922862137,0.9713710400905358
2026-05-01,Dortmund,0.29404393288025704,-0.23788928911966317,0.5319332219999202
2026-05-01,Leverkusen,0.25839434359171204,-0.1739246777199133,0.43231902131162536
2026-05-01,RB Leipzig,0.18663444476847924,-0.17561599280124843,0.36225043756972763
2026-05-01,Stuttgart,0.24493105775513174,-0.07590543499709805,0.3208364927522298
2026-05-01,Hoffenheim,0.14051870218688214,0.054589825490512764,0.08592887669636938
2026-05-01,Ein Frankfurt,0.12604945276400226,0.04970039465889013,0.07634905810511212
2026-05-01,Mainz,-0.0769258251739033,-0.08402973910218893,0.007103913928285632
2026-05-01,Freiburg,-0.06422391742975436,0.02179405444098309,-0.08601797187073745
2026-05-01,M'gladbach,-0.10668157038927194,0.036651041015595374,-0.1433326114048673
2026-05-01,Werder Bremen,-0.1286871346427344,0.045457526872729866,-0.17414466151546426
2026-05-01,Augsburg,-0.1927287397962979,0.026144122586950796,-0.21887286238324868
2026-05-01,Wolfsburg,-0.08393954545076833,0.17198570808257083,-0.25592525353333917
2026-05-01,FC Koln,-0.14723535781904995,0.1320321470285798,-0.27926750484762974
2026-05-01,Union Berlin,-0.2686657211792364,0.04353724855288761,-0.312202969732124
2026-05-01,Hamburg,-0.3064176167429684,0.0908555514593685,-0.39727316820233693
2026-05-01,Heidenheim,-0.20078296782439703,0.2041821869912439,-0.40496515481564094
2026-05-01,St Pauli,-0.46846617493099985,-0.03520739521782574,-0.4332587797131741
2026-08-01,Bayern Munich,0.6890199512861552,-0.26247460808136336,0.9514945593675186
2026-08-01,Dortmund,0.2787932121112103,-0.2645258427918084,0.5433190549030187
2026-08-01,Leverkusen,0.25866437271359366,-0.18123451034637791,0.4398988830599716
2026-08-01,Stuttgart,0.2700737084427643,-0.08703600661807112,0.35710971506083544
2026-08-01,RB Leipzig,0.17688982946728862,-0.12119857452085302,0.2980884039881416
2026-08-01,Ein Frankfurt,0.12804683466045597,0.0403986119426043,0.08764822271785166
2026-08-01,Hoffenheim,0.12507699907604308,0.05013064687921182,0.07494635219683127
2026-08-01,Mainz,-0.06063351522573938,-0.09671559790718293,0.03608208268144355
2026-08-01,Freiburg,-0.02110249430006354,0.002974207951937473,-0.024076702252001012
2026-08-01,M'gladbach,-0.07173159946128262,-0.01510702147731608,-0.056624577983966536
2026-08-01,Hamburg,-0.15258118751758398,-0.02218189848449681,-0.13039928903308717
2026-08-01,Augsburg,-0.145587178632644,0.02267439541394215,-0.16826157404658615
2026-08-01,Union Berlin,-0.16973164865756116,0.0033599073137865077,-0.17309155597134768
2026-08-01,FC Koln,-0.07823932876057696,0.10818299624238198,-0.18642232500295894
2026-08-01,Werder Bremen,-0.16310933784839754,0.024090044327584305,-0.18719938217598184
2026-08-01,Schalke 04,-0.3024341746333924,0.28461122703121033,-0.5870454016646027
2026-08-01,Elversberg,-0.3,0.3,-0.6
2026-08-01,Paderborn,-0.3,0.3,-0.6
2026-09-01,Bayern Munich,0.6935822602202617,-0.26233896076479846,0.9559212209850602
2026-09-01,Dortmund,0.266667194891535,-0.276572862660712,0.543240057552247
2026-09-01,Leverkusen,0.24833995389069521,-0.14427989038255218,0.39261984427324736
2026-09-01,RB Leipzig,0.18227355321278732,-0.13734584065758274,0.3196193938703701
2026-09-01,Stuttgart,0.2583740215325149,-0.05198028437938569,0.31035430591190055
2026-09-01,Ein Frankfurt,0.14320371806898705,0.06496394428467799,0.07823977378430906
2026-09-01,Hoffenheim,0.12215896666911713,0.0730550008796011,0.049103965789516035
2026-09-01,Mainz,-0.0984966104897007,-0.10988125265966028,0.011384642169959588
2026-09-01,Freiburg,0.011683417394377603,0.005754407588381157,0.0059290098059964465
2026-09-01,M'gladbach,-0.09639402535515464,0.0033446141742151194,-0.09973863952936976
2026-09-01,Augsburg,-0.13224093483741453,0.00932261036061327,-0.1415635451980278
2026-09-01,Hamburg,-0.18056575290580826,-0.02468944749916513,-0.15587630540664313
2026-09-01,FC Koln,-0.05296555628150572,0.11582342170997771,-0.16878897799148343
2026-09-01,Union Berlin,-0.14531488323676045,0.029411273376621982,-0.17472615661338242
2026-09-01,Werder Bremen,-0.17042662171754827,0.059920054550639625,-0.2303466762681879
2026-09-01,Elversberg,-0.13025856272429243,0.26863817169641535,-0.3988967344207078
2026-09-01,Paderborn,-0.38366373079668264,0.12678690488362146,-0.5104506356803041
2026-09-01,Schalke 04,-0.38620469458299916,0.35022817010321916,-0.7364328646862184
2026-10-01,Bayern Munich,0.6652593753909618,-0.2925496058632541,0.9578089812542159
2026-10-01,Dortmund,0.2562728301195563,-0.3023865727455057,0.558659402865062
2026-10-01,Leverkusen,0.2556215275667413,-0.16987402552774927,0.42549555309449055
2026-10-01,RB Leipzig,0.17019086193884034,-0.11638418305205686,0.2865750449908972
2026-10-01,Stuttgart,0.22529193006646125,-0.05673368761279946,0.2820256176792607
2026-10-01,Freiburg,0.042305389981543096,-0.02268309526293162,0.06498848524447472
2026-10-01,Mainz,-0.016779040203122115,-0.06469721459703401,0.0479181743939119
2026-10-01,Ein Frankfurt,0.13382343678702013,0.10656087377547487,0.02726256301154527
2026-10-01,Hoffenheim,0.10708920133850054,0.10936454151293001,-0.0022753401744294716
2026-10-01,Augsburg,-0.06346523509714153,0.0323782167305992,-0.09584345182774073
2026-10-01,Werder Bremen,-0.13076299320314838,0.05794351253858438,-0.18870650574173276
2026-10-01,M'gladbach,-0.07704745289253082,0.13501710272583656,-0.21206455561836737
2026-10-01,Elversberg,-0.059227038048467164,0.164181663283265,-0.22340870133173216
2026-10-01,FC Koln,-0.0975488928515289,0.1507400619940886,-0.2482889548456175
2026-10-01,Union Berlin,-0.1983406722172394,0.13864886829207793,-0.3369895405093173
2026-10-01,Hamburg,-0.23711770602984023,0.11144063028778467,-0.3485583363176249
2026-10-01,Schalke 04,-0.40417578535224175,0.03289046714675858,-0.43706625249900033
2026-10-01,Paderborn,-0.3847929754234629,0.0799286215892105,-0.4647215970126734
