Matchday,Kickoff,HomeTeam,AwayTeam,pH,pD,pA,xG_home,xG_away,drv_base,drv_home_adv,drv_home_attack,drv_away_defence,drv_away_attack,drv_home_defence,FTHG,FTAG,book_pH,book_pD,book_pA,ml_pH,ml_pD,ml_pA,Season
1,2019-08-16 20:30:00,Bayern Munich,Hertha,0.7974397077256621,0.13580428103028425,0.06675601124405361,2.9012945976708875,0.7876795372371319,0.22818768086406366,0.2732113052408879,0.5206160026930061,0.04314206157179738,-0.06626414657938595,-0.400587484758199,2,2,0.8190578613155235,0.1197872122173953,0.06115492646708119,0.7877622142537053,0.11420900069502685,0.09802878505126782,2019
1,2019-08-17 15:30:00,Dortmund,Augsburg,0.721182196450054,0.16244861740564068,0.11636918614430536,2.8145091195835805,1.10968545577328,0.22818768086406366,0.2732113052408879,0.3393917083410606,0.19399717168513667,-0.034644845756246455,-0.0894662331185651,5,1,0.828752739685413,0.11868557753519494,0.052561682779391966,0.8162618427552897,0.09948550991116108,0.08425264733354934,2019
1,2019-08-17 15:30:00,Freiburg,Mainz,0.4101943784545044,0.27052337525189346,0.3192822462936023,1.5412501082090073,1.3379682415124063,0.22818768086406366,0.2732113052408879,-0.12428720134401354,0.05548206094407821,-0.0609305071863848,0.1238950519562307,3,0,0.3660105086658476,0.29036092024859034,0.343628571085562,0.36220151028412123,0.2844776533017943,0.3533208364140845,2019
1,2019-08-17 15:30:00,Leverkusen,Paderborn,0.767587792552503,0.14783823387736109,0.08457397357013618,2.8507772135640734,0.9046368840828052,0.22818768086406366,0.2732113052408879,0.24619267751165522,0.3,-0.3,-0.02840932971946937,3,2,0.7642103648851449,0.14651272332920723,0.08927691178564778,0.7052943328292807,0.14727044070359166,0.14743522646712756,2019
1,2019-08-17 15:30:00,Werder Bremen,Fortuna Dusseldorf,0.566097624526543,0.22674601979412487,0.20715635567933205,2.097272675489024,1.2191747446589458,0.22818768086406366,0.2732113052408879,0.06794632461645791,0.17129246397490946,0.03625601928413831,-0.06626950909513239,1,3,0.5655942927931717,0.2348536498330369,0.19955205737379128,0.47177030771123146,0.29575103328146735,0.23247865900730108,2019
1,2019-08-17 15:30:00,Wolfsburg,FC Koln,0.6343081826727394,0.21409893692755133,0.15159288039970945,2.16899374660882,0.986044787949911,0.22818768086406366,0.2732113052408879,0.06714396668477852,0.20572039597515732,-0.22261032862873623,-0.019630853762171337,2,1,0.46128377460714826,0.27049785083195377,0.268218374560898,0.6653122987167328,0.19100221596478836,0.1436854853184789,2019
1,2019-08-17 18:30:00,M'gladbach,Schalke 04,0.5003615798228369,0.2747451583530996,0.22489326182406358,1.5911776147532277,0.9956518449579964,0.22818768086406366,0.2732113052408879,0.010413118499202024,-0.04733772429956564,-0.13344326019130076,-0.09910205643330515,0,0,0.4351390756063848,0.27909794936852667,0.2857629750250885,0.5214890205172111,0.26233434782397275,0.21617663165881612,2019
1,2019-08-18 15:30:00,Ein Frankfurt,Hoffenheim,0.39594375900962175,0.25232153066505375,0.35173471032532466,1.6776142629619866,1.5733547794657983,0.22818768086406366,0.2732113052408879,0.023230795542627077,-0.007257079074101926,0.2730852037337941,-0.04806274274500778,1,0,0.4506224558645797,0.2554330498483714,0.29394449428704894,0.31794604574883484,0.27578562947513374,0.4062683247760315,2019
1,2019-08-18 18:00:00,Union Berlin,RB Leipzig,0.1558940488267494,0.22595416183865524,0.6181517893345955,0.9390388168491199,2.036383266379552,0.22818768086406366,0.2732113052408879,-0.3,-0.26429744823577245,0.18298764489205657,0.3,0,4,0.21080800841707203,0.2422957868894954,0.5468962046934326,0.26486917338304267,0.42047145031877303,0.3146593762981844,2019
2,2019-08-23 20:30:00,FC Koln,Dortmund,0.18865701561305348,0.21496220400153696,0.5963807803854093,1.2072839270168412,2.2303376882075296,0.24106938957513896,0.26653533093234727,-0.22441471376055006,-0.09481685864356915,0.36316187365669245,0.19792174046535316,1,3,0.1629949081536998,0.20754449259484117,0.6294605992514591,0.21093344263010722,0.20233311858383776,0.586733438786055,2019
2,2019-08-24 15:30:00,Augsburg,Union Berlin,0.6795583166801511,0.18529284271158247,0.13514884060826643,2.519413166331996,1.0769109320806536,0.24106938957513896,0.26653533093234727,-0.03620109787055308,0.45262238126467663,-0.38389926319354956,0.21692656835486393,1,1,0.402679972162261,0.2823525248593369,0.3149675029784022,0.36578207332841267,0.23886687657397737,0.3953510500976099,2019
2,2019-08-24 15:30:00,Fortuna Dusseldorf,Leverkusen,0.35892871877913085,0.2349161283787881,0.40615515284208104,1.7627983646133534,1.8801169280421917,0.24106938957513896,0.26653533093234727,0.07589826201836332,-0.01660045626162351,0.2470068502925112,0.14325773080725437,1,3,0.19887410524692295,0.21548435782962308,0.5856415369234541,0.29809147131804475,0.37104516964755285,0.3308633590344023,2019
2,2019-08-24 15:30:00,Hoffenheim,Werder Bremen,0.5349457432027729,0.232223179975156,0.2328310768220711,2.040808138656919,1.3049913176681047,0.24106938957513896,0.26653533093234727,0.24871354072769658,-0.042972385423876075,0.050635478170578146,-0.025508480121081565,3,2,0.4531654942613847,0.265605331358756,0.28122917437985934,0.4593801975539273,0.238655143418753,0.3019646590273198,2019
2,2019-08-24 15:30:00,Mainz,M'gladbach,0.3594974977074148,0.2834526676100256,0.35704983468255963,1.3463850074090034,1.3410849806098524,0.24106938957513896,0.26653533093234727,-0.08544132347782608,-0.12474016851433858,-0.01811016127904623,0.07051974506930259,1,3,0.356747437681893,0.27552828039984817,0.3677242819182589,0.4188346924827902,0.28482565216396016,0.2963396553532497,2019
2,2019-08-24 15:30:00,Paderborn,Freiburg,0.35206756540173423,0.26171568972805154,0.38621674487021407,1.4936979809414679,1.5721184137211779,0.24106938957513896,0.26653533093234727,-0.20360464502754724,0.0972548361370275,-0.09854849660416967,0.3099031249937674,1,3,0.40355184201702693,0.25849131502171724,0.33795684296125583,0.37345321795407815,0.2658867675519469,0.36066001449397506,2019
2,2019-08-24 18:30:00,Schalke 04,Bayern Munich,0.17283667478961498,0.23578194257373375,0.5913813826366514,0.9761534946122196,1.9538679870418048,0.24106938957513896,0.26653533093234727,-0.15442558035329088,-0.37731457601882656,0.5099747938007596,-0.08123319240516329,0,3,0.1000564227948091,0.17998871544103817,0.7199548617641527,0.17606289176963028,0.17076684643246332,0.6531702617979065,2019
2,2019-08-25 15:30:00,RB Leipzig,Ein Frankfurt,0.5771807168877512,0.24354652771002697,0.1792727554022217,1.8781248770374173,0.9647971963502272,0.24106938957513896,0.26653533093234727,0.20405170523655777,-0.0813825524735368,0.009516004400850864,-0.2864227529282474,2,1,0.6664019456991115,0.19448056782647535,0.13911748647441305,0.5909848874414518,0.2587262828071719,0.15028882975137633,2019
2,2019-08-25 18:00:00,Hertha,Wolfsburg,0.4009958228073207,0.2680875794341953,0.3309165977584838,1.5459947003764791,1.3880784923765264,0.24106938957513896,0.26653533093234727,-0.0463032844577627,-0.025633913848661802,0.06298756236443075,0.02386345924966146,0,3,0.38189180729288424,0.27834679831842873,0.3397613943886871,0.33374388529944715,0.3314739525196192,0.3347821621809336,2019
3,2019-08-30 20:30:00,M'gladbach,RB Leipzig,0.32102550863259205,0.2855999867848391,0.39337450458256873,1.2408441776194767,1.3963709732186766,0.25802362641072785,0.2360737033600736,0.009097710280728836,-0.2874031036630837,0.20837766051844991,-0.1325245777636589,1,3,0.30819771173960653,0.25752369444549333,0.4342785938149001,0.3983270587194462,0.2920473814279564,0.3096255598525974,2019
3,2019-08-31 15:30:00,Bayern Munich,Mainz,0.8110019637141999,0.12715660458925174,0.0618414316965485,3.0182423163091183,0.792548975505688,0.25802362641072785,0.2360737033600736,0.5185951264895403,0.09198219122309094,-0.09125794121878582,-0.39926666158675944,6,1,0.8711875683570348,0.08931093431432789,0.03950149732863719,0.740770027701089,0.15910833217836393,0.10012164012054699,2019
3,2019-08-31 15:30:00,Freiburg,FC Koln,0.5412216011775048,0.24521559181583563,0.21356280700665936,1.8833757134771185,1.1209141569839283,0.25802362641072785,0.2360737033600736,-0.07579861233173116,0.21476704152920023,-0.23207745493264353,0.08819839250217276,1,2,0.3683278120705133,0.2757135934285056,0.35595859450098105,0.5949665007620926,0.26875634901992734,0.13627715021798015,2019
3,2019-08-31 15:30:00,Leverkusen,Hoffenheim,0.4768779999695617,0.22690472417907515,0.29621727585136326,2.0872002661041362,1.6311853633126288,0.25802362641072785,0.2360737033600736,0.2569140679082779,-0.015187815345348061,0.2617059860723298,-0.030422645202153136,0,0,0.636663080702543,0.193710876481504,0.16962604281595287,0.6051018513689822,0.19178605427247045,0.2031120943585473,2019
3,2019-08-31 15:30:00,Schalke 04,Hertha,0.4313238467864092,0.2866470571537023,0.2820290960598884,1.4435770745118872,1.125249389099745,0.25802362641072785,0.2360737033600736,-0.17153817593877294,0.044564959052450726,-0.07204183235071829,-0.06797710377105594,3,0,0.45937679220034405,0.2722232842668706,0.2683999235327853,0.45293076107867586,0.2269627165237024,0.3201065223976219,2019
3,2019-08-31 15:30:00,Wolfsburg,Paderborn,0.7287103490482886,0.16642259400115453,0.1048670569505568,2.6709518638633196,0.964303647489288,0.25802362641072785,0.2360737033600736,0.08595010436429823,0.40238747806444464,-0.24185113791746146,-0.052521535440772045,1,1,0.6535748891192235,0.19756093956812965,0.14886417131264684,0.5937762540681633,0.2541633050132841,0.15206044091855261,2019
3,2019-08-31 18:30:00,Union Berlin,Dortmund,0.1117301297715206,0.16937245275960217,0.7188974174688775,1.005040949855287,2.6629909622299253,0.25802362641072785,0.2360737033600736,-0.3890655789302602,-0.10000346403493923,0.3708138537931721,0.3506124327918415,3,1,0.12535623548263536,0.18427609084487986,0.6903676736724847,0.26946690124499484,0.2490041785690608,0.48152892018594434,2019
3,2019-09-01 15:30:00,Werder Bremen,Augsburg,0.5852363738780149,0.22129485466143106,0.1934687714605539,2.1530978406256747,1.18615298108684,0.25802362641072785,0.2360737033600736,0.06117852353801249,0.21163180789859293,-0.05818589460407389,-0.02912245043749369,3,2,0.6201726487960018,0.21656822656368316,0.163259124640315,0.5383347182791068,0.23569992554801958,0.22596535617287355,2019
3,2019-09-01 18:00:00,Ein Frankfurt,Fortuna Dusseldorf,0.522232270610226,0.240255767774607,0.2375119616151669,1.9434365018607547,1.264719831072628,0.25802362641072785,0.2360737033600736,0.008769950177744443,0.1615905187726702,0.058705666752313826,-0.08187867292624454,2,1,0.5999032980059114,0.2244344103127998,0.17566229168128897,0.41210393433961773,0.2654672187382195,0.3224288469221627,2019
4,2019-09-13 20:30:00,Fortuna Dusseldorf,Wolfsburg,0.3799573346389832,0.2524169470597436,0.3676257183012729,1.6423195353715236,1.6132297708304366,0.2549090264303702,0.24364045200952864,0.04360633690441351,-0.04604622192397013,0.054878781870276214,0.16845043006538618,1,1,0.3094475125565328,0.25983500374991475,0.43071748369355234,0.36253621284138327,0.27953805799210585,0.35792572916651083,2019
4,2019-09-14 15:30:00,Augsburg,Ein Frankfurt,0.33205782684304663,0.2608334377661102,0.40710873539084325,1.4473664869659952,1.6199072630632259,0.2549090264303702,0.24364045200952864,-0.04858665492160699,-0.08021713429113916,-0.0004800501291756353,0.22793992628183915,2,1,0.2525641025641026,0.2423076923076923,0.5051282051282052,0.2948709233659029,0.32341941537543734,0.38170966125865974,2019
4,2019-09-14 15:30:00,Dortmund,Leverkusen,0.5251557179724395,0.22031419134837413,0.2545300906791864,2.2019074071388753,1.5129530594177991,0.2549090264303702,0.24364045200952864,0.34341535304815346,-0.052640843509052834,0.22239910730694742,-0.0632447242519038,4,0,0.5224951706479639,0.24024275434315928,0.23726207500887692,0.644520345557701,0.1715173477742986,0.18396230666800029,2019
4,2019-09-14 15:30:00,FC Koln,M'gladbach,0.28222313211117755,0.27284176971087154,0.44493509817795096,1.2097399728245306,1.5691954710912959,0.2549090264303702,0.24364045200952864,-0.20962512964914903,-0.09851891076821309,-0.0029092974841078293,0.19856332027697032,0,1,0.43271975588148437,0.26272270892804406,0.30455753519047146,0.3680927716272206,0.22770324176314524,0.4042039866096342,2019
4,2019-09-14 15:30:00,Mainz,Hertha,0.4262263388886547,0.26536034894861577,0.3084133121627297,1.6101811742673036,1.343430741714923,0.2549090264303702,0.24364045200952864,-0.09461366971538539,0.07241089454157468,-0.099701073656103,0.14001864433018532,2,1,0.4009245137285192,0.27340984030770077,0.32566564596378006,0.4166519978506975,0.25884592512380056,0.324502077025502,2019
4,2019-09-14 15:30:00,Union Berlin,Werder Bremen,0.26637161787794317,0.25421075238879254,0.47941762973326446,1.2811331240033104,1.7740852129877025,0.2549090264303702,0.24364045200952864,-0.2434103268896608,-0.007394212096579694,0.06530703388611471,0.2530688567959262,1,2,0.4019731204792305,0.25997174639689363,0.33805513312387586,0.36774928869120505,0.23778657428983863,0.3944641370189563,2019
4,2019-09-14 18:30:00,RB Leipzig,Bayern Munich,0.3143117071964169,0.2600311140200218,0.4256571787835613,1.4015501562846786,1.6575788613177571,0.2549090264303702,0.24364045200952864,0.22319939924742585,-0.3841699991311802,0.5366052853170243,-0.286156291329082,1,1,0.2229381443298969,0.2229381443298969,0.5541237113402062,0.3860904291287612,0.2270343446955831,0.38687522617565573,2019
4,2019-09-15 15:30:00,Hoffenheim,Freiburg,0.6296975578171498,0.20651122111311426,0.16379122106973606,2.298255002607067,1.1180406945249157,0.2549090264303702,0.24364045200952864,0.22740186588007547,0.10619879614212134,-0.0978155623739732,-0.04551569058976371,0,3,0.49556297069184596,0.2591968925298815,0.2452401367782725,0.6573573626667624,0.1520590341883793,0.19058360314485848,2019
4,2019-09-15 18:00:00,Paderborn,Schalke 04,0.28645133378132115,0.27744076835798925,0.43610789786068965,1.1939749130957216,1.5209287590867548,0.2549090264303702,0.24364045200952864,-0.24158233601834778,-0.0796791384794742,-0.15113522380876146,0.3155473713513421,1,5,0.3125697256819745,0.2642163979521663,0.4232138763658593,0.3676105592724542,0.22871497322617163,0.4036744675013742,2019
5,2019-09-20 20:30:00,Schalke 04,Mainz,0.5068644252791491,0.26112238709533,0.2320131876255208,1.7179202222987895,1.1006901496108024,0.2643863670314787,0.23555706042178387,-0.08877026854883623,0.12994122719921955,-0.08367858908441152,-0.08477038614422491,2,1,0.5763934645924305,0.23451302726064568,0.18909350814692383,0.46536490002278025,0.2846920086314779,0.24994309134574186,2019
5,2019-09-21 15:30:00,Bayern Munich,FC Koln,0.86555251017683,0.09611244007262078,0.03833504975054928,3.353862637757966,0.681490842292863,0.2643863670314787,0.23555706042178387,0.5319624521894718,0.17820682816647332,-0.2499823086845688,-0.3978765238574138,4,0,0.8607585055453091,0.09660686968203167,0.04263462477265922,0.7862300370111984,0.09798126299098328,0.1157886999978182,2019
5,2019-09-21 15:30:00,Freiburg,Augsburg,0.49739697353859824,0.2426865608541879,0.25991646560721376,1.908927917467246,1.342395015398491,0.2643863670314787,0.23555706042178387,-0.06708295051986335,0.21368130778209093,-0.036834990030099636,0.06690396652116909,1,1,0.500292406660716,0.25279325310104966,0.2469143402382345,0.5210525036590651,0.2323573178917888,0.24659017844914613,2019
5,2019-09-21 15:30:00,Hertha,Paderborn,0.6635267247817301,0.19257585541845806,0.14389741979981202,2.441046405540908,1.086430585277388,0.2643863670314787,0.23555706042178387,-0.10212350809267556,0.4946068827424968,-0.25371786799110463,0.07222913125510196,2,1,0.5903244021646624,0.21490461382174228,0.19477098401359536,0.572102382063522,0.20276749844135045,0.22513011949512743,2019
5,2019-09-21 15:30:00,Leverkusen,Union Berlin,0.7148872397744487,0.173141676926093,0.11197108329945824,2.601652683081463,0.9771832831095356,0.2643863670314787,0.23555706042178387,0.19792422253880607,0.25827924043619194,-0.25921652095155057,-0.02825089275323757,2,0,0.6998633272683061,0.17857675892774794,0.12155991380394592,0.7338922225725549,0.15188390986067477,0.11422386756677033,2019
5,2019-09-21 18:30:00,Werder Bremen,RB Leipzig,0.3018981882104347,0.2675123636751965,0.430589448114369,1.3079705965946549,1.5973715596788975,0.2643863670314787,0.23555706042178387,0.07206093522917947,-0.3035275895678016,0.2193869414749107,-0.015413805296137503,0,3,0.23003905670638253,0.22623226380580408,0.5437286794878133,0.3547363154693086,0.28685446685294747,0.35840921767774386,2019
5,2019-09-22 15:30:00,M'gladbach,Fortuna Dusseldorf,0.5304980009465279,0.24400721854105772,0.2254947805124144,1.8995850674707115,1.183679267239098,0.2643863670314787,0.23555706042178387,-0.009112255831498004,0.15080430515930462,0.03032359547785811,-0.12608235190078487,2,1,0.5434465526472888,0.24587813178900464,0.21067531556370664,0.4950045049113792,0.28137736214002007,0.2236181329486008,2019
5,2019-09-22 18:00:00,Ein Frankfurt,Dortmund,0.32091509129636725,0.25135600855690227,0.4277289001467305,1.4923182189498274,1.7442040398181609,0.2643863670314787,0.23555706042178387,-0.007410097439003027,-0.09220256749594144,0.3662373657895828,-0.07432541886911255,2,2,0.19290494304772784,0.2164725152752783,0.5906225416769938,0.33276267705910934,0.28298172822249457,0.38425559471839615,2019
5,2019-09-23 20:30:00,Wolfsburg,Hoffenheim,0.41250162313096395,0.2550693616501476,0.3324290152188885,1.6827463219099523,1.4956555311486517,0.2643863670314787,0.23555706042178387,0.04080314084317325,-0.02031939415157007,0.1990282220475247,-0.060849995967977015,1,1,0.4578330469319635,0.25653379841496077,0.2856331546530757,0.5790122631465756,0.1969927538457509,0.22399498300767345,2019
6,2019-09-27 20:30:00,Union Berlin,Ein Frankfurt,0.24525579736051412,0.2683323785698451,0.4864118240696408,1.10875780912748,1.6425841055317139,0.2565139326705252,0.23438757568058832,-0.3213815470732713,-0.06627966347950044,0.008322968487493336,0.231433774710812,1,2,0.329244906425379,0.27125290586181794,0.39950218771280294,0.3746502384403233,0.19939399232486044,0.42595576923481626,2019
6,2019-09-28 15:30:00,Augsburg,Leverkusen,0.2950460109690205,0.2387917474484879,0.46616224158249164,1.5133725729636078,1.9300022054384707,0.2565139326705252,0.23438757568058832,-0.03755768845900652,-0.0390031675720113,0.19600867931942653,0.2049985336404231,0,3,0.22298932449339287,0.22722665132462128,0.5497840241819859,0.3449249806569287,0.23708665091449233,0.41798836842857895,2019
6,2019-09-28 15:30:00,Hoffenheim,M'gladbach,0.48052148170711084,0.2563546383829685,0.26312387990992075,1.753211427070122,1.2536024533681975,0.2565139326705252,0.23438757568058832,0.19638137308412637,-0.1258336740579371,-0.003554124981156556,-0.026938438573379343,0,3,0.35279260594776557,0.2693149189066042,0.3778924751456304,0.4096928523928976,0.272670806427931,0.3176363411791714,2019
6,2019-09-28 15:30:00,Mainz,Wolfsburg,0.3388195266355307,0.26747295728300935,0.39370751608146004,1.413836788675752,1.5378038639789948,0.2565139326705252,0.23438757568058832,-0.07835500766133328,-0.06623936514208113,0.03611446409242056,0.1377269395166342,0,1,0.3384822822538677,0.2735014429673085,0.3880162747788239,0.36402015749097927,0.26456144362229483,0.3714183988867259,2019
6,2019-09-28 15:30:00,Paderborn,Bayern Munich,0.044847917401284035,0.09354246826275561,0.8616096143359604,0.8404501123967586,3.585202509963523,0.2565139326705252,0.23438757568058832,-0.2563573429827284,-0.4083618479371061,0.5420083462726926,0.47829268164784533,2,3,0.046176221926785235,0.09103563144120967,0.8627881466320051,0.1949077106994215,0.14581570986763737,0.6592765794329412,2019
6,2019-09-28 15:30:00,RB Leipzig,Schalke 04,0.6119578839106417,0.23568822590789942,0.15235389018145867,1.9230628962076808,0.8646839235828233,0.2565139326705252,0.23438757568058832,0.24433063791828308,-0.08131297286133975,-0.07728333617320933,-0.32462184158734164,1,3,0.6078555047318214,0.22142300288374936,0.17072149238442927,0.6138464910120077,0.2198232688084425,0.16633024017954984,2019
6,2019-09-28 18:30:00,Dortmund,Werder Bremen,0.6169307768829925,0.2017722677983013,0.18129695531870615,2.405661970155712,1.2711804551870065,0.2565139326705252,0.23438757568058832,0.37605777016658964,0.010865834632379796,0.060359800607544964,-0.07692777224478609,2,2,0.7235686402081978,0.16639557579700714,0.11003578399479506,0.6929480023773873,0.17255626745426472,0.13449573016834798,2019
6,2019-09-29 15:30:00,Fortuna Dusseldorf,Freiburg,0.4600019315108871,0.2501103386419581,0.2898877298471547,1.7991879497000027,1.3987440739091823,0.2565139326705252,0.23438757568058832,0.03118247804133078,0.06525143766028041,-0.0772295516949197,0.15629036295463278,1,2,0.37456166419019316,0.2768499257057949,0.34858841010401187,0.3783172108220557,0.2792778752555331,0.3424049139224112,2019
6,2019-09-29 18:00:00,FC Koln,Hertha,0.34317308304147087,0.27845663060852377,0.37837028635000536,1.3441434177755645,1.4213431578883915,0.2565139326705252,0.23438757568058832,-0.26998747690428243,0.07484291461549429,-0.10313699552048756,0.1982253732319137,0,4,0.44869485438088097,0.26770869463060964,0.28359645098850933,0.36530638264635906,0.29374199150049357,0.34095162585314737,2019
7,2019-10-04 20:30:00,Hertha,Fortuna Dusseldorf,0.4541457092995062,0.25022608557284,0.295628205127654,1.7915259545665323,1.4180622943340915,0.2785052055930203,0.20197231004651872,-0.060706166096218234,0.16329639573198393,0.015251375167218313,0.05553477750893662,3,1,0.5755230603794993,0.2291051031726544,0.19537183644784636,0.46402312631130055,0.28193826168895714,0.2540386119997423,2019
7,2019-10-05 15:30:00,Bayern Munich,Hoffenheim,0.7187973486148382,0.1657973847280284,0.11540526665713323,2.7472605347894166,1.0699118164133616,0.2785052055930203,0.20197231004651872,0.5320981644798648,-0.0019714341146775676,0.17183973378856587,-0.3827687088709902,1,2,0.8653513468984265,0.09205865392536453,0.042589999176208905,0.7675194625151632,0.11790607311062973,0.11457446437420699,2019
7,2019-10-05 15:30:00,Freiburg,Dortmund,0.25981939644936003,0.234429488451289,0.5057511150993509,1.4094344725948638,2.010370652604824,0.2785052055930203,0.20197231004651872,-0.0710705939128131,-0.06621838105810986,0.3671322544378584,0.052681649320733055,2,2,0.1844578493715873,0.23180054194637728,0.5837416086820355,0.28415497741332274,0.3135988364457798,0.4022461861408974,2019
7,2019-10-05 15:30:00,Leverkusen,RB Leipzig,0.3561516068876169,0.2622442264289712,0.3816041666834118,1.4995521875297786,1.5579240595381691,0.2785052055930203,0.20197231004651872,0.20670672914318172,-0.2820177228937995,0.22989091707455012,-0.06504191868027598,1,1,0.39632957087852216,0.25884939453041694,0.34482103459106084,0.43418094682400776,0.2554345774829372,0.31038447569305494,2019
7,2019-10-05 15:30:00,Paderborn,Mainz,0.3106516854367962,0.24343412110070922,0.4459141934624946,1.5276489157821753,1.8534913501772599,0.2785052055930203,0.20197231004651872,-0.18266298372578174,0.1259153652717917,-0.10615910185047837,0.44472497310434733,1,2,0.3869510010395928,0.24825168118644003,0.36479731777396723,0.33348700428167094,0.2507019381569085,0.41581105756142056,2019
7,2019-10-05 18:30:00,Schalke 04,FC Koln,0.6290999424769246,0.22649568691533073,0.1444043706077447,2.006234167844834,0.8679710247025654,0.2785052055930203,0.20197231004651872,-0.0410201720711751,0.2568020728797824,-0.32041967751616895,-0.09968247463489098,1,1,0.5870728627866248,0.22306031849468494,0.18986681871869016,0.5226762580082173,0.27901050912055947,0.19831323287122327,2019
7,2019-10-06 13:30:00,M'gladbach,Augsburg,0.5912515911992414,0.22867583088719684,0.18007257791356157,2.044589075747629,1.0597243346376344,0.2785052055930203,0.20197231004651872,0.01875709720227362,0.21596221550690925,-0.06488979609289391,-0.15560659686065786,5,1,0.6202745827749443,0.214175528581483,0.16554988864357265,0.6249801941589845,0.23722290614854694,0.13779689969246856,2019
7,2019-10-06 15:30:00,Wolfsburg,Union Berlin,0.6520453342146222,0.2144927397409676,0.13346192604441007,2.1158568903736676,0.8665940992965998,0.2785052055930203,0.20197231004651872,0.023666554239694555,0.24531580968111216,-0.32950644234647974,-0.09218334197374475,1,0,0.48960322143923357,0.27753670982747247,0.232860068733294,0.6267061946500196,0.23487043270867963,0.13842337264130083,2019
7,2019-10-06 18:00:00,Ein Frankfurt,Werder Bremen,0.4393527660537803,0.2636794123862485,0.29696782155997115,1.6430422835688239,1.319786627848305,0.2785052055930203,0.20197231004651872,0.010142431092342452,0.005929627578719378,0.06660787342393576,-0.06764300105419557,2,2,0.47797971741112116,0.2542445305378304,0.2677757520510483,0.44907397590725007,0.28415042348480124,0.2667756006079488,2019
8,2019-10-18 20:30:00,Ein Frankfurt,Leverkusen,0.3695781028671663,0.2628243961145228,0.367597501018311,1.526578213172705,1.522042481055344,0.274592025100818,0.20288651511294745,0.017500769353796276,-0.07195054075794857,0.20055478271299584,-0.05509363742655133,3,0,0.34896061985412485,0.25429577085114413,0.3967436092947311,0.3936926213087049,0.3115171776360568,0.29479020105523823,2019
8,2019-10-19 15:30:00,Augsburg,Bayern Munich,0.1071220804151919,0.15783221904070574,0.7350457005441025,1.0601235679833267,2.8404336942727397,0.274592025100818,0.20288651511294745,-0.060958591414968885,-0.35813447389981506,0.5160189127749274,0.2533458118894634,2,2,0.0512104842284376,0.10449631119121494,0.8442932045803474,0.1749975872532806,0.10263641094042308,0.7223660018062964,2019
8,2019-10-19 15:30:00,Fortuna Dusseldorf,Mainz,0.46111568224190175,0.24734060819588935,0.2915437095622089,1.829570653832262,1.4271078412806655,0.274592025100818,0.20288651511294745,0.007409865198241522,0.11919291852261946,-0.10160530403629037,0.1826631866004442,1,0,0.3589177033041345,0.26668186893547424,0.3744004277603914,0.43202731220085044,0.2383823187089061,0.3295903690902435,2019
8,2019-10-19 15:30:00,RB Leipzig,Wolfsburg,0.5544170400503634,0.25138047432803334,0.19420248562160325,1.809379617089099,0.9930997958058873,0.274592025100818,0.20288651511294745,0.2221730317407065,-0.10666753841941715,0.007845601588608003,-0.28936174737511267,1,1,0.6189457016751688,0.21811816489239358,0.1629361334324376,0.6664371174675064,0.18600479354383465,0.14755808898865902,2019
8,2019-10-19 15:30:00,Union Berlin,Freiburg,0.2787684087243083,0.2788676872593322,0.44236390401635944,1.1610470031706173,1.51659036199543,0.274592025100818,0.20288651511294745,-0.38185000394649643,0.053693650702731445,-0.06021532453109562,0.20208793168715367,2,0,0.36155414318263585,0.28492625014989803,0.3535196066674661,0.3436586261513367,0.2278108578290322,0.42853051601963116,2019
8,2019-10-19 15:30:00,Werder Bremen,Hertha,0.49367049409535535,0.24905348526501575,0.2572760206396289,1.8366732627232838,1.2832639696798644,0.274592025100818,0.20288651511294745,0.07846653726624424,0.05201084832964729,-0.03920544991500282,0.01402023338493017,1,1,0.4113525529859519,0.26732154703848976,0.3213258999755583,0.5155998661161626,0.27611810313305535,0.20828203075078205,2019
8,2019-10-19 18:30:00,Dortmund,M'gladbach,0.5199822390710187,0.23576210907649625,0.2442556518524851,1.9972502893910167,1.329693783293105,0.274592025100818,0.20288651511294745,0.3672342146267942,-0.1529413755658173,0.06463005799553372,-0.05427340549704036,1,0,0.612798183637803,0.21243670366110506,0.1747651127010919,0.5944803642944277,0.1955814830518505,0.20993815265372162,2019
8,2019-10-20 15:30:00,FC Koln,Paderborn,0.48345826319177987,0.24700682731271978,0.26953490949550046,1.8527237707809874,1.347221728677068,0.274592025100818,0.20288651511294745,-0.31348497515075585,0.4526632997739471,-0.21255073584255624,0.23600320388620383,3,0,0.5586623313534343,0.21761106756591636,0.22372660108064935,0.4264855325247025,0.18436765695748347,0.3891468105178139,2019
8,2019-10-20 18:00:00,Hoffenheim,Schalke 04,0.492344346736283,0.2564748394394722,0.25118081382424484,1.7588570648922148,1.206799202152944,0.274592025100818,0.20288651511294745,0.183855684384118,-0.09667002144365801,-0.056496719986724155,-0.030123737937708617,2,0,0.35915473552024,0.26911312577009533,0.37173213870966476,0.40640141390718754,0.28037811393096035,0.31322047216185206,2019
9,2019-10-25 20:30:00,Mainz,FC Koln,0.5206771923149319,0.25553037978075777,0.22379242790431025,1.7754441318433924,1.100853020241728,0.25451661614850063,0.22652277431283824,-0.12259660376035075,0.21560782005084592,-0.27303933921854745,0.11460807529760664,3,1,0.3730554924257266,0.2638182487872542,0.3631262587870191,0.4516403260671202,0.27432845082738355,0.2740312231054962,2019
9,2019-10-26 15:30:00,Bayern Munich,Union Berlin,0.8457212985218434,0.11006042408838189,0.04421827738977463,3.122663096236098,0.6660794258556223,0.25451661614850063,0.22652277431283824,0.5126101653139574,0.1450366384598423,-0.33222236822416784,-0.3286406054352806,2,1,0.8670362926615833,0.09006042699978675,0.042903280338629855,0.7770594964957513,0.1254103591940927,0.09753014431015601,2019
9,2019-10-26 15:30:00,Freiburg,RB Leipzig,0.23793723874727507,0.260385014427963,0.501677746824762,1.1290156640016893,1.7237491631224133,0.25451661614850063,0.22652277431283824,-0.07818059570072605,-0.28151263546286,0.2164984833701875,0.07348656510833124,2,1,0.19953515398024405,0.23707147007553747,0.5633933759442185,0.28528159507126144,0.3765339657500347,0.33818443917870394,2019
9,2019-10-26 15:30:00,Hertha,Hoffenheim,0.3392547009869235,0.25799968107798815,0.40274561793508845,1.4905101288924314,1.6377248500593173,0.25451661614850063,0.22652277431283824,-0.03929273660249817,-0.04262822411197248,0.19171449791721162,0.04707687804831226,2,3,0.45255744996293557,0.25808005930318756,0.289362490733877,0.3706467730124311,0.27834866052129176,0.35100456646627703,2019
9,2019-10-26 15:30:00,Paderborn,Fortuna Dusseldorf,0.2502967898345239,0.22692544611116222,0.5227777640543138,1.43176882058792,2.110498769664005,0.25451661614850063,0.22652277431283824,-0.2854037119362083,0.16327493884385721,-0.007096123771076118,0.4995038109033362,2,0,0.3817915853998328,0.25250766230147675,0.3657007522986904,0.35207938970272346,0.21551515060751036,0.4324054596897662,2019
9,2019-10-26 15:30:00,Schalke 04,Dortmund,0.3070677842108983,0.2572356921436314,0.4356965236454703,1.4006101580909442,1.698360802912731,0.25451661614850063,0.22652277431283824,-0.07216671943008966,-0.07196470214731111,0.36049535333740534,-0.08534841717672825,0,0,0.3006952890153515,0.2724247917574979,0.42687991922715074,0.320224040992267,0.30681128107640454,0.3729646779313284,2019
9,2019-10-26 18:30:00,Leverkusen,Werder Bremen,0.5156301820147452,0.23724743646066473,0.24712238152459015,1.978612787623567,1.3306728929849188,0.25451661614850063,0.22652277431283824,0.1864673577329919,0.014889238657284094,0.07332880576238333,-0.04216067304384023,2,2,0.5626106220622883,0.2321451595888083,0.20524421834890347,0.5179256407578307,0.248251509221068,0.2338228500211013,2019
9,2019-10-27 15:30:00,Wolfsburg,Augsburg,0.5932798133293262,0.22381670908618778,0.182903477584486,2.107299711046128,1.1084216127665767,0.25451661614850063,0.22652277431283824,0.01472067951441987,0.24964730012483674,-0.038134143967143916,-0.11344543929713063,0,0,0.5935264880591586,0.23081585646745062,0.17565765547339068,0.5166407534086226,0.26971059042928064,0.21364865616209675,2019
9,2019-10-27 18:00:00,M'gladbach,Ein Frankfurt,0.4623353168777422,0.2733589302128235,0.2643057529094346,1.5818116811341387,1.1467491711492206,0.25451661614850063,0.22652277431283824,0.04990583259796203,-0.07237439927347594,0.04695635335748318,-0.16454183779355494,4,2,0.4570032154340836,0.2526816720257235,0.2903151125401929,0.5450321026279954,0.25628432542108004,0.19868357195092462,2019
10,2019-11-01 20:30:00,Hoffenheim,Paderborn,0.7872856798513113,0.13386298369507224,0.07885133645361636,3.0801295994059754,0.9608655697074188,0.2489763941630656,0.23372677698155828,0.20915877861655793,0.4331097240682713,-0.25836964179551214,-0.03052751800468977,3,0,0.6593284617519194,0.1931366201091481,0.14753491813893255,0.6405837449818192,0.1891014315898823,0.1703148234282984,2019
10,2019-11-02 15:30:00,Dortmund,Wolfsburg,0.5597998208165558,0.23548079186096516,0.204719387322479,1.9892498794548716,1.1435518338110948,0.2489763941630656,0.23372677698155828,0.336358676317701,-0.13130422478509954,-0.01902950774434227,-0.09580782387826017,3,0,0.6203268793436909,0.22584004590763213,0.15383307474867697,0.6061398150369492,0.22168805511746592,0.1721721298455848,2019
10,2019-11-02 15:30:00,Ein Frankfurt,Bayern Munich,0.21912368086068298,0.23017823851461253,0.5506980806247046,1.2542123580339766,2.061841938580895,0.2489763941630656,0.23372677698155828,0.0612286499422442,-0.3174240486886024,0.5015037540598598,-0.026880419988713898,5,1,0.14580742230471747,0.17306361921467375,0.6811289584806088,0.19640829019375394,0.17899783179784964,0.6245938780083964,2019
10,2019-11-02 15:30:00,Leverkusen,M'gladbach,0.4438007531024596,0.2586039991579253,0.2975952477396152,1.6958940235507562,1.3592839820058147,0.2489763941630656,0.23372677698155828,0.1880203078340415,-0.14251342967523348,0.08490839662036187,-0.02692671349599039,1,2,0.5049111708326397,0.2472233453040645,0.2478654838632958,0.552328576271767,0.20417417734077956,0.24349724638745335,2019
10,2019-11-02 15:30:00,RB Leipzig,Mainz,0.669299483652159,0.2032395542195834,0.12746096212825764,2.2356567336500905,0.8925029174934507,0.2489763941630656,0.23372677698155828,0.20494112566461659,0.11689072865293422,-0.10134192672647498,-0.26135996387005156,8,0,0.7117479848793437,0.17122842006073977,0.11702359505991664,0.6282022077690163,0.19550097652495677,0.1762968157060269,2019
10,2019-11-02 15:30:00,Werder Bremen,Freiburg,0.515775097177033,0.2457482098763499,0.238476692946617,1.8799221218956996,1.2288842843383228,0.2489763941630656,0.23372677698155828,0.08199353838534947,0.06653364193030112,-0.061668285935865624,0.018798563601950778,2,2,0.5081417431007312,0.2487777283930664,0.24308052850620224,0.4848064594874894,0.26274434599079644,0.25244919452171427,2019
10,2019-11-02 18:30:00,Union Berlin,Hertha,0.33016477897833024,0.2846167763778648,0.3852184446438048,1.2703934836570885,1.3891277134625828,0.2489763941630656,0.23372677698155828,-0.3141203878604628,0.07074389885029493,-0.029213418111669807,0.10891302983135813,1,0,0.3639250631939334,0.28293283844750905,0.3531420983585576,0.3970638096458183,0.21878926957643396,0.3841469207777477,2019
10,2019-11-03 15:30:00,Fortuna Dusseldorf,FC Koln,0.5503975959661362,0.23787828970707633,0.21172411432678756,1.9654180985979908,1.1615371941643307,0.2489763941630656,0.23372677698155828,-0.052923347026988685,0.24592517139406755,-0.27095925978051105,0.17172716085939074,2,0,0.3313874848722147,0.2790631451555492,0.38954936997223605,0.5007917688694451,0.23850970303691243,0.2606985280936425,2019
10,2019-11-03 18:00:00,Augsburg,Schalke 04,0.3414548544339107,0.2754270244124624,0.38311812115362687,1.36151899281336,1.4536326321111366,0.2489763941630656,0.23372677698155828,-0.06091412191235553,-0.1131880662798882,-0.09843217865550524,0.223521471508651,2,3,0.22839153572339102,0.24416281824137454,0.5274456460352345,0.37804205852814105,0.23970693778018637,0.3822510036916726,2019
11,2019-11-08 20:30:00,FC Koln,Hoffenheim,0.20441146668512503,0.2359233887096067,0.5596651446052682,1.1389698063019078,1.9838728328312853,0.2334026663911833,0.2599188274296888,-0.31385575268233246,-0.04934156597841187,0.2045678781154122,0.24708036594662755,1,2,0.4170436596175375,0.25811621095247583,0.32484012942998663,0.37697938437580963,0.16525699297898697,0.45776362264520337,2019
11,2019-11-09 15:30:00,Hertha,RB Leipzig,0.24047190588031808,0.2551455587703657,0.5043825353493161,1.172849686593214,1.7769878407488666,0.2334026663911833,0.2599188274296888,-0.05514599034150366,-0.2787390864410403,0.2776190667930256,0.06389797339250701,2,4,0.2173419342369114,0.2298808919813486,0.5527771737817401,0.261621519244409,0.301799620478724,0.4365788602768669,2019
11,2019-11-09 15:30:00,Mainz,Union Berlin,0.4629197791341202,0.2781852630451082,0.25889495782077177,1.5417733414023387,1.099700144216463,0.2334026663911833,0.2599188274296888,-0.1150975210798025,0.05470930158452426,-0.32963702941513706,0.19127190950033815,2,3,0.40337847905703733,0.2862296393308918,0.310391881612071,0.41907255558528256,0.2821340434917546,0.2987934009229629,2019
11,2019-11-09 15:30:00,Paderborn,Augsburg,0.30844372214121396,0.24308610086682345,0.44847017699196257,1.5231598854569168,1.8606951859999414,0.2334026663911833,0.2599188274296888,-0.31153250535233784,0.23899806053645922,-0.04980759931693854,0.43735510673546946,0,1,0.37769855571079963,0.2589640503924995,0.3633373938967008,0.36769038863263287,0.21500021555565418,0.417309395811713,2019
11,2019-11-09 15:30:00,Schalke 04,Fortuna Dusseldorf,0.5238807874885385,0.2567136047867151,0.21940560772474632,1.7632720514161697,1.0748986809687755,0.2334026663911833,0.2599188274296888,-0.07453138045343938,0.1483810897805631,-0.0562623105019945,-0.1049139490130019,3,3,0.5749817117776153,0.24286759326993418,0.18215069495245062,0.5505826506166218,0.2748388794235052,0.17457846995987295,2019
11,2019-11-09 18:30:00,Bayern Munich,Dortmund,0.5834507194970772,0.20712385608488182,0.20942542441804105,2.3710002450322665,1.3975274276904683,0.2334026663911833,0.2599188274296888,0.49007372663412846,-0.12008331002620108,0.34559330009350653,-0.24429141437580484,4,0,0.6053129855830084,0.20567624026261358,0.18901077415437814,0.5687186810632064,0.19842077687007112,0.23286054206672235,2019
11,2019-11-10 13:30:00,M'gladbach,Werder Bremen,0.5199238565849562,0.24914561090689819,0.23093053250814563,1.8428608787193184,1.1727101930920099,0.2334026663911833,0.2599188274296888,0.09327018293893441,0.02472751276248505,0.08500815218623507,-0.15909334414428805,3,1,0.4846604570485746,0.24864091155877396,0.2666986313926514,0.5568263416164274,0.22286897488871812,0.2203046834948544,2019
11,2019-11-10 15:30:00,Wolfsburg,Leverkusen,0.4091936025595899,0.2702808223219129,0.3205255751184971,1.541639083298294,1.3432183603192442,0.2334026663911833,0.2599188274296888,-0.03732087098708267,-0.0231544326121929,0.1800128168332088,-0.1183469874484386,0,2,0.30224469716037794,0.26753312129602086,0.43022218154360103,0.34692564426902317,0.3077062018169782,0.3453681539139985,2019
11,2019-11-10 18:00:00,Freiburg,Ein Frankfurt,0.36231077088081176,0.2651654836895168,0.3725237454296715,1.490437980416943,1.5136733014458372,0.2334026663911833,0.2599188274296888,-0.049457771920842664,-0.0447936985479435,0.11609247794220634,0.06504420235454576,1,0,0.33908305090015856,0.26414757003824507,0.39676937906159626,0.3900159550800776,0.32007937445478846,0.28990467046513396,2019
12,2019-11-22 20:30:00,Dortmund,Paderborn,0.8539942812234581,0.10019165046470607,0.04581406831183575,3.408809966154297,0.7854198670718585,0.24033215880147207,0.25574473351789895,0.3245728066018695,0.4057135479327966,-0.38554947327879596,-0.09631952719845267,3,3,0.8271606167076412,0.1121739043884183,0.060665478903940515,0.6107411182375286,0.21966319559359795,0.16959568616887347,2019
12,2019-11-23 15:30:00,Ein Frankfurt,Wolfsburg,0.474899561645001,0.271547424474957,0.2535530138800422,1.6070731744298574,1.1199402515687817,0.24033215880147207,0.25574473351789895,0.08889733653933467,-0.11055960833611397,-0.0677684636270776,-0.0592883581039708,0,2,0.45410527411881085,0.26787108866559073,0.2780236372155985,0.5054744074569619,0.26465101295882665,0.22987457958421134,2019
12,2019-11-23 15:30:00,Fortuna Dusseldorf,Bayern Munich,0.1654402966770849,0.19438391353145706,0.6401757897914582,1.2280676495039424,2.480615871542813,0.24033215880147207,0.25574473351789895,-0.01825185422373576,-0.2723831207154458,0.4981219201079397,0.17005278573689384,0,4,0.08517282398680129,0.1406546783120293,0.7741724977011694,0.18439240978032906,0.18926405696014426,0.6263435332595266,2019
12,2019-11-23 15:30:00,Leverkusen,Freiburg,0.5738554254426924,0.2301674656668149,0.19597710889049258,2.0451451476691878,1.1354367225533202,0.24033215880147207,0.25574473351789895,0.18232313613335976,0.03706873537864502,-0.06325572387797926,-0.05005908041801833,1,1,0.656746903052523,0.20701804552742573,0.13623505142005124,0.4753660934853541,0.2602040139883303,0.2644298925263156,2019
12,2019-11-23 15:30:00,Union Berlin,M'gladbach,0.2610750551215977,0.2802648774959852,0.4586600673824171,1.0951627461337456,1.5212713208113218,0.24033215880147207,0.25574473351789895,-0.24155939598516535,-0.1636145175034209,0.10438991966891413,0.07482430207479404,2,0,0.26785907234392,0.25772386420117704,0.47441706345490314,0.2943412939555926,0.2513890864496331,0.4542696195947743,2019
12,2019-11-23 15:30:00,Werder Bremen,Schalke 04,0.4569048106100282,0.26525146572302877,0.2778437236669429,1.6484777877342374,1.2452549653791127,0.24033215880147207,0.25574473351789895,0.07820198981647448,-0.07442657292552392,-0.05682494604792726,0.035833087665382554,1,2,0.3534667619728377,0.27662616154395997,0.36990707648320226,0.483234508108514,0.2539532821347698,0.26281220975671615,2019
12,2019-11-23 18:30:00,RB Leipzig,FC Koln,0.8048079998715516,0.135023684886098,0.06016831524235041,2.8373401273759575,0.7089577779748061,0.24033215880147207,0.25574473351789895,0.30028993945658494,0.24650020666925831,-0.3209842107353733,-0.26330725380586384,4,1,0.6675923006574092,0.19602812935114886,0.13637956999144213,0.7390085917766109,0.1331555118642628,0.1278358963591262,2019
12,2019-11-24 15:30:00,Augsburg,Hertha,0.40884690856715444,0.25467729985757714,0.3364757915752684,1.6799638753175596,1.5106161868191055,0.24033215880147207,0.25574473351789895,-0.06952569447300314,0.09222109255044461,-0.044720567251709066,0.21690604677997838,4,0,0.37269980341715353,0.267258122338351,0.3600420742444955,0.3681513604431736,0.27863967783737725,0.35320896171944915,2019
12,2019-11-24 18:00:00,Hoffenheim,Mainz,0.6717058892319202,0.1889125773010772,0.13938153346700255,2.480079242881871,1.0811153291928073,0.24033215880147207,0.25574473351789895,0.201062350968104,0.21115126915388469,-0.1098264617543643,-0.05251247657583406,1,5,0.5614004191395313,0.24100523043868768,0.19759435042178117,0.69503467706081,0.15607667633950012,0.14888864659968987,2019
13,2019-11-29 20:30:00,Schalke 04,Union Berlin,0.5049265570713833,0.2760164470265182,0.21905699590209848,1.5812760537530268,0.9666401631462918,0.25882287241251467,0.2368761820632149,-0.05556424131847756,0.01809733688245837,-0.20554277419358452,-0.0872090677053468,2,1,0.5580357142857143,0.25111607142857145,0.19084821428571433,0.5863991746294129,0.2535778210829311,0.16002300428765578,2019
13,2019-11-30 15:30:00,FC Koln,Augsburg,0.3312470472362647,0.25994325970575144,0.40880969305798365,1.4522072957567425,1.6309509953139585,0.25882287241251467,0.2368761820632149,-0.31904755570712234,0.1964331731166359,-0.03678405311271124,0.2671244580961251,1,1,0.48296304660813594,0.25432628518194395,0.26271066820992006,0.3966537939330096,0.21776895317032866,0.38557725289666184,2019
13,2019-11-30 15:30:00,Hertha,Dortmund,0.2660643011876621,0.23510528710861414,0.4988304117037238,1.4303835620983334,1.9991072481234162,0.25882287241251467,0.2368761820632149,-0.0769590965678668,-0.060797324358416595,0.31361197023237514,0.12026586232136764,1,2,0.22100394302529155,0.23343203762084588,0.5455640193538626,0.22824643504809752,0.2823024276036465,0.48945113734825596,2019
13,2019-11-30 15:30:00,Hoffenheim,Fortuna Dusseldorf,0.6162401653783579,0.20392922427189714,0.17983061034974507,2.3705115455317802,1.2430442787609097,0.25882287241251467,0.2368761820632149,0.17429506639637732,0.19311165298093222,-0.049766515404672154,0.008507077380963662,1,1,0.5391330984836882,0.2478611907314618,0.21300571078484998,0.6973935896265432,0.16500037745884824,0.13760603291460857,2019
13,2019-11-30 15:30:00,Paderborn,RB Leipzig,0.1075517294318351,0.1713268860385625,0.7211213845296025,0.9511013654765151,2.6057175155134775,0.25882287241251467,0.2368761820632149,-0.2887767115158356,-0.2570569767733895,0.30745265659295684,0.3914325460909011,2,3,0.12864815059423898,0.15994677783612601,0.711405071569635,0.3507142426576908,0.1847826788348318,0.4645030785074774,2019
13,2019-11-30 18:30:00,Bayern Munich,Leverkusen,0.6773712061091655,0.1833260352627543,0.13930275862808028,2.567668182598066,1.1263685549746503,0.25882287241251467,0.2368761820632149,0.5018144322692362,-0.05451532164982093,0.15917187309380898,-0.29899595586759614,1,2,0.7648342706976079,0.1437658403566932,0.09139988894569884,0.7818857942426792,0.13475778258632587,0.08335642317099487,2019
13,2019-12-01 15:30:00,M'gladbach,Freiburg,0.5408748025385421,0.2534334968931091,0.20569170056834873,1.7938721416562653,1.0340986685168638,0.25882287241251467,0.2368761820632149,0.07124834881918772,0.017429087822076108,-0.07525708865606129,-0.15003558812525827,4,2,0.6165484863596005,0.2186842457339544,0.16476726790644497,0.5991697184152396,0.24076823109414475,0.16006205049061567,2019
13,2019-12-01 18:00:00,Wolfsburg,Werder Bremen,0.4602366750519461,0.269134561596874,0.27062876335117997,1.6167459003370532,1.1948827694764133,0.25882287241251467,0.2368761820632149,-0.06221872637303178,0.046935097495373015,0.05883404646014341,-0.1396088391579458,2,3,0.4523149008962106,0.2636421107433714,0.28404298836041797,0.43836671054289233,0.3027868290285226,0.2588464604285851,2019
13,2019-12-02 20:30:00,Mainz,Ein Frankfurt,0.33423966814225725,0.2567212217316092,0.4090391101261335,1.4870570574711597,1.6610438562599255,0.25882287241251467,0.2368761820632149,-0.05114968486638789,-0.04775033200589304,0.056774670570683576,0.19184869082734282,2,1,0.3282824820020569,0.25272540281110734,0.4189921151868358,0.36147841775109674,0.2760047893165208,0.3625167929323825,2019
14,2019-12-06 20:30:00,Ein Frankfurt,Hertha,0.5472632882559404,0.2405468595289734,0.21218985221508632,1.9349879113058257,1.14549083802837,0.2669570073252203,0.2327551537223286,0.04323563038024168,0.11715328764726936,-0.08777831115066724,-0.04334547152439709,2,2,0.5367329190980932,0.24004638090316727,0.22322069999873967,0.5344731268257258,0.2341491276782455,0.23137774549602885,2019
14,2019-12-07 15:30:00,Augsburg,Mainz,0.45652546969511654,0.24296150738285435,0.300513022922029,1.8720618606260748,1.4963985956722345,0.2669570073252203,0.2327551537223286,-0.052555356330363276,0.1798836179984705,-0.04889322543426329,0.1849975031296163,2,1,0.4356992269852425,0.2565003513703443,0.30780042164441324,0.3668906855670723,0.29136670642157597,0.3417426080113518,2019
14,2019-12-07 15:30:00,Dortmund,Fortuna Dusseldorf,0.6861217581124408,0.17803958885300752,0.13583865303455162,2.640371968330207,1.1437994417776918,0.2669570073252203,0.2327551537223286,0.30688005209613956,0.1643275911842484,-0.060409413840157966,-0.07219202902798778,5,0,0.7234289305301644,0.17174931444241318,0.1048217550274223,0.6766566683645768,0.17243376773877722,0.15090956389664598,2019
14,2019-12-07 15:30:00,Freiburg,Wolfsburg,0.38050931473956273,0.2833857709708843,0.336104914289553,1.3892775822423278,1.2931689227368952,0.2669570073252203,0.2327551537223286,-0.06047540983595703,-0.11045286417836508,-0.05725691347056673,0.04739564143659981,1,0,0.2993321706580459,0.28002041771236547,0.4206474116295887,0.3892220214458897,0.2851200760012076,0.32565790255290267,2019
14,2019-12-07 15:30:00,M'gladbach,Bayern Munich,0.2750716337995013,0.24672377968103423,0.47820458651946446,1.370847349455595,1.8519463805316057,0.2669570073252203,0.2327551537223286,0.09998667233024414,-0.28426978147980475,0.4831684476233967,-0.13388827134050946,2,1,0.18077456277975726,0.19246099916147894,0.6267644380587637,0.3817244199207504,0.2308242519128304,0.3874513281664192,2019
14,2019-12-07 15:30:00,RB Leipzig,Hoffenheim,0.6008456978708387,0.21400205097722255,0.18515225115193862,2.2379064893916714,1.1940205204926915,0.2669570073252203,0.2327551537223286,0.3063061559845467,-0.00047749112894167773,0.15093035262296933,-0.24056115878317516,3,1,0.6806057874603784,0.1853790082576906,0.13401520428193103,0.5439863741427644,0.2508799206899801,0.20513370516725554,2019
14,2019-12-07 18:30:00,Leverkusen,Schalke 04,0.5115852949085626,0.2554020303960925,0.2330126746953447,1.7759844820923976,1.1404701093962268,0.2669570073252203,0.2327551537223286,0.16424367569855378,-0.08960092977488403,-0.0519962737930346,-0.08352017946631274,2,1,0.4617014127306462,0.25554062148460893,0.2827579657847448,0.5202615328500184,0.25054701395326334,0.2291914531967183,2019
14,2019-12-08 15:30:00,Union Berlin,FC Koln,0.5405038807114195,0.2608174169546837,0.19867870233389678,1.7188031116624631,0.9616201248347582,0.2669570073252203,0.2327551537223286,-0.20996256083640236,0.2518785830750492,-0.33641448237572397,0.030321688119037207,2,0,0.4504166449081292,0.2736055264198378,0.27597782867203297,0.5643692913682185,0.24506217961992674,0.19056852901185475,2019
14,2019-12-08 18:00:00,Werder Bremen,Paderborn,0.7062940307042485,0.17194238425869174,0.12176358503705985,2.6754544308436663,1.074929977172579,0.2669570073252203,0.2327551537223286,0.08219485157973459,0.40221223398181716,-0.2448425002988861,0.050141014917872075,0,1,0.6318665778432265,0.19836144127718755,0.16977198087958578,0.6720380904664736,0.21032719180392814,0.11763471772959815,2019
15,2019-12-13 20:30:00,Hoffenheim,Augsburg,0.6007775531019323,0.20989728650269482,0.1893251603953729,2.301618877531859,1.2523095111550286,0.255192549261339,0.2441235829572788,0.15143451095781235,0.1828620919620016,-0.04680046964772107,0.016597375894706546,2,4,0.49763795771015995,0.2468901495616297,0.25547189272821036,0.5822103214697237,0.2459664683956249,0.1718232101346513,2019
15,2019-12-14 15:30:00,Bayern Munich,Werder Bremen,0.7328720500122781,0.16034592528401756,0.10678202470370458,2.791122063420407,1.0340302247110358,0.255192549261339,0.2441235829572788,0.4769134443225309,0.050214111711095764,0.04625935445642274,-0.2679878971970009,6,1,0.8599587488570881,0.0920495864253971,0.047991664717514725,0.6883213624359132,0.18003908004435168,0.13163955751973516,2019
15,2019-12-14 15:30:00,FC Koln,Leverkusen,0.18721973883762635,0.2346658582111338,0.5781144029512397,1.0592775958531293,1.9835318807239029,0.255192549261339,0.2441235829572788,-0.3609939741750483,-0.0807349956014845,0.16930070695106658,0.2603857775945771,2,0,0.24934640410900227,0.2506553091174485,0.49999828677354907,0.3489156638615616,0.20240856431720536,0.448675771821233,2019
15,2019-12-14 15:30:00,Hertha,Freiburg,0.4143884796761306,0.26631740761170214,0.31929411271216723,1.5837519717891195,1.3686896038546106,0.255192549261339,0.2441235829572788,-0.0713552878652325,0.03183585331191303,-0.06456474264436332,0.12322598195443266,1,0,0.4924655371622677,0.2631909482354819,0.24434351460225046,0.39600937691738175,0.26628077966379443,0.3377098434188239,2019
15,2019-12-14 15:30:00,Mainz,Dortmund,0.24213021854370342,0.22218357344662054,0.535686208009676,1.4351566962369973,2.174780383136222,0.255192549261339,0.2441235829572788,-0.05333686516807412,-0.08470522781643655,0.3364610329029592,0.18527410400750294,0,4,0.1635981110508987,0.19945990992426899,0.6369419790248323,0.19657465664976004,0.31126801929136194,0.4921573240588781,2019
15,2019-12-14 15:30:00,Paderborn,Union Berlin,0.31746036465085387,0.2768112956807532,0.4057283396683929,1.2890479174191045,1.4831081659835774,0.255192549261339,0.2441235829572788,-0.2487311569573143,0.003318922108068898,-0.19756258099051274,0.33651002950337944,1,1,0.34315723590275204,0.26425958886693923,0.39258317523030883,0.4217988083960981,0.2399290699870324,0.33827212161686937,2019
15,2019-12-14 18:30:00,Fortuna Dusseldorf,RB Leipzig,0.19294567771918436,0.21912431319346412,0.5879300090873516,1.1997276592540036,2.1807507094217713,0.255192549261339,0.2441235829572788,-0.07939325478177814,-0.2378282970217382,0.3185461133717637,0.20593051700894716,0,3,0.14228798975866255,0.19104800228117014,0.6666640079601673,0.3075397581966995,0.2592794835772725,0.4331807582260281,2019
15,2019-12-15 15:30:00,Wolfsburg,M'gladbach,0.3644578293414253,0.28849056746479523,0.3470516031937796,1.3222060280436625,1.2850109104621397,0.255192549261339,0.2441235829572788,-0.07495666289299967,-0.1450578943174279,0.10962807869353647,-0.11405341901172214,2,1,0.36099585062240663,0.2738589211618257,0.36514522821576767,0.3567375153393283,0.32012721215344647,0.32313527250722524,2019
15,2019-12-15 18:00:00,Schalke 04,Ein Frankfurt,0.42602482887682774,0.27535886657538095,0.2986163045477912,1.5249706030302408,1.2445072888504587,0.255192549261339,0.2441235829572788,-0.05116545197844294,-0.026175547068079476,0.04577802386977825,-0.08223087347224974,1,0,0.5029088558500323,0.24563671622495153,0.25145442792501616,0.5734136469835229,0.2265125034886228,0.20007384952785415,2019
16,2019-12-17 18:30:00,Werder Bremen,Mainz,0.5504330739511161,0.22544772628414725,0.22411919976473677,2.124880241275646,1.316947567963763,0.25183170027248813,0.2446361457095447,0.04926759191712837,0.20798000584234597,-0.07335339239884762,0.09683830237423893,0,5,0.561698919326464,0.22467956773058556,0.2136215129429505,0.49399344195933115,0.2802117221781879,0.22579483586248103,2019
16,2019-12-17 20:30:00,Augsburg,Fortuna Dusseldorf,0.5168773475013302,0.2319972530344747,0.2511253994641953,2.043785082086459,1.3916125008478524,0.25183170027248813,0.2446361457095447,-0.0013318865060540231,0.2196675615870126,-0.10316606301110501,0.18179751006940953,3,0,0.501856827477624,0.2542741259219961,0.24386904660037995,0.4564096969110192,0.32307346323370345,0.2205168398552773,2019
16,2019-12-17 20:30:00,Dortmund,RB Leipzig,0.42162739778154723,0.24354575771066608,0.33482684450778655,1.8147823366162352,1.605068699488096,0.25183170027248813,0.2446361457095447,0.35678954307332544,-0.2572918532594365,0.32758135376170494,-0.10624649494887956,3,3,0.42979595851080726,0.25109132312999793,0.31911271835919475,0.4740207892177919,0.20997389941685152,0.3160053113653564,2019
16,2019-12-17 20:30:00,Union Berlin,Hoffenheim,0.3476126152818536,0.270913927535339,0.38147345718280745,1.4100204026438465,1.4858202647139311,0.25183170027248813,0.2446361457095447,-0.21182136300593413,0.05895769126946414,0.14955087968515537,-0.005415593390645147,0,2,0.39843069905581974,0.2720712487838312,0.32949805216034916,0.3166079804751888,0.2917381909681066,0.39165382855670466,2019
16,2019-12-18 18:30:00,Leverkusen,Hertha,0.5923639115638875,0.22405239755906523,0.1835836908770473,2.1053257308953843,1.1106080112273746,0.25183170027248813,0.2446361457095447,0.14406669020268173,0.1039356604963938,-0.08045382822275687,-0.06647024882756647,0,1,0.6304940189421387,0.21394291429272572,0.15556306676513554,0.6325914853420582,0.2119284720274403,0.15548004263050147,2019
16,2019-12-18 20:30:00,Ein Frankfurt,FC Koln,0.6444896592777114,0.2163248103624324,0.139185530359856,2.1100745267533454,0.893058837390984,0.25183170027248813,0.2446361457095447,0.025898710162613414,0.22435671145574898,-0.33103526040488873,-0.03389925280778422,2,4,0.4969796966579912,0.2558179671805209,0.24720233616148785,0.5341365096702378,0.274040656888487,0.19182283344127504,2019
16,2019-12-18 20:30:00,Freiburg,Bayern Munich,0.18266940328939613,0.2170617164493671,0.6002688802612368,1.1558984726252695,2.193114476627595,0.25183170027248813,0.2446361457095447,-0.08681379206600486,-0.26477611397153944,0.5091933870512032,0.024297581674214887,1,3,0.08396219034274782,0.12119574107923954,0.7948420685780127,0.25626162960197807,0.28893722186015625,0.45480114853786563,2019
16,2019-12-18 20:30:00,M'gladbach,Paderborn,0.7253194906899071,0.17396759008401375,0.1007129192260792,2.5228708434770604,0.8696489519836873,0.25183170027248813,0.2446361457095447,0.10590437708852825,0.32302525363199003,-0.2591090307064731,-0.1323883217959782,2,0,0.6921666067688647,0.17272873731302588,0.13510465591810936,0.6940654533312577,0.183153203740798,0.12278134292794429,2019
16,2019-12-18 20:30:00,Wolfsburg,Schalke 04,0.42808187460214314,0.2931906103885432,0.27872751500931364,1.3921300455311063,1.079004546141393,0.25183170027248813,0.2446361457095447,-0.06352639449352251,-0.10210647042626132,-0.059431314453076124,-0.11636148626091575,1,1,0.4576251040057054,0.2719600618091049,0.2704148341851896,0.44838294646424054,0.251665435072909,0.2999516184628504,2019
17,2019-12-20 20:30:00,Hoffenheim,Dortmund,0.3425248686668293,0.2315716444310234,0.4259034869021473,1.7488707060409265,1.957868027305567,0.26560799444473615,0.2221161304758246,0.15584600604136528,-0.08459986216291371,0.36974002953482654,0.03650811607245849,2,1,0.21699535703088843,0.22465401669080212,0.5583506262783093,0.2966974300459977,0.29416120530654,0.40914136464746226,2019
17,2019-12-21 15:30:00,Bayern Munich,Wolfsburg,0.6936102395510062,0.18758623878143305,0.11880352166756088,2.414428990754807,0.9293165821404372,0.26560799444473615,0.2221161304758246,0.5147945444018945,-0.12105585292654622,-0.0704260050550646,-0.2684878102784432,2,0,0.7956465864523474,0.1322404298812766,0.07211298366637589,0.7271315804312911,0.14009296899612,0.13277545057258885,2019
17,2019-12-21 15:30:00,FC Koln,Werder Bremen,0.33196050153166146,0.2569541825182273,0.41108531595011133,1.4785986332477075,1.6624864244444133,0.26560799444473615,0.2221161304758246,-0.2407627484014425,0.14413339326564792,0.01961316650647761,0.22309316681559715,1,0,0.4972973531630787,0.24672116746075218,0.25598147937616916,0.3485528377675525,0.23694624642988216,0.41450091580256526,2019
17,2019-12-21 15:30:00,Mainz,Leverkusen,0.31923771471550005,0.25097547638756523,0.4297868088969347,1.4902796769442355,1.7511986776493011,0.26560799444473615,0.2221161304758246,-0.017168997402661385,-0.07159132252733155,0.11373166334695503,0.18096085432335968,0,1,0.27291410361711654,0.24113170167689538,0.4859541947059882,0.3403580263890804,0.25450323802702973,0.4051387355838899,2019
17,2019-12-21 15:30:00,RB Leipzig,Augsburg,0.716209760520123,0.1685425014420895,0.11524773803778744,2.6978637455423664,1.0445833886010598,0.26560799444473615,0.2221161304758246,0.34276700698570634,0.16196912258118276,0.012529056684722272,-0.2345189163983308,3,1,0.7625432540468334,0.14641767550822454,0.0910390704449419,0.6854433754934166,0.1686804453749608,0.14587617913162262,2019
17,2019-12-21 15:30:00,Schalke 04,Freiburg,0.4813494916888439,0.2746142534142438,0.24403625489691239,1.5844313125456053,1.0677780781338595,0.26560799444473615,0.2221161304758246,-0.06206200148217341,0.03456342616250223,-0.09030418568371372,-0.10972388182426485,2,2,0.5097234857513083,0.2611460050287525,0.2291305092199391,0.5646525062996872,0.25474141051040183,0.1806060831899109,2019
17,2019-12-21 18:30:00,Hertha,M'gladbach,0.3057526969835705,0.2724360056189836,0.4218112973974457,1.2853927146858726,1.543129937749107,0.26560799444473615,0.2221161304758246,-0.08570256505789399,-0.1509572736645599,0.0957365920894864,0.07246819441537736,0,0,0.33184036682069035,0.27133386118956737,0.3968257719897423,0.3027175750720057,0.2799166860703176,0.41736573885767664,2019
17,2019-12-22 15:30:00,Fortuna Dusseldorf,Union Berlin,0.39908559060902715,0.2816185490665556,0.31929586032441715,1.4352610187023063,1.2619964165028297,0.26560799444473615,0.2221161304758246,-0.13343946979094679,0.00706207210722671,-0.2636682134169348,0.23075514354901877,2,1,0.31889041633157567,0.2854737559375483,0.395635827730876,0.3194428376987049,0.28154948116930223,0.3990076811319928,2019
17,2019-12-22 18:00:00,Paderborn,Ein Frankfurt,0.24654601232723589,0.2508368985196496,0.5026170891531145,1.226947834563581,1.8213763303710637,0.26560799444473615,0.2221161304758246,-0.2934661866267462,0.010271711913079398,0.026184847252633037,0.30779959907552823,2,1,0.3013787319197775,0.24294816144553497,0.45567310663468763,0.3619652931532238,0.2399161398966056,0.39811856695017067,2019
18,2020-01-17 20:30:00,Schalke 04,M'gladbach,0.3634115012532467,0.28965370182994704,0.3469347969168063,1.3122744225792418,1.2771708194338929,0.25636808145443873,0.23295600464425914,-0.05138628297256541,-0.16617597092462963,0.07582720808888663,-0.0875479552415694,2,0,0.35532500059444083,0.269765156258669,0.3749098431468903,0.41643137436106387,0.27472548426675536,0.30884314137218066,2019
18,2020-01-18 15:30:00,Augsburg,Dortmund,0.2604531412967201,0.22068534176466573,0.5188615169386143,1.5375161155377188,2.195938416442849,0.25636808145443873,0.23295600464425914,0.01558571896578075,-0.07474160277032593,0.3604394004919559,0.1698019977934775,3,5,0.18104592513936818,0.2057340058401911,0.6132200690204406,0.18742128168401634,0.3414233983584903,0.47115531995749343,2019
18,2020-01-18 15:30:00,FC Koln,Wolfsburg,0.2796298312631734,0.28590894000600403,0.43446122873082277,1.1222132192216188,1.4528031237314494,0.25636808145443873,0.23295600464425914,-0.252411794262925,-0.12160946783274408,-0.081558243207399,0.1986850407610866,3,1,0.3052566861358746,0.28773439901629266,0.4070089148478328,0.336243509691372,0.2625966387104277,0.4011598515982003,2019
18,2020-01-18 15:30:00,Fortuna Dusseldorf,Werder Bremen,0.38501010256237395,0.2505293656709907,0.3644605317666353,1.6714924830985736,1.6227538907021595,0.25636808145443873,0.23295600464425914,-0.11685351029931008,0.14124635396924842,-0.0023720794713772853,0.23012863654350832,0,1,0.3603093890997636,0.27100193368187353,0.36868867721836274,0.3836954478085397,0.2558494724193785,0.3604550797720818,2019
18,2020-01-18 15:30:00,Hoffenheim,Ein Frankfurt,0.5079674330833883,0.23808128777232598,0.2539512791442857,1.9667770262502418,1.3538581608730496,0.25636808145443873,0.23295600464425914,0.1602057583093128,0.026866331303659115,0.018304907366005135,0.028285424549481995,1,2,0.40145207564845714,0.259956671936296,0.3385912524152468,0.5532839172590073,0.2502320260717398,0.19648405666925292,2019
18,2020-01-18 15:30:00,Mainz,Freiburg,0.41632013164420134,0.25961763675421373,0.32406223160158487,1.64669189957029,1.4340496074853593,0.25636808145443873,0.23295600464425914,-0.0372148924688085,0.04665917241010871,-0.07005555581521496,0.17418980972322828,1,2,0.4324419638750039,0.2664908460854366,0.3010671900395596,0.37701135587507484,0.28354327025272,0.33944537387220514,2019
18,2020-01-18 18:30:00,RB Leipzig,Union Berlin,0.7218041822890687,0.18143233821272547,0.0967634794982059,2.3898394977881425,0.7865807916348788,0.25636808145443873,0.23295600464425914,0.3474807594935829,0.0344213623589123,-0.26998581295621116,-0.22644210726355324,3,1,0.758120149468238,0.15090543259557346,0.09097441793618856,0.763130881929226,0.10942605503211629,0.12744306303865782,2019
18,2020-01-19 15:30:00,Hertha,Bayern Munich,0.16562057920175852,0.20856911904057546,0.6258103017576662,1.1144329436341827,2.274217552649493,0.25636808145443873,0.23295600464425914,-0.10328302801621393,-0.27769535326803413,0.5101354870688516,0.055132491819816616,0,4,0.09111817537463426,0.14640493309042618,0.7624768915349396,0.14242529767181242,0.1898975823540184,0.6676771199741691,2019
18,2020-01-19 18:00:00,Paderborn,Leverkusen,0.213255218205739,0.24132955407169274,0.5454152277225681,1.1452670099240354,1.9265618249798842,0.25636808145443873,0.23295600464425914,-0.26439843528579776,-0.08928784455255502,0.10468130767411979,0.2946875873066021,1,4,0.20638774747852073,0.2157265595816212,0.577885692939858,0.3782998217499975,0.1840826696132454,0.4376175086367572,2019
19,2020-01-24 20:30:00,Dortmund,FC Koln,0.7528750791980423,0.15089442843470288,0.09623049236725481,2.89190072812754,1.0081791111357128,0.26798185161093185,0.22140097692337218,0.38672278925264475,0.18580835954680294,-0.20682487846988631,-0.05301112965803654,5,1,0.7458670988654781,0.15299837925445703,0.10113452188006483,0.835181063964932,0.08808510527286377,0.07673383076220429,2019
19,2020-01-25 15:30:00,Ein Frankfurt,RB Leipzig,0.2636668546719581,0.24611966371614602,0.49021348161189604,1.3309198805025533,1.8667074038107534,0.26798185161093185,0.22140097692337218,0.02255620894177132,-0.22606869483916286,0.3488914497439959,0.007302830949984135,2,0,0.21098073233991887,0.21924495457443183,0.5697743130856492,0.22269714606367427,0.30098485253392215,0.4763180014024036,2019
19,2020-01-25 15:30:00,Freiburg,Paderborn,0.6192220235903468,0.21803984970690796,0.1627381267027453,2.1446111830556607,1.0295661327470425,0.26798185161093185,0.22140097692337218,-0.0651300415449697,0.33870548231914527,-0.271690738235903,0.032846369781415925,0,2,0.5578009769179196,0.2292883823388564,0.2129106407432238,0.5970144014510466,0.2427245368429182,0.16026106170603518,2019
19,2020-01-25 15:30:00,M'gladbach,Mainz,0.592949693668182,0.22797271949750744,0.17907758683431058,2.051563821898607,1.0588405068691467,0.26798185161093185,0.22140097692337218,0.05346349023645499,0.17575602351559008,-0.050768863038780046,-0.1600385405954455,3,1,0.5993558232889385,0.2141518559616657,0.18649232074939576,0.6347047445014405,0.2017592394064092,0.16353601609215024,2019
19,2020-01-25 15:30:00,Union Berlin,Augsburg,0.3895801083423043,0.2674548418399089,0.34296504981778675,1.5300561406963895,1.4247413746940731,0.26798185161093185,0.22140097692337218,-0.2660140812027366,0.20193568066520942,0.0360796977794506,0.04992875641591084,2,0,0.439103843332231,0.27302445273092874,0.28787170393684025,0.3855348393196368,0.2534977355618441,0.36096742511851915,2019
19,2020-01-25 15:30:00,Wolfsburg,Hertha,0.49038925381210774,0.2731437993158863,0.2364669468720059,1.6016270737606737,1.0481209895117491,0.26798185161093185,0.22140097692337218,-0.09184585857602505,0.07348306367389064,-0.12472078714994844,-0.09626203721834717,1,2,0.5503937651084481,0.25123514871704883,0.19837108617450314,0.3952211141704402,0.32742701839116883,0.2773518674383909,2019
19,2020-01-25 18:30:00,Bayern Munich,Schalke 04,0.7010439705910703,0.183946740002125,0.1150092894068046,2.4498202609166486,0.9237212745048989,0.26798185161093185,0.22140097692337218,0.5209780922768124,-0.11434626183683318,-0.044568413323973204,-0.3027583421019405,5,0,0.8134854659369929,0.12078400953633014,0.06573052452667691,0.8255619914106292,0.06407693233314471,0.11036107625622611,2019
19,2020-01-26 15:30:00,Werder Bremen,Hoffenheim,0.36841999880161885,0.2483043735829515,0.38327562761542966,1.6535876977674568,1.689054237698935,0.26798185161093185,0.22140097692337218,-0.018375764481268965,0.031940225638200495,0.14310930265518268,0.11307759535830782,0,3,0.388807299927549,0.2609802424171219,0.35021245765532905,0.3199802046139594,0.261832807595149,0.41818698779089164,2019
19,2020-01-26 18:00:00,Leverkusen,Fortuna Dusseldorf,0.6523787927357898,0.2028355944791084,0.14478561278510155,2.297560257982676,1.0167555633093948,0.26798185161093185,0.22140097692337218,0.12848123886600532,0.21398373513465474,-0.15615647144663122,-0.09520864271496848,3,0,0.7066369718964753,0.17897934560229675,0.11438368250122803,0.5946170198323181,0.22074322363647897,0.18463975653120293,2019
20,2020-01-31 20:30:00,Hertha,Schalke 04,0.37072976321006235,0.2842428436944297,0.3450273930955077,1.3641579805287298,1.3086302185987444,0.2626576531894374,0.22982322636644315,-0.10955655394667678,-0.07238695139272441,-0.05908798762224613,0.06541128993112216,0,0,0.33758693242961085,0.28761182762885273,0.3748012399415364,0.36702285515262645,0.2882188601467562,0.34475828470061737,2019
20,2020-02-01 15:30:00,Augsburg,Werder Bremen,0.4539401742193828,0.24112405977333687,0.30493576600728034,1.8894469469385593,1.5284285741754013,0.2626576531894374,0.22982322636644315,0.014508462928561528,0.1292948230978986,-0.04563488434962359,0.20721736305850189,2,1,0.4404314628529875,0.2585141195006666,0.3010544176463459,0.36998605663178535,0.27747038126400125,0.3525435621042133,2019
20,2020-02-01 15:30:00,Dortmund,Union Berlin,0.6994081876475056,0.18233880960371399,0.11825300274878031,2.4896453473028535,0.9620937443560991,0.2626576531894374,0.22982322636644315,0.4065082328197012,0.013151157154737641,-0.2511272787775918,-0.050173760120349006,5,0,0.7718873199495719,0.1458404613729606,0.08227221867746738,0.8029874219825036,0.10194351063367918,0.0950690673838171,2019
20,2020-02-01 15:30:00,Fortuna Dusseldorf,Ein Frankfurt,0.2967187622752152,0.2603553037931534,0.44292593393163154,1.3432946577443314,1.6782369924343363,0.2626576531894374,0.22982322636644315,-0.17794983119607954,-0.019405752244824617,0.03095650010877889,0.2241296798362447,1,1,0.2823822991182831,0.257893861254367,0.45972383962734986,0.36215520990760663,0.24852822990736295,0.3893165601850304,2019
20,2020-02-01 15:30:00,Hoffenheim,Leverkusen,0.4188338143595486,0.2527165018395045,0.328449683800947,1.7163287846076845,1.5038184565509711,0.2626576531894374,0.22982322636644315,0.1585433420822992,-0.11083663950350661,0.13638448789854138,0.00896537007351208,2,1,0.30487804878048785,0.23780487804878053,0.4573170731707317,0.4848712019268239,0.1903240050099929,0.3248047930631831,2019
20,2020-02-01 15:30:00,Mainz,Bayern Munich,0.12852283865391034,0.1723857877279986,0.699091373618091,1.1312793848148384,2.7029135652256513,0.2626576531894374,0.22982322636644315,-0.051990885572463064,-0.31714080276184786,0.5421329912712155,0.18953964497337064,1,3,0.060026610055417436,0.10433979206785043,0.8356335978767321,0.14215951168148364,0.1601875009241951,0.6976529873943212,2019
20,2020-02-01 18:30:00,RB Leipzig,M'gladbach,0.5528139445456608,0.2402706050491165,0.20691545040522272,1.9355229555148161,1.1219657960388698,0.2626576531894374,0.22982322636644315,0.3269832526700475,-0.1590865810102084,0.06590078014689547,-0.2134761115143413,2,2,0.611324050142318,0.2123976655282887,0.17627828432939305,0.641467690042134,0.19145279262019257,0.16707951733767334,2019
20,2020-02-02 15:30:00,FC Koln,Freiburg,0.34619056671212634,0.27251037379784177,0.381299059490032,1.3945521285616196,1.472801447700092,0.2626576531894374,0.22982322636644315,-0.20628242444411218,0.04637485381789853,-0.10043297793440134,0.22494165863890606,4,0,0.47769028871391084,0.26115485564304464,0.26115485564304464,0.39836834025563456,0.29036360327433436,0.3112680564700312,2019
20,2020-02-02 18:00:00,Paderborn,Wolfsburg,0.2772865780795374,0.2733998541304368,0.44931356779002585,1.1900896940985888,1.5691660436362596,0.2626576531894374,0.22982322636644315,-0.23832818808857056,-0.08012401399219692,-0.10256733738424548,0.29045398003038986,2,4,0.25430815358917697,0.24899623393196174,0.49669561247886124,0.35993321406604656,0.23481229752002725,0.40525448841392614,2019
21,2020-02-07 20:30:00,Ein Frankfurt,Augsburg,0.5427081148886904,0.23146477617889982,0.22582710893240968,2.048507120167878,1.2772787849314158,0.26145242673710783,0.24133033306365834,0.018839714820380903,0.1954888191734899,0.013097886883850622,-0.02981844799989002,5,0,0.4909866674139828,0.26096277665291134,0.24805055593310588,0.47197220317256433,0.2856594056077166,0.242368391219719,2019
21,2020-02-08 15:30:00,Freiburg,Hoffenheim,0.32851016427710583,0.2588329982371501,0.412656837485744,1.4533038967383263,1.6477689308277386,0.26145242673710783,0.24133033306365834,-0.12647175462710286,-0.0024714912238048095,0.15975738334371486,0.07821239969948089,1,0,0.35506941856500596,0.2688096163147503,0.37612096512024357,0.3700134997652836,0.2720012173283925,0.3579852829063239,2019
21,2020-02-08 15:30:00,Hertha,Mainz,0.4726899665937988,0.2565834397675219,0.2707265936386791,1.745139439869346,1.280333800461327,0.26145242673710783,0.24133033306365834,-0.13519401096545483,0.18924571186116856,-0.05657098205153975,0.04223938085875567,1,3,0.4669755815908144,0.26986690834143384,0.2631575100677518,0.44361198526604145,0.27275543915365685,0.28363257558030164,2019
21,2020-02-08 15:30:00,Schalke 04,Paderborn,0.6375681989503372,0.21541303499640582,0.1470187660532568,2.1414063432939177,0.948577777702168,0.26145242673710783,0.24133033306365834,-0.08370252410555211,0.34238254726056777,-0.2157212909845794,-0.09852262798118046,1,1,0.5999812483885334,0.22237067247966621,0.1776480791318004,0.5554749151148454,0.2265486936420491,0.21797639124310547,2019
21,2020-02-08 15:30:00,Werder Bremen,Union Berlin,0.4979128906459548,0.26424687257538065,0.23784023677866478,1.6853898623684629,1.104933553277483,0.26145242673710783,0.24133033306365834,-0.055732751969453084,0.07494690153606068,-0.2856939702766201,0.1240267439206219,0,2,0.4433399226666767,0.2754857900963454,0.28117428723697785,0.4426128941761427,0.26868165964278606,0.28870544618107113,2019
21,2020-02-08 15:30:00,Wolfsburg,Fortuna Dusseldorf,0.5759620712014708,0.24069425542391662,0.18334367337461238,1.9125959672287582,1.0020247624608276,0.26145242673710783,0.24133033306365834,-0.0642666190049254,0.20994532360693371,-0.18826452317134829,-0.07116518817369046,1,1,0.6141279567349308,0.22827298152017814,0.1575990617448912,0.5460780121901405,0.2780097828055342,0.17591220500432525,2019
21,2020-02-08 18:30:00,Leverkusen,Dortmund,0.37346637413690453,0.23954965199198008,0.3869839738711154,1.7534395406677554,1.7865669355278195,0.26145242673710783,0.24133033306365834,0.1268012325003002,-0.06800468152878412,0.4288532829532896,-0.11000984450103729,4,3,0.262719001304513,0.22178371505474004,0.515497283640747,0.3134179178371717,0.27677080659318004,0.4098112755696483,2019
21,2020-02-09 18:00:00,Bayern Munich,RB Leipzig,0.5954355568339593,0.20861740813358262,0.19594703503245817,2.3303878660100907,1.3033674947655967,0.26145242673710783,0.24133033306365834,0.5429386377626021,-0.19968667774095136,0.3241320775682908,-0.3206332085021381,0,0,0.660666124897896,0.18260253739980237,0.15673133770230152,0.589354104810404,0.18462063774326293,0.22602525744633306,2019
21,2020-03-11 18:30:00,M'gladbach,FC Koln,0.640683415413254,0.21327701562701484,0.14603956895973103,2.165255746839596,0.9556750926226533,0.26145242673710783,0.24133033306365834,0.07448118441705555,0.1952745381305672,-0.14616373682281103,-0.16062597488433897,2,1,0.49736661717950753,0.24933261226753375,0.25330077055295874,0.6383321702658806,0.203669178894234,0.1579986508398853,2019
22,2020-02-14 20:30:00,Dortmund,Ein Frankfurt,0.6111501746971287,0.19960740588010764,0.18924241942276357,2.45495240264983,1.3426442178207663,0.26033521289531486,0.23844685099325388,0.442867726899473,-0.04354241765218218,0.061469944986555725,-0.02716419143068307,4,0,0.670011263022251,0.1869186627684865,0.1430700742092626,0.6176485635978766,0.19321258369843178,0.18913885270369163,2019
22,2020-02-15 15:30:00,Augsburg,Freiburg,0.4379131732239634,0.2536020265633712,0.30848480021266533,1.7368029974704275,1.4340708271215148,0.26033521289531486,0.23844685099325388,-0.004535016765573024,0.057799018315605764,-0.13361610458163353,0.2337980239421648,1,1,0.4537058777490804,0.26688581044063553,0.2794083118102841,0.3716148011045234,0.2943108937622775,0.3340743051331991,2019
22,2020-02-15 15:30:00,Hoffenheim,Wolfsburg,0.49774332769424956,0.2559765498138458,0.2462801224919045,1.7662565302687694,1.1907623684885442,0.26033521289531486,0.23844685099325388,0.13718107373445138,-0.06710078536271308,-0.07815146606653159,-0.007589999042561842,2,3,0.38677306828499064,0.27820518946815115,0.33502174224685816,0.4888194505614483,0.25505419223361514,0.2561263572049364,2019
22,2020-02-15 15:30:00,Paderborn,Hertha,0.3406645979960131,0.26637794125653325,0.3929574607474535,1.427102170471279,1.5455768232945324,0.26033521289531486,0.23844685099325388,-0.2130309152528625,0.06989478538376434,-0.14523910318607094,0.32030107937398955,1,2,0.37365424182975265,0.2786018469783243,0.34774391119192305,0.411974532427418,0.23265205938949549,0.35537340818308655,2019
22,2020-02-15 15:30:00,RB Leipzig,Werder Bremen,0.7182708773586186,0.1734338923172989,0.10829523032408261,2.575981772556332,0.9418850902382689,0.26033521289531486,0.23844685099325388,0.3082973914612132,0.13915127699630198,-0.08073176494046465,-0.23947544468645024,3,0,0.7642025790101042,0.14429807005477796,0.09149935093511784,0.7082387334064519,0.16104591176918942,0.1307153548243586,2019
22,2020-02-15 15:30:00,Union Berlin,Leverkusen,0.27080735553524293,0.27317106541438324,0.456021579050374,1.1699922201265909,1.5777602509231663,0.26033521289531486,0.23844685099325388,-0.25726869327675406,-0.0845162712887099,0.15765100585183806,0.038020059892317895,2,3,0.3035853826706504,0.2670190760744656,0.42939554125488383,0.3192687210289397,0.27618951659369956,0.4045417623773606,2019
22,2020-02-15 18:30:00,Fortuna Dusseldorf,M'gladbach,0.24970616085639644,0.2616637078466928,0.48863013129691063,1.1669185589630813,1.7059843459804123,0.26033521289531486,0.23844685099325388,-0.18739743652985755,-0.1570180631535212,0.07564036470434801,0.19816669556630293,1,4,0.2313025988461335,0.2507807124331763,0.5179166887206902,0.31221962006179277,0.23834414969442477,0.44943623024378254,2019
22,2020-02-16 15:30:00,FC Koln,Bayern Munich,0.11218595493465633,0.16966223383284135,0.7181518112325024,1.0068892870260988,2.660756327671641,0.26033521289531486,0.23844685099325388,-0.1477566107890146,-0.3441597887776532,0.5196335018310583,0.19864170136320883,1,4,0.106141709820951,0.15333473328869326,0.7405235568903559,0.1865439543811854,0.11586360082087047,0.697592444797944,2019
22,2020-02-16 18:00:00,Mainz,Schalke 04,0.3737700190218906,0.27256462535897885,0.3536653556191305,1.4569655790741696,1.4121517371091779,0.26033521289531486,0.23844685099325388,-0.02859783418393036,-0.09382832729076461,-0.10098788553558678,0.18576726847954764,0,0,0.35663929700391656,0.27284439054454357,0.37051631245153976,0.3844069973961617,0.27250143520124853,0.3430915674025898,2019
23,2020-02-21 20:30:00,Bayern Munich,Paderborn,0.898903162478758,0.07194125370203013,0.02915558381921181,3.877090038680246,0.7360536564475567,0.2674336593988273,0.23226211860936305,0.5300685761518096,0.3253205280610961,-0.22900204113541545,-0.3448838783919449,3,2,0.9052380773314584,0.06632937761326109,0.028432545055280627,0.8072949267497248,0.10094843388635479,0.0917566393639204,2019
23,2020-02-22 15:30:00,Freiburg,Fortuna Dusseldorf,0.5184091609376373,0.25397745169704794,0.22761338736531483,1.7914321640690396,1.1268607927270051,0.2674336593988273,0.23226211860936305,-0.14357355977256278,0.22689317337300932,-0.19200126797762024,0.04400331580044416,0,2,0.5039979523931406,0.25606347581264394,0.2399385717942155,0.4784015684984668,0.2886190750591719,0.23297935644236117,2019
23,2020-02-22 15:30:00,Hertha,FC Koln,0.501133052341041,0.254170101560253,0.24469684609870587,1.7859816618916138,1.1965197725127794,0.2674336593988273,0.23226211860936305,-0.1384189776063518,0.21869141430189104,-0.14884796112133056,0.060831455245006424,0,5,0.367701678799584,0.2859901946218986,0.3463081265785173,0.46195486686644577,0.2691728011222556,0.2688723320112985,2019
23,2020-02-22 15:30:00,M'gladbach,Hoffenheim,0.5011255973310385,0.24683806969063535,0.25203633297832595,1.8640570497208795,1.2782659783440573,0.2674336593988273,0.23226211860936305,0.10700804113234853,0.01605150272793749,0.1385613753953423,-0.16049057972295164,1,1,0.6023139656882112,0.21289844872200755,0.18478758558978128,0.5382125939702628,0.2569326374779157,0.2048547685518216,2019
23,2020-02-22 15:30:00,Werder Bremen,Dortmund,0.21478997046290557,0.20806220551601087,0.5771478240210839,1.420086262139749,2.3629634796425125,0.2674336593988273,0.23226211860936305,-0.0986656822772598,-0.05031247797710659,0.4527281206089169,0.1397547629961366,0,2,0.13657319930466327,0.1785957221676366,0.6848310785277002,0.2637775830700789,0.2797687995896236,0.4564536173402976,2019
23,2020-02-22 18:30:00,Schalke 04,RB Leipzig,0.2585482181317162,0.2746022213716703,0.46684956049661364,1.1194067071008358,1.5748668291697432,0.2674336593988273,0.23226211860936305,-0.1266420098438093,-0.2602549490144846,0.3086521759523339,-0.12191511955646306,0,5,0.22984482557461205,0.24151207560378016,0.5286430988216078,0.28798716248161627,0.30673449153041604,0.40527834598796775,2019
23,2020-02-23 15:30:00,Leverkusen,Augsburg,0.6428164972634571,0.19549282123957235,0.16169068149697063,2.4529776721697187,1.1919402789959443,0.2674336593988273,0.23226211860936305,0.1732017710258206,0.22440511394641866,-0.018488773135996058,-0.07336242038826546,2,0,0.6292555296705068,0.20433889243063766,0.16640557789885554,0.6687779601780249,0.16275383470072266,0.16846820512125243,2019
23,2020-02-23 18:00:00,Wolfsburg,Mainz,0.5219199072093172,0.24960868948679554,0.22847140330388735,1.8378900849602562,1.1589448319269886,0.2674336593988273,0.23226211860936305,-0.05321008828881801,0.16213253098974134,-0.05463990119349284,-0.06528379469849242,4,0,0.5121303293452338,0.25266907495547347,0.2352005956992926,0.523921410994512,0.2787744821087492,0.19730410689673886,2019
23,2020-02-24 20:30:00,Ein Frankfurt,Union Berlin,0.5585699037858194,0.24776414199337563,0.19366595422080485,1.8461999081252705,1.0113761276723006,0.2674336593988273,0.23226211860936305,0.04114443480407482,0.07228920999741323,-0.23232589135539727,-0.02379586190888754,1,2,0.523947231609046,0.25428905640759036,0.22176371198336367,0.617577210387721,0.24017913295566765,0.14224365665661143,2019
24,2020-02-28 20:30:00,Fortuna Dusseldorf,Hertha,0.3993442316349631,0.2697569774739329,0.33089879089110413,1.5291435753355986,1.3756052147544107,0.2850904642602318,0.20546206832969224,-0.1768167956148708,0.11097208702553686,-0.16926207430425635,0.203065400507267,3,3,0.4320848590836716,0.27678479378983023,0.2911303471264982,0.3904123284986711,0.2478141037330797,0.36177356776824926,2019
24,2020-02-29 15:30:00,Augsburg,M'gladbach,0.27149840575672135,0.250505535438036,0.4779960588052429,1.3279502228694795,1.8113723087448477,0.2850904642602318,0.20546206832969224,-0.04106864862359974,-0.16584731639358558,0.09033516941991487,0.21865910595008053,2,3,0.24141912459326126,0.23900493334732864,0.51957594205941,0.28402090150002757,0.2940945338057397,0.42188456469423274,2019
24,2020-02-29 15:30:00,Dortmund,Freiburg,0.7167177302770427,0.16862763954061732,0.11465463018234005,2.6929291962243447,1.038352964404379,0.2850904642602318,0.20546206832969224,0.44533621279233165,0.054740776317072255,-0.17535912837732917,-0.07209556616186333,1,0,0.7820129051236446,0.1452139641173282,0.0727731307590272,0.740297860075395,0.10872275391003752,0.15097938601456745,2019
24,2020-02-29 15:30:00,Hoffenheim,Bayern Munich,0.21667070682071415,0.21658874269969977,0.5667405504795859,1.3528563662540292,2.2403257035366395,0.2850904642602318,0.20546206832969224,0.13170622710943097,-0.32004057560349836,0.5175566350215177,0.003974159379725419,0,6,0.12863731016211855,0.15370190682816742,0.717660783009714,0.2476124582608869,0.21684065079229045,0.5355468909468226,2019
24,2020-02-29 15:30:00,Mainz,Paderborn,0.5342676901803716,0.23095423482792787,0.23477807499170042,2.0571614853983586,1.3244215665922112,0.2850904642602318,0.20546206832969224,-0.07839920516458673,0.30917378546228425,-0.19471836706788861,0.19060371341330234,2,0,0.5329326209083737,0.23210447479951066,0.23496290429211553,0.49303802813888165,0.2417305987074531,0.2652313731536652,2019
24,2020-02-29 18:30:00,FC Koln,Schalke 04,0.3722889201556392,0.2751596524525801,0.35255142739178047,1.4338890314327404,1.3902015694228154,0.2850904642602318,0.20546206832969224,-0.06360161096808656,-0.06656056637681705,-0.14642348196915309,0.19078176831126029,3,0,0.43919161801264567,0.26110844139381945,0.29969994059353494,0.37115512646680127,0.23489261381723714,0.39395225971596165,2019
24,2020-03-01 13:30:00,Union Berlin,Wolfsburg,0.32246678341858825,0.28826440789467106,0.3892688086867405,1.2277378009645408,1.3703834870029803,0.2850904642602318,0.20546206832969224,-0.20268296840986702,-0.08269627438298674,-0.023412585185520043,0.0534127391161456,2,2,0.33060831930752577,0.28853089685020433,0.38086078384226973,0.3865860348279817,0.2678730648429985,0.34554090032901985,2019
24,2020-03-01 15:30:00,RB Leipzig,Leverkusen,0.571781527005883,0.22672364832679043,0.20149482466732677,2.0926548861313288,1.189425988200601,0.2850904642602318,0.20546206832969224,0.34158576668461044,-0.09370475897581192,0.16461462881651093,-0.2762342651843298,1,1,0.6330718137531787,0.20295932882532905,0.16396885742149223,0.5742208065161739,0.2115720216244722,0.21420717185935387,2019
24,2020-06-03 20:30:00,Werder Bremen,Ein Frankfurt,0.33806336978233054,0.26518739399618285,0.3967492362214866,1.4294800724360006,1.5628502527842918,0.2850904642602318,0.20546206832969224,-0.12384648839054081,-0.009395251749967462,0.02817261835282676,0.1332481566768094,0,3,0.32699345070754343,0.27516451759827865,0.39784203169417787,0.3034755092285165,0.2796846777076001,0.41683981306388346,2019
25,2020-03-06 20:00:00,Paderborn,FC Koln,0.32519258451513444,0.2498411701116303,0.42496624537323535,1.518611295016276,1.7550439346273454,0.2911629234523914,0.19943867654943584,-0.23731492841515905,0.1645096239650174,-0.03266616576991427,0.3039971328977026,1,2,0.3006131800506187,0.2456040672063045,0.45378275274307683,0.40359496167993214,0.2551309603874614,0.3412740779326065,2019
25,2020-03-07 15:30:00,Freiburg,Union Berlin,0.4249356308838509,0.2863170863929555,0.28874728272319355,1.4381459406575747,1.147164472406931,0.2911629234523914,0.19943867654943584,-0.1969953418718462,0.06974848465455999,-0.18210444964139352,0.02823474761079245,3,1,0.40223205284818003,0.29513621215176067,0.3026317350000593,0.34138018518755686,0.30623786405362413,0.352381950758819,2019
25,2020-03-07 15:30:00,Hertha,Werder Bremen,0.4289762359848609,0.26526618132341306,0.3057575826917259,1.614930356882607,1.3359809737053912,0.2911629234523914,0.19943867654943584,-0.14278167494057084,0.13147190801024583,-0.12980427035200076,0.12830718067417618,2,2,0.42342255290366215,0.2722002125809257,0.3043772345154121,0.4512180944565079,0.26370494128717514,0.28507696425631684,2019
25,2020-03-07 15:30:00,Leverkusen,Ein Frankfurt,0.5190337596074996,0.2450177086261337,0.2359485317663666,1.8884505324829002,1.2230945115915404,0.2911629234523914,0.19943867654943584,0.15647590688561583,-0.011320838138561416,0.02436278311871506,-0.11414157436331401,4,0,0.5326355802858633,0.23310945934271282,0.2342549603714239,0.6911350876108933,0.16807012056380477,0.14079479182530197,2019
25,2020-03-07 15:30:00,Schalke 04,Hoffenheim,0.3684699100155019,0.2719078105417663,0.35962227944273195,1.4507551503410399,1.4309962608956546,0.2911629234523914,0.19943867654943584,-0.17167274151532808,0.053155355718847004,0.11356663483187136,-0.04635867064442161,1,1,0.358014186653095,0.27287041160379155,0.3691154017431134,0.2926509054479911,0.28388163463642363,0.4234674599155852,2019
25,2020-03-07 15:30:00,Wolfsburg,RB Leipzig,0.25689193336045274,0.2595096924664019,0.48359837417314544,1.208405345752718,1.7240176623692505,0.2911629234523914,0.19943867654943584,-0.01889151447016404,-0.2824084911839268,0.3253729579186664,-0.07187846418827128,0,0,0.2762459356687547,0.2611091720704668,0.46264489226077854,0.25225453941445525,0.2732362104189592,0.4745092501665857,2019
25,2020-03-07 18:30:00,M'gladbach,Dortmund,0.3558907462596329,0.2452004170569471,0.39890883668342003,1.6504828999475065,1.7540813234562835,0.2911629234523914,0.19943867654943584,0.10153771729936727,-0.09107140557237826,0.42522699702362754,-0.15444466303054405,1,2,0.2915222094900585,0.2509692512145386,0.45750853929540297,0.39807753037824434,0.2715461850934144,0.33037628452834134,2019
25,2020-03-08 15:30:00,Bayern Munich,Augsburg,0.8476959421638244,0.09979464960326782,0.052509408232907784,3.561366644628289,0.9173945879958346,0.2911629234523914,0.19943867654943584,0.5479268959903645,0.23161586414577126,-0.032604932274255476,-0.34477558729971813,2,0,0.8632496682597662,0.09222397803352653,0.04452635370670728,0.757447708748934,0.11907605431903406,0.12347623693203201,2019
25,2020-03-08 18:00:00,Mainz,Fortuna Dusseldorf,0.48554626973753695,0.24431685320177193,0.27013687706069134,1.8837711027619768,1.3707583921205893,0.2911629234523914,0.19943867654943584,-0.08253241185271538,0.22520648527463236,-0.1481135499195853,0.17231478403432487,1,1,0.4947573998919623,0.2512846794188124,0.2539579206892253,0.45539919226600584,0.2549471959669475,0.28965361176704674,2019
26,2020-05-16 15:30:00,Augsburg,Wolfsburg,0.33097070480748414,0.26368825728105055,0.4053410379114655,1.4218196431835146,1.5914343838550256,0.28895767001463457,0.20494262344930544,-0.04784717855081229,-0.09411562478036917,-0.035811993081273405,0.21149006083639504,1,2,0.28348240279181236,0.27217541236706777,0.4443421848411199,0.3711813359606882,0.2467025684447103,0.3821160955946015,2019
26,2020-05-16 15:30:00,Dortmund,Schalke 04,0.6659076476013845,0.1959943038823222,0.13809804851629315,2.370956656552186,1.0177798049187408,0.28895767001463457,0.20494262344930544,0.41709342958059653,-0.04770019678960745,-0.17574655724114868,-0.09558751969326258,4,0,0.6120309270154237,0.218983542693592,0.16898553029098426,0.7312410840222913,0.146236071976631,0.1225228440010778,2019
26,2020-05-16 15:30:00,Fortuna Dusseldorf,Paderborn,0.5160244424684878,0.24190981681022095,0.24206574072129144,1.9235899513185852,1.2725003675275022,0.28895767001463457,0.20494262344930544,-0.15165344933063968,0.31194636238098894,-0.256771025682188,0.2087971139332369,0,0,0.4390489805131292,0.2673538484688887,0.2935971710179821,0.6319972436891003,0.20612803451157719,0.1618747217993227,2019
26,2020-05-16 15:30:00,Hoffenheim,Hertha,0.5620274750273535,0.2275227429828328,0.21044978198981368,2.0899739507038717,1.2304440899586817,0.28895767001463457,0.20494262344930544,0.10494929728513835,0.1383020113719159,-0.13034549315960164,0.04876297611377406,0,3,0.4340395823215153,0.26378096163186016,0.30217945604662455,0.4601831264823481,0.2710268246064729,0.2687900489111789,2019
26,2020-05-16 15:30:00,RB Leipzig,Freiburg,0.6876096452265565,0.19677579367752998,0.11561456109591359,2.274122506030129,0.8453102095433018,0.28895767001463457,0.20494262344930544,0.2972975306417065,0.030396442256293,-0.16508318078010378,-0.2919260963430105,1,1,0.7156741277107181,0.1759639139692408,0.10836195832004095,0.7096617202271255,0.16600746774489195,0.1243308120279826,2019
26,2020-05-16 18:30:00,Ein Frankfurt,M'gladbach,0.352583928995201,0.26900877531032785,0.37840729569447107,1.4367373369538305,1.494856102908223,0.28895767001463457,0.20494262344930544,0.01008266137464718,-0.14160815014574873,0.089064590532223,0.024007689427946254,1,3,0.3331098045942953,0.2685463874116931,0.3983438079940115,0.32664137645589403,0.3036383999971918,0.36972022354691414,2019
26,2020-05-17 15:30:00,FC Koln,Mainz,0.4665479532560514,0.24499613669324777,0.2884559100507008,1.8604917792000086,1.4352441770539799,0.28895767001463457,0.20494262344930544,-0.04145285973291197,0.16839341646660336,-0.09394220270115095,0.16631952564860186,2,2,0.5193552198054633,0.24756829130623123,0.2330764888883055,0.477161464711336,0.2619263178867947,0.2609122174018692,2019
26,2020-05-17 18:00:00,Union Berlin,Bayern Munich,0.11383255123880817,0.17775196455089082,0.7084154842103009,0.958465681463189,2.538100311950885,0.28895767001463457,0.20494262344930544,-0.1921585886380131,-0.3441632263836098,0.5253344376951925,0.11712378481663681,0,2,0.062417838154501505,0.12028192207886329,0.8173002397666352,0.16020762952963638,0.12468259577402657,0.7151097746963371,2019
26,2020-05-18 20:30:00,Werder Bremen,Leverkusen,0.2604939495229496,0.24978107032957925,0.4897249801474712,1.2907179074641049,1.8267883997647587,0.28895767001463457,0.20494262344930544,-0.11598249374369997,-0.1227192187310112,0.17576603648913486,0.13783574577453658,1,4,0.2417405797964165,0.2435859277337937,0.5146734924697899,0.3175326016780182,0.2705399122991606,0.41192748602282125,2019
27,2020-05-22 20:30:00,Hertha,Union Berlin,0.46237619762109083,0.26754726651905,0.27007653585985925,1.6328230393555523,1.203230069503174,0.29397119780890385,0.18518308653035429,-0.09584447241728829,0.1070006308273239,-0.22088651001613366,0.11192497738430059,4,0,0.4070338804302822,0.2863861134763962,0.30658000609332153,0.4941156062827852,0.29782622096506617,0.20805817275214863,2019
27,2020-05-23 15:30:00,Freiburg,Werder Bremen,0.4614583601487822,0.26686829333268114,0.2716733465185366,1.6381155599815023,1.2132075641542484,0.29397119780890385,0.18518308653035429,-0.1581332375004346,0.17252548554281616,-0.11527362536152773,0.014570159243689361,0,1,0.4519848116171007,0.26417948823049375,0.2838357001524055,0.507496964620616,0.2552701862758916,0.23723284910349235,2019
27,2020-05-23 15:30:00,M'gladbach,Leverkusen,0.4063058507027145,0.2625946931565631,0.3310994561407222,1.6027681577041892,1.4307266129838045,0.29397119780890385,0.18518308653035429,0.11403103922707584,-0.12145309065203873,0.2090558855608302,-0.14484464717996814,1,3,0.3847706749695242,0.25514205185144917,0.36008727317902645,0.45336459134782964,0.24398820046503616,0.3026472081871343,2019
27,2020-05-23 15:30:00,Paderborn,Hoffenheim,0.2505855299626084,0.243512866242024,0.5059016037953674,1.2970652825619806,1.9028890972186165,0.29397119780890385,0.18518308653035429,-0.2954095208132246,0.07635947405120737,0.07700522160567448,0.27239688933395967,1,1,0.30600535034315224,0.24993107148445945,0.4440635781723884,0.3940229260959102,0.20459945182793254,0.40137762207615724,2019
27,2020-05-23 15:30:00,Wolfsburg,Dortmund,0.278526758441968,0.24358226511992845,0.4778909764381036,1.4094669537417828,1.8863227190835885,0.29397119780890385,0.18518308653035429,-0.024719075068676495,-0.11122362334992733,0.43676429341329037,-0.09610620866733066,0,2,0.24419846784613353,0.2506078764510189,0.5051936557028477,0.3112971603495604,0.3158143853910931,0.3728884542593465,2019
27,2020-05-23 18:30:00,Bayern Munich,Ein Frankfurt,0.7620339729404462,0.14910568408753874,0.0888603429720149,2.8645712608823932,0.9422723468191516,0.29397119780890385,0.18518308653035429,0.5222771503254671,0.050987257142255646,0.007792989871410478,-0.3612251183526571,5,2,0.8403722075529171,0.10357019639030546,0.05605759605677738,0.7574096780694102,0.11922231988325196,0.12336800204733782,2019
27,2020-05-24 13:30:00,Schalke 04,Augsburg,0.45869887453444264,0.26405233850043625,0.2772487869651211,1.6612296956523327,1.2513663548471505,0.29397119780890385,0.18518308653035429,-0.18973453909742544,0.2181383633976154,-0.05134525469678938,-0.018389904901372017,0,3,0.4771251180223742,0.27109381705816715,0.2517810649194587,0.38165181670663123,0.30700946739190943,0.3113387159014594,2019
27,2020-05-24 15:30:00,Mainz,RB Leipzig,0.18427727202338667,0.22308892635859004,0.5926338016180233,1.1213027994416023,2.1182740874232313,0.29397119780890385,0.18518308653035429,-0.07806290157310922,-0.2866001596809803,0.282904638876086,0.17372581072563462,0,5,0.1283050557407012,0.18089308617711763,0.6908018580821812,0.27880954088619886,0.2724527505570493,0.4487377085567519,2019
27,2020-05-24 18:00:00,FC Koln,Fortuna Dusseldorf,0.4946457680019182,0.24478110348815735,0.26057312850992453,1.8839542647521839,1.3287702425359396,0.29397119780890385,0.18518308653035429,-0.032962770219919876,0.1871813861309315,-0.18913449061884124,0.17941717763767473,2,2,0.5316550602348397,0.2447516901336858,0.22359324963147462,0.46730929235562,0.2726420848319393,0.2600486228124406,2019
28,2020-05-26 18:30:00,Dortmund,Bayern Munich,0.33441417644707716,0.22753693187461857,0.4380488916783042,1.765827108507262,2.0286285666804025,0.30411384697682925,0.16834577872925774,0.4347792766564291,-0.33861970502578376,0.5424697163362723,-0.13922358148443525,0,1,0.2553431614587007,0.21704168723989561,0.5276151513014038,0.3172632549349583,0.33313470823892966,0.34960203682611196,2019
28,2020-05-26 20:30:00,Ein Frankfurt,Freiburg,0.4656669379848608,0.26515534759607806,0.26917771441906113,1.6574217465271448,1.215767317387498,0.30411384697682925,0.16834577872925774,0.026036091234869246,0.0067675132740857005,-0.18883618386207418,0.08009775128666423,3,3,0.46649268439640373,0.2671256991655384,0.26638161643805786,0.36112671252756645,0.32293997686152237,0.3159333106109111,2019
28,2020-05-26 20:30:00,Leverkusen,Wolfsburg,0.5267012713332568,0.25045281071001474,0.2228459179567283,1.8285999900885999,1.1288328039023703,0.30411384697682925,0.16834577872925774,0.2298551679833363,-0.09876415236144641,-0.048110305426247765,-0.1348193595531817,1,4,0.5725032816900205,0.2287273876608455,0.1987693306491339,0.6105206012534148,0.2114507423213993,0.17802865642518598,2019
28,2020-05-26 20:30:00,Werder Bremen,M'gladbach,0.26710774472625176,0.2573449441954746,0.47554731107827347,1.261560744604529,1.7398118132894866,0.30411384697682925,0.16834577872925774,-0.11949831352691478,-0.1206116715605233,0.10543263143453442,0.14423047568418182,0,0,0.21167722094788682,0.23003958228312515,0.558283196768988,0.31663863581717,0.26028481674840925,0.42307654743442075,2019
28,2020-05-27 18:30:00,RB Leipzig,Hertha,0.6911096534514138,0.18825706886097865,0.12063327768760732,2.412925154956599,0.9392655414838812,0.30411384697682925,0.16834577872925774,0.3160784746333902,0.09230166839866182,-0.0566922291930377,-0.310078665753104,2,2,0.7346078497601838,0.16158886712152942,0.10380328311828685,0.687128410659664,0.1787111152229181,0.13416047411741783,2019
28,2020-05-27 20:30:00,Augsburg,Paderborn,0.5502353962157484,0.23396304908814616,0.21580155469610557,2.013734864081658,1.2093585510539424,0.30411384697682925,0.16834577872925774,-0.023326496115574694,0.2508580096055739,-0.3078626147889343,0.1938388637599109,0,0,0.48985151886663947,0.25337147527584797,0.25677700585751256,0.48800695606291966,0.26821018969276805,0.24378285424431223,2019
28,2020-05-27 20:30:00,Fortuna Dusseldorf,Schalke 04,0.3672982080910182,0.28484386019762387,0.3478579317113579,1.3530131885060486,1.3110765077122823,0.30411384697682925,0.16834577872925774,-0.17483664356849968,0.004711114605957082,-0.22029457441901631,0.18702928880646522,2,1,0.3852583073470118,0.2886527499155858,0.3260889427374024,0.39171741655606745,0.2574494133196843,0.3508331701242482,2019
28,2020-05-27 20:30:00,Hoffenheim,FC Koln,0.5187807757924685,0.23032199414969995,0.2508972300578316,2.0655062815193097,1.4048673127407967,0.30411384697682925,0.16834577872925774,0.06262429560253602,0.19029144770304696,-0.03168470648113489,0.06751371849994653,3,1,0.39489930599906337,0.257589304721761,0.34751138927917574,0.3780486297628363,0.31045361172794084,0.31149775850922284,2019
28,2020-05-27 20:30:00,Union Berlin,Mainz,0.38645888341341506,0.2669701254777398,0.3465709911088452,1.5279480098083997,1.4376944989260285,0.30411384697682925,0.16834577872925774,-0.25747087484003744,0.20893691430491307,-0.09681761228442143,0.15574455344496943,1,1,0.4075462542654103,0.2756237673355665,0.31682997839902327,0.4098027436809045,0.25932550079974387,0.3308717555193516,2019
29,2020-05-29 20:30:00,Freiburg,Leverkusen,0.2649671732139507,0.25591627220122404,0.47911655458482516,1.263643336983339,1.7566342273597775,0.30502738298084536,0.15939453797765518,-0.15091138370069265,-0.0795114514587354,0.2245489934992384,0.033823230835962705,0,1,0.21018287764414104,0.23503208485330063,0.5547850375025584,0.2861684274892294,0.28885670624333454,0.424974866267436,2019
29,2020-05-30 15:30:00,Hertha,Augsburg,0.4676090900793717,0.2472209058957011,0.28517000402492715,1.837391871345551,1.40485102817709,0.30502738298084536,0.15939453797765518,-0.035075505850373216,0.1790006897390307,-0.0549882557644539,0.08989214018056893,2,0,0.5360736587351421,0.24656617895311445,0.2173601623117433,0.4165111857937364,0.2925847708831477,0.2909040433231159,2019
29,2020-05-30 15:30:00,Mainz,Hoffenheim,0.32036965904279263,0.2465020258945056,0.4331283150627018,1.5326501013993157,1.8022682532648076,0.30502738298084536,0.15939453797765518,-0.10201721709914945,0.06459362562070299,0.0798594153806575,0.20415921393237738,0,1,0.3926393245717351,0.25786852938089627,0.3494921460473686,0.3814328874237273,0.2607046243691601,0.35786248820711253,2019
29,2020-05-30 15:30:00,Schalke 04,Werder Bremen,0.4135908244379316,0.28400194044164495,0.30240723512042356,1.439963882728105,1.200492386588076,0.30502738298084536,0.15939453797765518,-0.22152906250235715,0.12172517337840531,-0.14207424492932433,0.019778656740048237,0,1,0.36135791009149987,0.2917384962206604,0.34690359368783985,0.4387106831495853,0.2664282365401806,0.29486108031023417,2019
29,2020-05-30 15:30:00,Wolfsburg,Ein Frankfurt,0.4808723023913965,0.25344850983501976,0.26567918777358374,1.782893520404895,1.2840179866172656,0.30502738298084536,0.15939453797765518,0.0018958656847395299,0.1119198311078263,0.051908764825742165,-0.10694193436803452,1,2,0.4825881554194543,0.2534547871964243,0.26395705738412145,0.5093712318472737,0.2836142658301231,0.20701450232260327,2019
29,2020-05-30 18:30:00,Bayern Munich,Fortuna Dusseldorf,0.8378104444321753,0.11013523479969026,0.052054320768134404,3.264432353373461,0.7966011268647946,0.30502738298084536,0.15939453797765518,0.5338796336476352,0.1847843349286184,-0.15832227649612735,-0.3741063001272983,5,0,0.8841401130327914,0.07871981220737137,0.037140074759837216,0.7788927950943413,0.10797269904183522,0.11313450586382351,2019
29,2020-05-31 15:30:00,M'gladbach,Union Berlin,0.6203771475639892,0.2283758562958426,0.1512469961401684,1.9998525071857451,0.8979447209984066,0.30502738298084536,0.15939453797765518,0.08020784438009451,0.14844366609482282,-0.27200960962347565,-0.14066454384030616,4,1,0.6450650181198039,0.2145384779364741,0.14039650394372202,0.6428490133975386,0.18596620522926846,0.17118478137319296,2019
29,2020-05-31 18:00:00,Paderborn,Dortmund,0.11469005055119048,0.178173756132949,0.7071361933158604,0.9627230256551825,2.5359906524661855,0.30502738298084536,0.15939453797765518,-0.3460942616834349,-0.15631718397060645,0.4162474170173877,0.20930955063390652,1,6,0.10479573712255773,0.16163410301953818,0.7335701598579041,0.24468322878979681,0.23278991702495805,0.5225268541852451,2019
29,2020-06-01 20:30:00,FC Koln,RB Leipzig,0.17166058193783468,0.20839984302681894,0.6199395750353462,1.1543899205785242,2.289714680492524,0.30502738298084536,0.15939453797765518,-0.03539174919463293,-0.2854581746320463,0.31351034064418354,0.20988949250729627,2,4,0.16666822565407316,0.20197929041129206,0.6313524839346347,0.23855665992422365,0.19316319922273342,0.568280140853043,2019
30,2020-06-05 20:30:00,Freiburg,M'gladbach,0.271744180852391,0.2756811450128369,0.45257467413477215,1.1576641935563725,1.553284472804569,0.3122021086936212,0.14876576856123921,-0.17454520707629184,-0.14001832137578868,0.10997865578550224,0.018190939219565147,1,0,0.1995484652990412,0.22928886156957135,0.5711626731313875,0.28211566540924526,0.26337463072397554,0.45450970386677925,2019
30,2020-06-06 15:30:00,Ein Frankfurt,Mainz,0.5462442459936052,0.22881346264573255,0.22494229136066216,2.0816719398245063,1.293830686810899,0.3122021086936212,0.14876576856123921,0.08383722973271637,0.18836628106092287,-0.13125503777972153,0.0766602717900459,0,2,0.49392629481378963,0.24632499973917668,0.25974870544703377,0.4986026394376943,0.2733415854742236,0.22805577508808195,2019
30,2020-06-06 15:30:00,Fortuna Dusseldorf,Hoffenheim,0.2861684216546232,0.25032806154429627,0.4635035168010807,1.3836688469775267,1.8005152764194923,0.3122021086936212,0.14876576856123921,-0.17409623885618464,0.037866917751508744,0.06724895702073246,0.20862182289934614,2,2,0.386071504659402,0.2709081296899781,0.34302036565061983,0.39151060466082543,0.2501124007538187,0.35837699458535593,2019
30,2020-06-06 15:30:00,Leverkusen,Bayern Munich,0.2248827976737705,0.22512129722810933,0.54999590509812,1.323508958439634,2.129535657964796,0.3122021086936212,0.14876576856123921,0.2128811285923052,-0.39356249443580343,0.5483954109087625,-0.10469356460220709,2,4,0.1230853151588491,0.16320356634543642,0.7137111184957144,0.3373771089168928,0.23364605335434738,0.42897683772875983,2019
30,2020-06-06 15:30:00,RB Leipzig,Paderborn,0.810195362472288,0.12999454662850893,0.05981009089920322,2.93190659853668,0.7416801642291438,0.3122021086936212,0.14876576856123921,0.33629791354920563,0.27838713682503047,-0.34331361885882483,-0.26772566408965814,1,1,0.8634455175506636,0.09287059345748416,0.043683888991852174,0.7885155540737688,0.11940460597144159,0.09207983995478965,2019
30,2020-06-06 18:30:00,Dortmund,Hertha,0.6931820294822756,0.1753655206499785,0.13145244986774585,2.6656550305266102,1.1302037998996342,0.3122021086936212,0.14876576856123921,0.45270437351466003,0.066777566713128,-0.03463798475206152,-0.15516615358563712,1,0,0.6773359330522758,0.19254912612978003,0.130114940817944,0.7406701535956427,0.14835335136618324,0.1109764950381741,2019
30,2020-06-07 13:30:00,Werder Bremen,Wolfsburg,0.2906702232324453,0.27698594020827755,0.43234383655927705,1.209876338016846,1.519998615435033,0.3122021086936212,0.14876576856123921,-0.17209814715384256,-0.0983515757012203,-0.00999802973185969,0.11650534499800398,0,1,0.2483687424962155,0.2612622018061283,0.4903690556976563,0.34046257286693743,0.28821787484285905,0.37131955229020364,2019
30,2020-06-07 15:30:00,Union Berlin,Schalke 04,0.3396405051000791,0.294527435848714,0.3658320590512071,1.2300156568589828,1.2851184366282298,0.3122021086936212,0.14876576856123921,-0.26662715858559355,0.012686179787688878,-0.2490749695112472,0.18772374349982626,1,1,0.4060594864215777,0.30389802327729537,0.2900424903011269,0.3790966905698089,0.22385053354564613,0.397052775884545,2019
30,2020-06-07 18:00:00,Augsburg,FC Koln,0.43199845888205046,0.24123880868500802,0.32676273243294157,1.8570929926440238,1.6013436471776188,0.3122021086936212,0.14876576856123921,-0.07868906771850327,0.23673354839463917,-0.018385001552352412,0.17702594917297412,1,1,0.3312275215011728,0.26795934323690385,0.4008131352619234,0.451534346468356,0.2384262841155703,0.3100393694160737,2019
31,2020-06-12 20:30:00,Hoffenheim,RB Leipzig,0.24182081569290778,0.2368281182019115,0.5213510661051808,1.31029458237765,1.9843566696311294,0.3120132115050467,0.13818112728028964,0.07720865676791669,-0.25715101157611353,0.32033291635974126,0.05294863784022507,0,2,0.13181310779519306,0.1687114953646221,0.6994753968401849,0.2740248933210323,0.28863060277725255,0.4373445039017152,2019
31,2020-06-13 15:30:00,FC Koln,Union Berlin,0.48955670846929444,0.24800582894988607,0.2624374625808195,1.8457476446588377,1.3116547380445627,0.3120132115050467,0.13818112728028964,-0.025616941799409217,0.18830702588145587,-0.26831680646822326,0.2275930938749707,1,2,0.4655404395275826,0.2758259829570937,0.2586335775153237,0.4867441981135572,0.25332718688860434,0.25992861499783854,2019
31,2020-06-13 15:30:00,Fortuna Dusseldorf,Dortmund,0.13466870114180413,0.17813840453147506,0.6871928943267209,1.133102816926641,2.633457818669682,0.3120132115050467,0.13818112728028964,-0.1542911059756746,-0.1709435073730305,0.4399387369769625,0.21634579411806548,0,1,0.1327745878345298,0.190169180583719,0.6770562315817513,0.23876358820278953,0.19930789348005293,0.5619285183171575,2019
31,2020-06-13 15:30:00,Hertha,Ein Frankfurt,0.3972826137198155,0.25689631715202693,0.34582106912815763,1.6374179394022406,1.5176686351799724,0.3120132115050467,0.13818112728028964,-0.04786094850502369,0.09078718364909874,0.05802728419075852,0.047134869053541764,1,4,0.4465565364506668,0.2575824765510585,0.2958609869982746,0.4604775528928575,0.2918977442788214,0.24762470282832105,2019
31,2020-06-13 15:30:00,Paderborn,Werder Bremen,0.31780405659291067,0.28062990678226035,0.4015660366248288,1.2644871239650333,1.4468173560198085,0.3120132115050467,0.13818112728028964,-0.3307488494368916,0.11522111501903971,-0.18939897960076157,0.2467519852626478,1,5,0.2524084778420039,0.2427745664739884,0.5048169556840078,0.3765031891971007,0.1900462523737738,0.43345055842912544,2019
31,2020-06-13 15:30:00,Wolfsburg,Freiburg,0.4818809232101108,0.2788640472625111,0.23925502952737807,1.5488682242758778,1.027120745511657,0.3120132115050467,0.13818112728028964,-0.013475867252765901,0.0008060148023430248,-0.17276351911501645,-0.11249019726237978,2,2,0.5967064358931273,0.22517223995967067,0.17812132414720216,0.49715529852412016,0.29202503386735046,0.2108196676085293,2019
31,2020-06-13 18:30:00,Bayern Munich,M'gladbach,0.6715241824106518,0.192003817515365,0.13647200007398325,2.422789218630497,1.0350544972022913,0.3120132115050467,0.13818112728028964,0.5715444901674017,-0.13681938280063177,0.09233666856486664,-0.3698958004370394,2,1,0.6558077125991284,0.1962047664743294,0.14798752092654213,0.7536156022319078,0.13430228668495667,0.11208211108313554,2019
31,2020-06-14 15:30:00,Mainz,Augsburg,0.41182359980783545,0.2566678423601238,0.3315085578320408,1.6664584045364161,1.4796623435035112,0.3120132115050467,0.13818112728028964,-0.1139481937483121,0.17445451364300502,-0.08679424493390377,0.16659494889414753,0,1,0.4636748703717228,0.27606076097275983,0.26026436865551744,0.4274307463794068,0.28031105669266493,0.29225819692792815,2019
31,2020-06-14 18:00:00,Schalke 04,Leverkusen,0.23932085607303388,0.2584945746288751,0.502184569298091,1.146479102833685,1.7425432648423926,0.3120132115050467,0.13818112728028964,-0.2478785996739421,-0.06562014288389573,0.22814922093719475,0.015183260079905224,1,1,0.13268317869362842,0.19642581917943341,0.6708910021269381,0.29189331957717884,0.2804409572928783,0.42766572312994283,2019
32,2020-06-16 18:30:00,M'gladbach,Wolfsburg,0.4445213403198921,0.27490976319642996,0.2805688964836779,1.551364969784671,1.1912449048596128,0.32364724138377265,0.11725983458498714,0.09319555512927398,-0.09496746202264006,-0.005115790306249348,-0.14353255223818112,3,0,0.41356696859411884,0.27217655198074486,0.31425647942513635,0.5147294861423943,0.25201374390085446,0.23325676995675113,2019
32,2020-06-16 20:30:00,Freiburg,Hertha,0.3908408368298134,0.27780819730860773,0.33135096586157897,1.449813744346827,1.3191988676580302,0.32364724138377265,0.11725983458498714,-0.153887709778133,0.08441572981656716,-0.05537468735017006,0.008752079874240317,2,1,0.37540572061120003,0.2701219632726482,0.35447231611615176,0.4418826358924516,0.2829059427770737,0.2752114213304746,2019
32,2020-06-16 20:30:00,Union Berlin,Paderborn,0.47545147112893116,0.2658058797418016,0.2587426491292671,1.6590318290292159,1.1741380419002772,0.32364724138377265,0.11725983458498714,-0.24996480812239683,0.31529192884952084,-0.33583500147080786,0.17272205711922167,1,0,0.5295186896911802,0.2419120917370874,0.22856921857173246,0.5308204856939299,0.21543990001449662,0.25373961429157343,2019
32,2020-06-16 20:30:00,Werder Bremen,Bayern Munich,0.0980992693953554,0.16012282344719772,0.7417779071574468,0.9484690078919801,2.7343829750088706,0.32364724138377265,0.11725983458498714,-0.1255387872743372,-0.3682744536988154,0.5682027418547425,0.11405582389574657,0,1,0.06300459206546015,0.11955121344421064,0.8174441944903292,0.13167755926693608,0.10642769176792209,0.7618947489651418,2019
32,2020-06-17 18:30:00,Ein Frankfurt,Schalke 04,0.490753736660392,0.26043281460200013,0.2488134487376078,1.7189414310313875,1.1714212966352924,0.32364724138377265,0.11725983458498714,0.09539356162244149,0.00540801669409355,-0.2495393867763066,0.08410994039876013,2,1,0.6111065680407389,0.2253726350221165,0.16352079693714455,0.44543744470616714,0.27060238579420215,0.28396016949963077,2019
32,2020-06-17 20:30:00,Augsburg,Hoffenheim,0.3266446304847873,0.25432749092204915,0.41902787859316337,1.4848203449986386,1.7009968896305716,0.32364724138377265,0.11725983458498714,-0.09833299071342563,0.05271969988178612,0.056029841028281034,0.15153740244654332,1,3,0.30251283255611094,0.2501090347904854,0.4473781326534035,0.36317057736639363,0.2690791045671196,0.36775031806648684,2019
32,2020-06-17 20:30:00,Dortmund,Mainz,0.7392671242995368,0.15940363675866828,0.10132923894179499,2.7704052658779066,0.9871824630982203,0.32364724138377265,0.11725983458498714,0.41922286672637765,0.15886367217360806,-0.14336557089779767,-0.19318206075939834,0,2,0.7335889585027052,0.1652800079815454,0.10113103351574941,0.7893838306188834,0.12128573572598593,0.0893304336551307,2019
32,2020-06-17 20:30:00,Leverkusen,FC Koln,0.6347264070213123,0.19633184942418594,0.1689417435545018,2.459798242862859,1.2355876440541367,0.32364724138377265,0.11725983458498714,0.21813636657635835,0.24103588893933245,-0.04312293912505511,-0.06897762020261378,3,1,0.6203069037539907,0.20632238267411354,0.17337071357189576,0.6660623962827482,0.1856545328075016,0.14828307090975024,2019
32,2020-06-17 20:30:00,RB Leipzig,Fortuna Dusseldorf,0.7350424804013369,0.1684113840951146,0.09654613550354857,2.583930650924061,0.8701508074801375,0.32364724138377265,0.11725983458498714,0.31627523468023505,0.19212943703353302,-0.18022904342837529,-0.28250693837968915,2,2,0.7355681427172388,0.1643021624626135,0.10012969482014769,0.7703773580772216,0.1253742085243778,0.10424843339840066,2019
33,2020-06-20 15:30:00,Bayern Munich,Freiburg,0.7666065761457089,0.15322024676099089,0.08017317709330025,2.713277998540369,0.8137224893933788,0.3215712946584838,0.11511901202587221,0.5544776549668539,0.0069895358288351835,-0.14136890786029324,-0.3863382800261016,3,1,0.7407745089562915,0.15512972671324937,0.10409576433045928,0.7399007342535681,0.15882919461211062,0.1012700711343212,2019
33,2020-06-20 15:30:00,FC Koln,Ein Frankfurt,0.310542619819843,0.23449900068325222,0.454958379496905,1.6103712828811294,1.9675833046899858,0.3215712946584838,0.11511901202587221,-0.04499741795630762,0.08477187416698617,0.1026860598271751,0.25254868630353855,1,1,0.3389679204006023,0.2486944794584053,0.4123376001409924,0.37341968506682394,0.24560803816854151,0.3809722767646346,2019
33,2020-06-20 15:30:00,Fortuna Dusseldorf,Augsburg,0.38540303148268096,0.2611235496923204,0.3534734188249987,1.5755908600325375,1.5021417568092936,0.3215712946584838,0.11511901202587221,-0.154049724375491,0.17198976884486214,-0.10237322139504572,0.1876938543263763,1,1,0.5494945354367733,0.2496398150548265,0.20086564950840033,0.41754384379871423,0.2646893422924924,0.31776681390879347,2019
33,2020-06-20 15:30:00,Hertha,Leverkusen,0.265354319180798,0.24281229938988408,0.4918333814293179,1.3636245783677914,1.9045979007909632,0.3215712946584838,0.11511901202587221,-0.05755716699225651,-0.06898685395589313,0.22707180249444273,0.09562781344584528,2,0,0.16390083999180496,0.1990712285733798,0.6370279314348153,0.303031514543722,0.3037679806690257,0.3932005047872523,2019
33,2020-06-20 15:30:00,Hoffenheim,Union Berlin,0.5587091795099896,0.2388526579530255,0.20243816253698493,1.9488763340084017,1.1094545021896653,0.3215712946584838,0.11511901202587221,0.07742872891492167,0.1531339319168442,-0.26628097238214715,0.048578132783182876,4,0,0.6497045340400294,0.2010664557976512,0.14922901016231926,0.6222222171398203,0.22343934486680464,0.15433843799337507,2019
33,2020-06-20 15:30:00,Mainz,Werder Bremen,0.3951736286514929,0.27262710095459575,0.3321992703939112,1.498271340247588,1.358078189081963,0.3215712946584838,0.11511901202587221,-0.12501553461996595,0.0926372316394131,-0.14049374855183358,0.12499305801594915,3,1,0.3995045268583173,0.2689622025891207,0.33153327055256193,0.44537457767047717,0.27478462317519886,0.27984079915432386,2019
33,2020-06-20 15:30:00,Paderborn,M'gladbach,0.14328535730564543,0.21754155304212552,0.6391730896522292,0.9119855420858249,2.1063042968747094,0.3215712946584838,0.11511901202587221,-0.36885283614042585,-0.1599686125534647,0.11616379216471295,0.30719980689467996,1,3,0.0774817899641893,0.1276841813198354,0.7948340287159753,0.36958786576156555,0.19991226387037164,0.43049987036806275,2019
33,2020-06-20 15:30:00,RB Leipzig,Dortmund,0.4191204689464154,0.24620713947854142,0.334672391575043,1.7824142352728336,1.579970630213842,0.3215712946584838,0.11511901202587221,0.31386878535863877,-0.1725903347481879,0.3934010255063053,-0.2575660617709333,0,2,0.4304127526330771,0.26035866780529465,0.30922857956162825,0.37512684370911253,0.25261859821997923,0.3722545580709083,2019
33,2020-06-20 15:30:00,Schalke 04,Wolfsburg,0.2954689834612869,0.2932979419147147,0.4112330746239984,1.12623793722785,1.3695685383146279,0.3215712946584838,0.11511901202587221,-0.24897597352074707,-0.06883151384406405,-0.01987736970410115,0.012801829746272086,1,4,0.14916163172170704,0.2134209953875317,0.6374173728907614,0.3720323275468532,0.28567434872839903,0.3422933237247477,2019
34,2020-06-27 15:30:00,Augsburg,RB Leipzig,0.17015612738450447,0.2172036094905055,0.6126402631249901,1.0802500333630511,2.1696491996628953,0.3203186716807533,0.11919445045044813,-0.11106205454190508,-0.25125854087482646,0.2925994548420536,0.16164736881979094,1,2,0.1501210071642652,0.18220793999326845,0.6676710528424663,0.30985282033476774,0.2546561143365116,0.4354910653287206,2019
34,2020-06-27 15:30:00,Dortmund,Hoffenheim,0.6175371325250039,0.20320452786950446,0.17925833960549153,2.3800257774347346,1.2455110420349018,0.3203186716807533,0.11919445045044813,0.3949888539451779,0.0326093424032812,0.10450487165811376,-0.20527762211418832,0,4,0.5082160489278609,0.22857563923071256,0.26320831184142657,0.6858638791850858,0.1633745280032263,0.1507615928116879,2019
34,2020-06-27 15:30:00,Ein Frankfurt,Paderborn,0.6578269732956961,0.1993375289516842,0.14283549775261994,2.3397226478755195,1.0279032690158236,0.3203186716807533,0.11919445045044813,0.08785425643693455,0.32266501722772434,-0.3665998851880539,0.07380227982483123,3,2,0.7582941023835118,0.14654149831337807,0.09516439930311006,0.5761829707540037,0.21688782925373704,0.20692919999225937,2019
34,2020-06-27 15:30:00,Freiburg,Schalke 04,0.43524464801639107,0.28992763126056703,0.27482772072304196,1.4238421372197387,1.0850732415077398,0.3203186716807533,0.11919445045044813,-0.13736907440819743,0.05121490042749707,-0.24926372004609199,0.010592536773259085,4,0,0.4557675805990275,0.26241163731459155,0.2818207820863809,0.4373140764421182,0.2920746774035898,0.2706112461542919,2019
34,2020-06-27 15:30:00,Leverkusen,Mainz,0.585687175360265,0.2220550624352712,0.19225776220446367,2.1418244590503717,1.1736818788928107,0.3203186716807533,0.11919445045044813,0.2020856738498065,0.12005922079572669,-0.09972012988787149,-0.06045282908879177,1,0,0.6920541821779641,0.16993501270562106,0.13801080511641478,0.6953524908881852,0.17122915094001412,0.1334183581718006,2019
34,2020-06-27 15:30:00,M'gladbach,Hertha,0.5424556720735209,0.24477923484485112,0.21276509308162797,1.8878950358388413,1.1200565167963652,0.3203186716807533,0.11919445045044813,0.12703171476143388,0.06891763386084812,-0.04874276328253761,-0.1581967629390213,2,1,0.6716540837336994,0.19190116678105695,0.13644474948524363,0.66668766656325,0.18308015692721735,0.15023217650953272,2019
34,2020-06-27 15:30:00,Union Berlin,Fortuna Dusseldorf,0.3534078318667241,0.2770684509346188,0.3695237171986572,1.3782342052469903,1.4137242830461956,0.3203186716807533,0.11919445045044813,-0.29711126400791193,0.1784012602928885,-0.16527045133483995,0.1911793373417418,3,0,0.255111248046832,0.2839631153854618,0.46092563656770624,0.38520965098987625,0.2807676304392216,0.3340227185709022,2019
34,2020-06-27 15:30:00,Werder Bremen,FC Koln,0.425729514020289,0.25558356292283724,0.3186869230568739,1.6996446473646745,1.4502933218676979,0.3203186716807533,0.11919445045044813,-0.14635366575239664,0.23725974187139287,-0.06004391179845216,0.11149106703536792,6,1,0.6109331278640658,0.20718601727563973,0.1818808548602944,0.4127375742705456,0.25850046939654975,0.32876195633290456,2019
34,2020-06-27 15:30:00,Wolfsburg,Bayern Munich,0.16296589452666688,0.2106461630795727,0.6263879423937604,1.0821772557852865,2.2402573020796175,0.3203186716807533,0.11919445045044813,0.01984213331066199,-0.38038026608259945,0.5557603119190703,-0.06948825732975444,0,4,0.19392521564508633,0.198360095836554,0.6077146885183596,0.2355642416210082,0.12731705932215862,0.6371186990568332,2019
1,2020-09-18 20:30:00,Bayern Munich,Schalke 04,0.8164661255546539,0.12676855540853346,0.056765319036812464,2.956972621220537,0.7247685363329094,0.3299339144768406,0.12468532763391689,0.5736964635174896,0.05585027622747919,-0.24217579697737526,-0.4096610528317945,8,0,0.863060619296108,0.08845773660375623,0.048481644100135626,0.8469965302538439,0.0913025560279907,0.06170091371816536,2020
1,2020-09-19 15:30:00,Ein Frankfurt,Bielefeld,0.6501348896859558,0.19882117390606718,0.15104393640797711,2.372569318778851,1.0899079799899927,0.3299339144768406,0.12468532763391689,0.10935422657399392,0.3,-0.3,0.056159356172942126,1,1,0.5486712670679783,0.23630891205403026,0.21501982087799149,0.6562164873243763,0.16873721080933501,0.1750463018662887,2020
1,2020-09-19 15:30:00,FC Koln,Hoffenheim,0.2875638457471317,0.2328291092713108,0.4796070449815575,1.5390680189558048,2.0142110033325205,0.3299339144768406,0.12468532763391689,0.007708074317469845,-0.031150265695762538,0.15030340513025997,0.21999023748969868,2,3,0.3692858747177662,0.2724929958743631,0.3582211294078706,0.3456902987643485,0.2139117378588829,0.4403979633767685,2020
1,2020-09-19 15:30:00,Stuttgart,Freiburg,0.26009572904622047,0.2798976429073185,0.46000662804646125,1.0939685610399015,1.525384196049935,0.3299339144768406,0.12468532763391689,-0.33243384787546487,-0.03237342827192696,-0.07804357797927386,0.17035597366833516,2,3,0.44468498059122125,0.25839802926246636,0.2969169901463123,0.40026722456404296,0.2530088078074257,0.34672396762853125,2020
1,2020-09-19 15:30:00,Union Berlin,Augsburg,0.4034902912572199,0.27026976385900564,0.3262399448837744,1.532157157867684,1.3591798016266907,0.3299339144768406,0.12468532763391689,-0.15289705315752677,0.12495446056839073,-0.09490718543438462,0.07185470173616809,1,3,0.4083415527687756,0.29491334366633787,0.29674510356488654,0.46816372275100737,0.269222985785257,0.2626132914637357,2020
1,2020-09-19 15:30:00,Werder Bremen,Hertha,0.39018625957634717,0.26541019119558457,0.34440354922806815,1.5483980288001324,1.4443731538551123,0.3299339144768406,0.12468532763391689,-0.05790595173286921,0.04050757628668504,-0.035638528548830865,0.0733800379559246,1,4,0.3744508279824265,0.2808381209868199,0.34471105103075367,0.4328365636014837,0.27297383746598425,0.2941895989325322,2020
1,2020-09-19 18:30:00,Dortmund,M'gladbach,0.4985548745919222,0.24273845681552056,0.2587066685925572,1.9088718366207167,1.3369898746558926,0.3299339144768406,0.12468532763391689,0.3757217889961743,-0.1838286250127133,0.1387435181318709,-0.1782567076994126,3,0,0.5811896380539759,0.2333243072479465,0.18548605469807744,0.5108537392820155,0.25062838391599357,0.23851787680199105,2020
1,2020-09-20 15:30:00,RB Leipzig,Mainz,0.6614752888010397,0.20247951296768177,0.13604519823127847,2.2747784168720533,0.95808181532751,0.3299339144768406,0.12468532763391689,0.29717284865528054,0.0700905577161484,-0.1038919819951804,-0.26886403491871586,3,1,0.6907197820639637,0.17816697182210653,0.13111324611392983,0.6762960017047689,0.17132329915065242,0.15238069914457855,2020
1,2020-09-20 18:00:00,Wolfsburg,Leverkusen,0.33848137240163556,0.2635522982013464,0.397966329397018,1.4434276354267932,1.579228392525686,0.3299339144768406,0.12468532763391689,0.018751880099208605,-0.10635053467458859,0.19417249182904475,-0.06717003771414111,0,0,0.3140868219311387,0.2675879348854672,0.41832524318339426,0.42393631603404563,0.26663622436405787,0.30942745960189655,2020
2,2020-09-25 20:30:00,Hertha,Ein Frankfurt,0.3965686751275611,0.253363052077883,0.35006827279455577,1.6689712891569688,1.5596453117539468,0.33135184910507487,0.12693046237760533,0.0035091108741470574,0.05041601975248012,0.08244457711451184,0.030662004930396634,1,3,0.4135506771892339,0.2547472171485681,0.331702105662198,0.39061466073780576,0.39493520806553384,0.21445013119666043,2020
2,2020-09-26 15:30:00,Augsburg,Dortmund,0.1807761822004072,0.2099787258926105,0.6092450919069823,1.1992000261035343,2.2857051686441903,0.33135184910507487,0.12693046237760533,-0.06998068462213079,-0.2066469372868419,0.3791838521345812,0.11613888321869015,2,0,0.14377823250067565,0.2087306796391388,0.6474910878601856,0.34795450305659026,0.24211496276024883,0.4099305341831609,2020
2,2020-09-26 15:30:00,Bielefeld,FC Koln,0.32213766080740874,0.2542687206923089,0.4235936185002823,1.471675036953276,1.7089942103059765,0.33135184910507487,0.12693046237760533,-0.30758289492905216,0.23570181644198135,0.011244265358057578,0.1933089018974538,1,0,0.3875607555055966,0.27554897645773635,0.33689026803666705,0.4042661731700441,0.26725609523375776,0.328477731596198,2020
2,2020-09-26 15:30:00,Leverkusen,RB Leipzig,0.321766328300215,0.26056413608448953,0.4176695356152955,1.4198152192623712,1.640221172526537,0.33135184910507487,0.12693046237760533,0.1616705195701263,-0.26942609518694643,0.30068453331692335,-0.13720528838218946,1,1,0.30471772243713735,0.2577747219535783,0.43750755560928434,0.3370859092199502,0.2270478097454881,0.4358662810345616,2020
2,2020-09-26 15:30:00,M'gladbach,Union Berlin,0.5894530573564466,0.23507434117004541,0.17547260147350782,1.96514945032046,0.9944965706850272,0.33135184910507487,0.12693046237760533,0.11199672557720192,0.1052892615119485,-0.17162627017756046,-0.16524420790208552,1,1,0.6544541986222708,0.20726749023612048,0.1382783111416086,0.6431847540902376,0.18955180513386097,0.16726344077590138,2020
2,2020-09-26 15:30:00,Mainz,Stuttgart,0.5119229367306479,0.2568988005979766,0.23117826267137553,1.7607936692505666,1.1233586132388207,0.33135184910507487,0.12693046237760533,-0.10907370292038064,0.2165560472788931,-0.2938059195085412,0.07877703021331026,1,4,0.38770950596572645,0.2642009375832928,0.3480895564509807,0.5017515930592663,0.25298062322011017,0.24526778372062355,2020
2,2020-09-26 18:30:00,Schalke 04,Werder Bremen,0.3378044725393234,0.27418890449730826,0.38800662296336835,1.3612878768998504,1.4726249210034832,0.33135184910507487,0.12693046237760533,-0.2592956718248878,0.10944458030725629,-0.07262336187693391,0.12831798171266853,1,3,0.36006257772072686,0.2891411608969473,0.3507962613823257,0.33375571710401347,0.26736650690978475,0.3988777759862018,2020
2,2020-09-27 15:30:00,Hoffenheim,Bayern Munich,0.15933890737601497,0.1909165634252586,0.6497445291987263,1.214519098965252,2.517322066989427,0.33135184910507487,0.12693046237760533,0.1588202725981319,-0.42275438895989004,0.6170490461632846,-0.02520523061066277,4,1,0.0923971843739003,0.12861191972581826,0.7789908959002814,0.25860626103417544,0.4364716619671977,0.3049220769986268,2020
2,2020-09-27 18:00:00,Freiburg,Wolfsburg,0.3594876588315624,0.2827656876804726,0.35774665348796497,1.3511638484709239,1.3473871534880035,0.33135184910507487,0.12693046237760533,-0.056845170672546186,-0.10047080978469632,-0.014344223568206553,-0.018840350335060006,1,1,0.33441733121316103,0.2828158439043053,0.38276682488253366,0.4475971783888545,0.1931153473229366,0.3592874742882089,2020
3,2020-10-02 20:30:00,Union Berlin,Mainz,0.39956986685450296,0.27272053847226285,0.32770959467323413,1.5053333855650934,1.3454585999195638,0.3280219305333371,0.12716645215500236,-0.17305539666429937,0.12688140629306852,-0.1219782361230743,0.09069122701062546,4,0,0.45670525852601535,0.26662401964228266,0.276670721831702,0.4151387583638043,0.24544555828191808,0.3394156833542775,2020
3,2020-10-03 15:30:00,Dortmund,Freiburg,0.6159056722421514,0.21576578460324458,0.1683285431546041,2.1845721046148667,1.0792344900671318,0.3280219305333371,0.12716645215500236,0.3470361690388277,-0.020804575485631957,-0.06554431521525023,-0.18622563099673448,4,0,0.6913593189776277,0.18277315329293603,0.12586752772943616,0.5779411441778874,0.22048671553379146,0.20157214028832124,2020
3,2020-10-03 15:30:00,Ein Frankfurt,Hoffenheim,0.3594500494362639,0.24316948885524606,0.3973804617084902,1.6798910068456006,1.7718035705649438,0.3280219305333371,0.12716645215500236,0.10555205346387747,-0.04201152171926383,0.1963403383572003,0.04763572532218159,2,1,0.3507306889352818,0.24843423799582467,0.40083507306889354,0.255590351602132,0.3722809042935019,0.37212874410436614,2020
3,2020-10-03 15:30:00,FC Koln,M'gladbach,0.25093596848642785,0.24175375208417005,0.507310279429402,1.3119908659912483,1.9234620879210047,0.3280219305333371,0.12716645215500236,-0.02339968301123018,-0.1602429710763605,0.09440073351621459,0.23170406902152785,1,3,0.24008318927547176,0.24191123386386365,0.5180055768606646,0.43423908380062787,0.13984117884927313,0.425919737350099,2020
3,2020-10-03 15:30:00,Stuttgart,Leverkusen,0.20763795168003735,0.23726221732897126,0.5550998309909914,1.1458034091938827,1.9703524043684582,0.3280219305333371,0.12716645215500236,-0.1766788565206596,-0.14240346779672983,0.1509870296504253,0.1992034520342601,1,1,0.3108840313193168,0.2572544410108632,0.4318615276698201,0.35791947696728105,0.10215035250332173,0.5399301705293973,2020
3,2020-10-03 15:30:00,Werder Bremen,Bielefeld,0.4806662944182514,0.2714041539082231,0.24792955167352543,1.6119602519084968,1.100439222161219,0.3280219305333371,0.12716645215500236,-0.04906852544528304,0.07133112891237389,-0.3435053956727618,0.11119285812139942,1,0,0.4447739065974796,0.2719474743196018,0.28327861908291857,0.47059542567739565,0.28739285193169717,0.24201172239090718,2020
3,2020-10-03 18:30:00,RB Leipzig,Schalke 04,0.7280316420961923,0.1763575334201367,0.09561082448367089,2.4559599388796665,0.8079955924813585,0.3280219305333371,0.12716645215500236,0.2871031990099043,0.15622611692253732,-0.26911458170106034,-0.27210602415799995,4,0,0.7384520899030341,0.1620073462542371,0.09954056384272875,0.6420535259425137,0.16345931263473418,0.1944871614227522,2020
3,2020-10-04 15:30:00,Wolfsburg,Augsburg,0.479153712397979,0.2635308097903651,0.25731547781165587,1.6826988765691875,1.183519110122078,0.3280219305333371,0.12716645215500236,-0.0222518746071804,0.08746247048305113,-0.058956656160907416,-0.1005729774061953,0,0,0.49255709235727346,0.2617974682666056,0.24564543937612093,0.4371073167145496,0.23964858290042615,0.3232441003850242,2020
3,2020-10-04 18:00:00,Bayern Munich,Hertha,0.7814504327132826,0.13684305377817613,0.08170651350854138,3.0459825307410653,0.9686869288307467,0.3280219305333371,0.12716645215500236,0.6004216209758553,0.058213515644944105,-0.008743523883198448,-0.3510922128072887,4,3,0.8140010795741536,0.11743295475977308,0.06856596566607341,0.7034378585737021,0.16180237719153667,0.13475976423476135,2020
4,2020-10-17 15:30:00,Augsburg,RB Leipzig,0.19778225564423574,0.23642860321489376,0.5657891411408704,1.10220259112605,1.9731356199911958,0.31323666900518005,0.14449736254141693,-0.07801635761092324,-0.2824071406040376,0.3060185675659506,0.0603687260650338,0,2,0.16239967357797688,0.2104384291175992,0.627161897304424,0.29323832464592614,0.3588267394410845,0.34793493591298935,2020
4,2020-10-17 15:30:00,Freiburg,Werder Bremen,0.43408906334855174,0.2670093440320554,0.298901592619393,1.6064588049349104,1.3021892264660337,0.31323666900518005,0.14449736254141693,-0.08012212762575649,0.0964203525821134,-0.059562649826087735,0.010372849274512696,1,1,0.4482215950507448,0.2659364895426425,0.28584191540661275,0.4983454731981533,0.2651816191701667,0.23647290763167997,2020
4,2020-10-17 15:30:00,Hertha,Stuttgart,0.5315039303877874,0.24007500871413426,0.22842106089807823,1.9450935117655528,1.2248434028796085,0.31323666900518005,0.14449736254141693,0.030671818373888327,0.17690420402277474,-0.18617267052329994,0.07574900295930577,0,2,0.4765185259449163,0.24562810615717337,0.2778533678979103,0.6075692673107747,0.21604831172842417,0.17638242096080117,2020
4,2020-10-17 15:30:00,Hoffenheim,Dortmund,0.3072982935017003,0.2392477519959832,0.4534539545023165,1.5538801636892645,1.9101092391923453,0.31323666900518005,0.14449736254141693,0.18580836414633117,-0.2027872614640402,0.3697953418959769,-0.035871577183670976,0,1,0.23339706699569565,0.22728428666961786,0.5393186463346865,0.41598052177612804,0.2809328015609117,0.3030866766629603,2020
4,2020-10-17 15:30:00,Mainz,Leverkusen,0.23421159705938652,0.2487502445421932,0.51703815839842,1.1895499589330347,1.8469586839718586,0.31323666900518005,0.14449736254141693,-0.14132221746762266,-0.14283676425636888,0.1385040473466324,0.16179961535243026,0,1,0.17753879377461704,0.2152106822956419,0.607250523929741,0.4001270357014521,0.20023240843737256,0.39964055586117536,2020
4,2020-10-17 18:30:00,Bielefeld,Bayern Munich,0.07928737848855358,0.15836881354037433,0.762343807971072,0.768357367363686,2.6186570628044503,0.31323666900518005,0.14449736254141693,-0.4208682894797535,-0.3003660740419256,0.611111998723015,0.03831294718647584,1,4,0.05994722769696633,0.10756822767646654,0.8324845446265673,0.09425937296484187,0.08363752249606618,0.822103104539092,2020
4,2020-10-17 20:30:00,M'gladbach,Wolfsburg,0.4701998248186003,0.27504427618485167,0.25475589899654816,1.5736173977104482,1.103574257044436,0.31323666900518005,0.14449736254141693,0.11476590930342848,-0.11912289682551704,-0.05022486937503381,-0.164457562887323,1,1,0.5389191074576495,0.24027375823678582,0.2208071343055647,0.5310976077700886,0.21917603279038375,0.2497263594395277,2020
4,2020-10-18 15:30:00,FC Koln,Ein Frankfurt,0.3082425103720502,0.23479827512937232,0.4569592144985775,1.5991494669533168,1.9665181668091032,0.31323666900518005,0.14449736254141693,-0.0260388681416992,0.0377767413462442,0.11087221257894748,0.2521556694063827,1,1,0.33038511573486057,0.25805756337128294,0.4115573208938565,0.37812066032076536,0.20176704050984778,0.4201122991693869,2020
4,2020-10-18 18:00:00,Schalke 04,Union Berlin,0.31584931931516136,0.2785927163141199,0.4055579643707187,1.2726488131099147,1.4689218785054785,0.31323666900518005,0.14449736254141693,-0.28057927401041904,0.06394565053825557,-0.10672959281632528,0.1780216395380471,1,1,0.3069957909712206,0.28844619635060303,0.40455801267817637,0.3379737131991246,0.26756879024131486,0.39445749655956047,2020
5,2020-10-23 20:30:00,Stuttgart,FC Koln,0.4174625167325762,0.25338571595862014,0.3291517673088036,1.707488093802612,1.5002314749853842,0.31418604411738527,0.13186223716790893,-0.15301112193715866,0.2419861802075579,-0.03506242957823431,0.12649579832034574,1,1,0.4905224369984075,0.24154513943103398,0.2679324235705587,0.5396329816334265,0.24483559599176513,0.21553142237480827,2020
5,2020-10-24 15:30:00,Bayern Munich,Ein Frankfurt,0.7487363456333447,0.14697637341536834,0.10428728095128673,3.03788499763222,1.1364362556244774,0.31418604411738527,0.13186223716790893,0.6296677805901095,0.035445486951067,0.09902564599220606,-0.2853144156920006,5,0,0.8128496927362212,0.11486977693757376,0.07228053032620504,0.8013278384072423,0.11409606800605167,0.08457609358670612,2020
5,2020-10-24 15:30:00,Mainz,M'gladbach,0.23105286568788058,0.25409794785936257,0.5148491864527568,1.140645283760061,1.789886941715569,0.31418604411738527,0.13186223716790893,-0.1553865542161524,-0.15906758641601937,0.11347318585398623,0.15449322683379405,2,3,0.2547661404418047,0.25408676406729325,0.49114709549090196,0.34412236253483525,0.2487547363878942,0.40712290107727045,2020
5,2020-10-24 15:30:00,RB Leipzig,Hertha,0.6596901244103135,0.198803670334847,0.1415062052548396,2.342871176482177,1.0222457769427808,0.31418604411738527,0.13186223716790893,0.3125842289553178,0.09274466547819248,0.006076946012909302,-0.29826104101558126,2,1,0.620557971783176,0.21236872812135354,0.16707330009547047,0.7699140337319097,0.1372157746183129,0.09287019164977738,2020
5,2020-10-24 15:30:00,Union Berlin,Freiburg,0.3754744752765005,0.279153639913894,0.34537188480960546,1.4104166159534295,1.3445069516440158,0.31418604411738527,0.13186223716790893,-0.11323704316794485,0.011073894936778883,-0.08305060562555223,0.06489192865223783,1,1,0.43996609387002905,0.2833016094059237,0.27673229672404726,0.41517345313062,0.2903904699218616,0.2944360769475184,2020
5,2020-10-24 18:30:00,Dortmund,Schalke 04,0.7600450072099507,0.1565672594115834,0.08338773337846599,2.682774109233615,0.8238182892233998,0.31418604411738527,0.13186223716790893,0.36316683915056697,0.17763625411006007,-0.2797032437107995,-0.2282880965851123,3,0,0.8051912191081044,0.13143724975838741,0.06337153113350823,0.7053484393355614,0.12008399580564537,0.1745675648587933,2020
5,2020-10-25 15:30:00,Wolfsburg,Bielefeld,0.5703238537099429,0.26252546605191024,0.167150680238147,1.6839261890375634,0.8104155255522514,0.31418604411738527,0.13186223716790893,-0.04521401436964809,0.1202938172061051,-0.4009794710270276,-0.12341474143375794,2,1,0.586094104735364,0.23764512206931432,0.17626077319532168,0.5467464461809405,0.1765608665798459,0.27669268723921364,2020
5,2020-10-25 18:00:00,Werder Bremen,Hoffenheim,0.29483051339093824,0.2515254720321262,0.45364401457693543,1.4048485568572004,1.777579276772241,0.31418604411738527,0.13186223716790893,-0.06106337034317941,-0.045055402679762956,0.16820561487541774,0.09286082286105811,1,1,0.3558020177186547,0.26124641300986157,0.38295156927148377,0.3804291552315658,0.2725573664413866,0.34701347832704754,2020
5,2020-10-26 20:30:00,Leverkusen,Augsburg,0.5599292219920853,0.24225974514602075,0.19781103286189405,1.9077853817764174,1.064772040302398,0.31418604411738527,0.13186223716790893,0.13336494615499295,0.06652985591338857,-0.09087618539919437,-0.16054912913247418,3,1,0.6154371085276985,0.22288026126587215,0.16168263020642928,0.6057119776261586,0.20611517208836533,0.18817285028547612,2020
6,2020-10-30 20:30:00,Schalke 04,Stuttgart,0.34437061674236275,0.28445971928928326,0.37116966396835394,1.3056445499417852,1.363507649067708,0.30769091315657915,0.14243604693528453,-0.2950912284087761,0.11166109516052747,-0.17951920329120144,0.1818888232997002,1,1,0.308289957134109,0.2669549908144519,0.42475505205143904,0.346995415681401,0.21157735693325774,0.44142722738534107,2020
6,2020-10-31 15:30:00,Augsburg,Mainz,0.46085176919803617,0.25968021616471254,0.2794680146372514,1.7044332815246344,1.289624527386518,0.30769091315657915,0.14243604693528453,-0.09026815780418881,0.1733738669927072,-0.13684609077314297,0.08350628958132612,3,1,0.4057244279695127,0.2796048110640336,0.31467076096645374,0.525174618869774,0.21747803735188198,0.257347343778344,2020
6,2020-10-31 15:30:00,Bielefeld,Dortmund,0.11562659403320154,0.19834659878114635,0.686026807185652,0.8360217956809832,2.2537547922177077,0.30769091315657915,0.14243604693528453,-0.38535243247560563,-0.2438751224648103,0.3661300513186678,0.13877665738853476,0,2,0.11020922258764257,0.182002659016164,0.7077881183961933,0.23066222960176166,0.16424831784015634,0.605089452558082,2020
6,2020-10-31 15:30:00,Ein Frankfurt,Werder Bremen,0.4799591572914552,0.2473888363795845,0.27265200632896036,1.846073147036094,1.3563241328515483,0.30769091315657915,0.14243604693528453,0.0829901372795891,0.0799436625374421,-0.0687179473129446,0.06580523113622584,1,1,0.5346739442688883,0.2403332375754094,0.22499281815570235,0.4951880791068402,0.28552950209408684,0.21928241879907295,2020
6,2020-10-31 15:30:00,FC Koln,Bayern Munich,0.08517048352895963,0.1288557964751025,0.7859737199959379,1.098366344408747,3.268913375665866,0.30769091315657915,0.14243604693528453,-0.04858266354742997,-0.3077203621023766,0.6459720972718445,0.2307946182369075,1,2,0.09796088831840533,0.14478589563296934,0.7572532160486253,0.09188265468552397,0.08704852149617529,0.8210688238183008,2020
6,2020-10-31 18:30:00,M'gladbach,RB Leipzig,0.30654473638959573,0.2660953038874464,0.42735995972295787,1.332385984244702,1.6053137647954678,0.30769091315657915,0.14243604693528453,0.13450399858529324,-0.2976596505749959,0.30647932330223293,-0.14085100689851682,1,0,0.34755418319685744,0.2654927788309328,0.3869530379722097,0.3271073026851385,0.2706266728110139,0.40226602450384763,2020
6,2020-11-01 15:30:00,Freiburg,Leverkusen,0.28254498030228026,0.2709691614335988,0.446485858264121,1.2229277113971975,1.5869099227122798,0.30769091315657915,0.14243604693528453,-0.08872530828320926,-0.16015390445708588,0.14948595043430277,0.0046118168669459295,2,4,0.27242810130204603,0.26784947775075113,0.45972242094720267,0.3871634137212573,0.26026709502073114,0.35256949125801146,2020
6,2020-11-01 18:00:00,Hertha,Wolfsburg,0.3561807345661297,0.27510719237528725,0.3687120730585831,1.399000841410669,1.4267439417213368,0.30769091315657915,0.14243604693528453,0.006257653723107814,-0.12062631669458954,-0.04037530122420877,0.08807927228431423,1,1,0.38915356518977284,0.28207876766714307,0.32876766714308403,0.4361935121904476,0.2683236186893618,0.2954828691201906,2020
6,2020-11-02 20:30:00,Hoffenheim,Union Berlin,0.5499347781428485,0.23988152448367975,0.2101836973734718,1.941627800141431,1.1403686699908975,0.30769091315657915,0.14243604693528453,0.15723701886759123,0.056162714529312964,-0.1249045790598038,-0.05143472924231795,1,3,0.4928086989084757,0.25426831805384115,0.2529229830376833,0.5871052518787508,0.19155303588881753,0.22134171223243163,2020
7,2020-11-06 20:30:00,Werder Bremen,FC Koln,0.4614688263819282,0.2507628988437967,0.287768274774275,1.7939379335916414,1.3859911628106245,0.30517881264227315,0.139778133747322,-0.07455149718280628,0.21400771717115968,-0.0480752420862477,0.06931195415284853,1,1,0.35489540586527873,0.28755079571614456,0.3575537984185767,0.5275553236365143,0.27624190720346337,0.19620276916002238,2020
7,2020-11-07 15:30:00,Augsburg,Hertha,0.39547533687054726,0.2612330209975832,0.3432916421318696,1.5948192171401363,1.474878174137009,0.30517881264227315,0.139778133747322,-0.06435831549685174,0.08616175543439823,0.0011761496622640325,0.08222043027077212,0,3,0.32116532526545727,0.26945226441762943,0.4093824103169134,0.49007721279180055,0.2672154310365929,0.2427073561716066,2020
7,2020-11-07 15:30:00,Mainz,Schalke 04,0.4570351101608421,0.2677325945092066,0.2752322953299513,1.6262113240576823,1.219761283647042,0.30517881264227315,0.139778133747322,-0.1382349912782084,0.17953101316456638,-0.2986753246291567,0.19215168244457576,2,2,0.4075462542654103,0.2756237673355665,0.31682997839902327,0.3884565134025583,0.23616655162914446,0.3753769349682973,2020
7,2020-11-07 15:30:00,RB Leipzig,Freiburg,0.6471802449360378,0.21155320331761004,0.14126655174635236,2.1738213823149266,0.9353478218212753,0.30517881264227315,0.139778133747322,0.285894592291519,0.04563508579381639,-0.06851814016214329,-0.30349748940126137,3,0,0.6852122516503109,0.19125402204697428,0.12353372630271492,0.6972613066929456,0.19714527018078182,0.1055934231262725,2020
7,2020-11-07 15:30:00,Stuttgart,Ein Frankfurt,0.313864744284299,0.26379041324144387,0.4223448424742571,1.371540309166062,1.6184010892584968,0.30517881264227315,0.139778133747322,-0.1937426701754261,0.06472014531895223,0.0718511857546736,0.10440868152075088,2,2,0.361437097441352,0.26728121491461326,0.37128168764403474,0.39497757050703947,0.26262547900022487,0.3423969504927357,2020
7,2020-11-07 15:30:00,Union Berlin,Bielefeld,0.5351135803847702,0.268418213862853,0.19646820575237678,1.647957749783907,0.913174923757481,0.30517881264227315,0.139778133747322,-0.07939883204662018,0.13397867954861795,-0.43432036454862083,0.0383137274541185,5,0,0.526396798522395,0.26466061259042634,0.2089425888871787,0.4815925931978175,0.2883842970224917,0.23002310977969093,2020
7,2020-11-07 18:30:00,Dortmund,Bayern Munich,0.31744820705602794,0.23292443154537168,0.44962736139860027,1.6505686433577589,1.9794536011072406,0.30517881264227315,0.139778133747322,0.36169511877335153,-0.3055322042845055,0.6354962715711022,-0.2578542366273802,2,3,0.30799552819559783,0.2351689993611708,0.4568354724432313,0.3240328768985541,0.3611140696431618,0.3148530534582842,2020
7,2020-11-08 15:30:00,Wolfsburg,Hoffenheim,0.3805522776404829,0.2734062568555948,0.3460414655039224,1.4642781086574104,1.387546864101708,0.30517881264227315,0.139778133747322,-0.047191828230746954,-0.01640275573085581,0.14784053144375908,-0.1254820020888147,2,1,0.44833232239410253,0.2560181894636564,0.295649488142241,0.40813891322610724,0.30791842849029494,0.2839426582835978,2020
7,2020-11-08 18:00:00,Leverkusen,M'gladbach,0.4205330667991574,0.266878842486171,0.31258809071467175,1.5884546533484785,1.344907493735981,0.30517881264227315,0.139778133747322,0.1867566465941622,-0.1689519655013885,0.13170037181163127,-0.1405539516568735,4,3,0.34302036565061983,0.2709081296899781,0.386071504659402,0.5188413433166449,0.24192372733676598,0.23923492934658916,2020
8,2020-11-21 15:30:00,Bayern Munich,Werder Bremen,0.8037815828438739,0.12616945440603886,0.07004896275008729,3.148499449521073,0.916706516732351,0.3141531025789991,0.14608746346280316,0.6345860106010055,0.05209939746536588,-0.09664518783679404,-0.30447581987782113,1,1,0.8324123133511407,0.10816657179139115,0.05942111485746814,0.7900254274118469,0.1406787239466424,0.06929584864151078,2020
8,2020-11-21 15:30:00,Bielefeld,Leverkusen,0.12372073738470649,0.20356188232497963,0.6727173802903139,0.8639613776641534,2.2182312167496274,0.3141531025789991,0.14608746346280316,-0.48764571172407567,-0.11882206727256256,0.21525296944995903,0.2673040570700017,1,2,0.15838633781101333,0.2153624186072828,0.6262512435817039,0.3119812369211354,0.20006361997475228,0.4879551431041123,2020
8,2020-11-21 15:30:00,Hoffenheim,Stuttgart,0.5719345162406584,0.2319535622370965,0.19611192152224508,2.0239194641716067,1.1237835431975722,0.3141531025789991,0.14608746346280316,0.13727220881035365,0.10752318535235496,-0.17804727891241695,-0.01940466796681706,3,3,0.42432258283311297,0.2441753993285177,0.3315020178383695,0.4679322918776841,0.23284059748422306,0.299227110638093,2020
8,2020-11-21 15:30:00,M'gladbach,Augsburg,0.5804171166210162,0.23131022907914658,0.18827265429983717,2.023555956673094,1.0867709765297155,0.3141531025789991,0.14608746346280316,0.1539159403805368,0.09069983193808709,-0.09572347645074372,-0.13521873335304116,1,1,0.6234039655019966,0.21242941363431064,0.16416662086369277,0.7344809530393152,0.1490122139743289,0.11650683298635589,2020
8,2020-11-21 15:30:00,Schalke 04,Wolfsburg,0.24108870343048228,0.2786641802482122,0.48024711632130546,1.034783661283486,1.5496402819354738,0.3141531025789991,0.14608746346280316,-0.28370329618494555,-0.14234488790236463,-0.04818009926515328,0.17204982451280562,0,2,0.25326045398547137,0.2608929608179102,0.48584658519661855,0.4387418517065753,0.22179745186923008,0.3394606964241947,2020
8,2020-11-21 18:30:00,Ein Frankfurt,RB Leipzig,0.22690226958983922,0.2399911226591625,0.5331066077509983,1.2184594815996697,1.945840851718289,0.3141531025789991,0.14608746346280316,0.06958685011313116,-0.33224007531269445,0.2878565659299679,0.06368452964856734,1,1,0.23535875806697498,0.23081076274200926,0.5338304791910158,0.2692456076327676,0.31075528962318155,0.4199991027440508,2020
8,2020-11-21 20:30:00,Hertha,Dortmund,0.2231643848440682,0.23084053566531645,0.5459950794906153,1.2691098943606935,2.055344488859913,0.3141531025789991,0.14608746346280316,0.021312476840802834,-0.24323725871884344,0.3543102610083373,0.05198010479348132,2,5,0.1859004169655314,0.21430767169284853,0.5997919113416201,0.29662933748814546,0.25420071267874506,0.44916994983310937,2020
8,2020-11-22 15:30:00,Freiburg,Mainz,0.4807901311980496,0.2570035250353548,0.2622063437665957,1.7469184080603841,1.2456052359055776,0.3141531025789991,0.14608746346280316,-0.09028594381362853,0.18789870380353313,-0.13740273657501434,0.04287117904568741,1,3,0.4993378030196182,0.2516451724980134,0.24901702448236832,0.5085240035449998,0.19884995518827528,0.29262604126672487,2020
8,2020-11-22 18:00:00,FC Koln,Union Berlin,0.3424601517540632,0.25819906772874396,0.39934078051719285,1.497629781069794,1.6294744958101575,0.3141531025789991,0.14608746346280316,-0.0669995108784534,0.010642657244032145,-0.015189956957473142,0.18929442200814492,1,2,0.3079156214007352,0.29101781290923145,0.4010665656900333,0.37560612824879314,0.1922059125276038,0.432187959223603,2020
9,2020-11-27 20:30:00,Wolfsburg,Werder Bremen,0.46742383741624993,0.2798220793876952,0.25275408319605497,1.531844661025845,1.069421104662785,0.3306716454472568,0.12396603656890891,-0.04600679814431269,0.017841786108375488,-0.10201544916083924,-0.16153871789836244,5,3,0.5025230886413404,0.2623060078072931,0.23517090355136627,0.5530446537575125,0.2483116948061035,0.19864365143638393,2020
9,2020-11-28 15:30:00,Augsburg,Freiburg,0.4030364293310037,0.271676430849605,0.3252871398193913,1.5198073421116869,1.3463854252560603,0.3306716454472568,0.12396603656890891,-0.1019143669455628,0.06586026314356577,-0.10595606195602238,0.07270795537141703,1,1,0.3919610783802814,0.285169287564097,0.32286963405562163,0.40295190896246075,0.3036880383257871,0.29336005271175214,2020
9,2020-11-28 15:30:00,Dortmund,FC Koln,0.7367882016039702,0.15871387789179497,0.10449792050423486,2.8054807953681267,1.0253799837022046,0.3306716454472568,0.12396603656890891,0.3843370429380605,0.19260020588036111,-0.07848170978735698,-0.22712667596062644,1,2,0.7864214713692046,0.13952639008163303,0.07405213854916246,0.7962437996315943,0.10203784875374712,0.10171835161465868,2020
9,2020-11-28 15:30:00,RB Leipzig,Bielefeld,0.8015069248428762,0.14205632652725755,0.056436748629866244,2.6660627335721467,0.6164657273824573,0.3306716454472568,0.12396603656890891,0.268663553479365,0.2573015169564354,-0.4767992299281378,-0.3376249656847302,2,1,0.7647866814008489,0.15620643002468318,0.07900688857446786,0.7279212235553142,0.14760807548859595,0.12447070095608993,2020
9,2020-11-28 15:30:00,Stuttgart,Bayern Munich,0.09678716125677386,0.14965890972730758,0.7535539290159186,1.025727738538111,2.920874066865824,0.3306716454472568,0.12396603656890891,-0.12390563370456689,-0.3053296988263841,0.6081693847263026,0.1330418792817079,1,3,0.10547661290222315,0.14289870460555684,0.7516246824922201,0.10835242058911439,0.15341248084411396,0.7382350985667717,2020
9,2020-11-28 15:30:00,Union Berlin,Ein Frankfurt,0.40450993151441783,0.2587906530417078,0.3366994154438745,1.6337463846728502,1.4768966067951244,0.3306716454472568,0.12396603656890891,-0.011499690321145818,0.04773778135773997,0.05974057839400393,-0.00046922491213909745,3,3,0.400859292772201,0.2757355828895487,0.3234051243382503,0.4105214509712686,0.29029299483924914,0.2991855541894822,2020
9,2020-11-28 18:30:00,M'gladbach,Schalke 04,0.6528423724293082,0.21226329755593745,0.13489433001475437,2.146805837456612,0.8889691071026716,0.3306716454472568,0.12396603656890891,0.13473513165387277,0.17460826678999694,-0.3090815703952784,-0.13928286928973557,4,1,0.696054298734143,0.18444765749821587,0.1194980437676411,0.5632352221827717,0.28589356029262425,0.15087121752460408,2020
9,2020-11-29 15:30:00,Leverkusen,Hertha,0.5603198811885874,0.22455108482266364,0.21512903398874886,2.1313949806191177,1.277992487268586,0.3306716454472568,0.12396603656890891,0.2070033693686395,0.09513563444816145,0.03247128220938576,-0.11785245022516183,0,0,0.49934469200524245,0.2503276539973788,0.2503276539973788,0.7728420263216499,0.14113529601723876,0.08602267766111134,2020
9,2020-11-29 18:00:00,Mainz,Hoffenheim,0.27606182501786525,0.2402640918786773,0.4836740831034575,1.427434136132582,1.9284903534263385,0.3306716454472568,0.12396603656890891,-0.10776010574831461,0.009000945904049961,0.14918878222908058,0.17687706886495022,1,1,0.3210381345694202,0.2395686582088387,0.4393932072217411,0.41568351759334304,0.2687394915704919,0.31557699083616503,2020
10,2020-12-04 20:30:00,Hertha,Union Berlin,0.39632544451600205,0.2574120556459999,0.34626249983799795,1.6308133718762292,1.5144850462700712,0.33852470733222245,0.11978178791666237,0.0011116176839490073,0.029660778577225502,0.016259614175343638,0.060291156221396316,3,1,0.3470588472017095,0.29548353863922633,0.3574576141590641,0.22339736072119756,0.24823075841190972,0.5283718808668928,2020
10,2020-12-05 15:30:00,Bielefeld,Mainz,0.27486300815802855,0.2745685942308943,0.45056839761107725,1.1748022102658502,1.560597552744618,0.33852470733222245,0.11978178791666237,-0.45867585709740943,0.1614691635866399,-0.12159393464339824,0.22813802186015486,2,1,0.3129262855425027,0.27744917758855614,0.40962453686894124,0.32128156545842357,0.23829068020372468,0.44042775433785175,2020
10,2020-12-05 15:30:00,Ein Frankfurt,Dortmund,0.23628081914463012,0.22408783463399345,0.5396313462213764,1.3893632600688821,2.1474628286485977,0.33852470733222245,0.11978178791666237,0.07991403855727787,-0.2093749778985159,0.3592142014531293,0.06654815681357222,1,1,0.2756429330499469,0.24267800212539853,0.48167906482465467,0.24057036789880662,0.42008645670796785,0.33934317539322556,2020
10,2020-12-05 15:30:00,FC Koln,Wolfsburg,0.29113814752727996,0.26296782570659827,0.44589402676612166,1.305887009900737,1.6575230770869216,0.33852470733222245,0.11978178791666237,-0.0654578043429122,-0.12596617995010967,0.008764663906701258,0.15803499456974035,2,2,0.2573344327749327,0.2689653675896189,0.4737001996354483,0.3156852568187888,0.2341726713584179,0.4501420718227933,2020
10,2020-12-05 15:30:00,Freiburg,M'gladbach,0.25849124211963664,0.2586061265390498,0.4829026313413136,1.22055045158125,1.7324364306627293,0.33852470733222245,0.11978178791666237,-0.1199150045448168,-0.13908954389372716,0.15598020236579774,0.05502384945255875,2,2,0.27296889591264994,0.25070038071977585,0.47633072336757415,0.3562702327248323,0.23375765837535276,0.40997210889981495,2020
10,2020-12-05 18:30:00,Bayern Munich,RB Leipzig,0.5361138464834788,0.22955322110266782,0.23433293241385336,2.074985635986336,1.3336961863566357,0.33852470733222245,0.11978178791666237,0.6011754412953209,-0.3295277053017278,0.25713100317522386,-0.3077015353114982,3,3,0.586071565986918,0.21323585994613312,0.20069257406694882,0.6785740281696269,0.1341896413523139,0.1872363304780593,2020
10,2020-12-06 15:30:00,Werder Bremen,Stuttgart,0.45034627362957186,0.25973873678322906,0.2899149895871991,1.6928524117192318,1.3251860167913896,0.33852470733222245,0.11978178791666237,-0.06899126770444272,0.13709969621246867,-0.12624323670107523,0.06927136898451754,1,2,0.33267348772130667,0.2773895553594568,0.3899369569192365,0.4683558832314298,0.31102164908288404,0.22062246768568605,2020
10,2020-12-06 18:00:00,Schalke 04,Leverkusen,0.16971624990459117,0.229044583268713,0.6012391668266958,0.999739946260154,2.0252188137925837,0.33852470733222245,0.11978178791666237,-0.31300714233156807,-0.14555944047699998,0.17212178906541042,0.19503125451708808,0,3,0.15767490428123912,0.21058127392969023,0.6317438217890707,0.3222562839658256,0.15252681133675464,0.5252169046974198,2020
10,2020-12-07 20:30:00,Hoffenheim,Augsburg,0.5198180881847272,0.24271559876975873,0.23746631304551416,1.9146999825332927,1.2463472508116065,0.33852470733222245,0.11978178791666237,0.12608554842585112,0.06516889959986125,-0.11534779073569074,-0.002959842593627947,3,1,0.5361284793052301,0.2403800234668286,0.22349149722794134,0.560900807032955,0.21482480693678063,0.22427438603026437,2020
11,2020-12-11 20:30:00,Wolfsburg,Ein Frankfurt,0.4446260171277814,0.2602277960130519,0.29514618685916655,1.6815210193784311,1.3390617401286402,0.3433134393159367,0.12303073353792063,0.00922468593405165,0.044129893705881766,0.06724523976046147,-0.11858950429768977,2,1,0.3929366846961502,0.2720330894050271,0.3350302258988228,0.581821644319437,0.23491216248772254,0.18326619319284057,2020
11,2020-12-12 15:30:00,Dortmund,Stuttgart,0.6928528746862538,0.1827243666683038,0.12442275864544255,2.512817275559933,1.0102680321265822,0.3433134393159367,0.12303073353792063,0.3381020983119337,0.11695827307672695,-0.11119730548967723,-0.2219004598365447,1,5,0.6554547057489987,0.1996658242302622,0.14487947002073903,0.6646985249112572,0.20382693540399097,0.13147453968475176,2020
11,2020-12-12 15:30:00,Freiburg,Bielefeld,0.5440814561990261,0.2570529513677786,0.19886559243319524,1.7551934851209205,0.9828133330012572,0.3433134393159367,0.12303073353792063,-0.11161805037423839,0.207852976293502,-0.41691791410548695,0.0562684027047607,2,0,0.5372797393338742,0.25091956164141355,0.2118006990247121,0.4953617262111245,0.18035868381048162,0.32427958997839396,2020
11,2020-12-12 15:30:00,M'gladbach,Hertha,0.5242600399135778,0.2395734047049902,0.23616655538143203,1.9515276897329297,1.2637814274298074,0.3433134393159367,0.12303073353792063,0.15283157598404135,0.04943674764843702,0.018388483653476135,-0.12759356353454307,1,1,0.43720010645983043,0.2677236606973119,0.2950762328428577,0.6640255108218038,0.17692048274846864,0.1590540064297274,2020
11,2020-12-12 15:30:00,Mainz,FC Koln,0.3850973237743855,0.2546366806025652,0.3602659956230495,1.6331178953357968,1.5749245563014116,0.3433134393159367,0.12303073353792063,-0.13647182542193959,0.16061865950205778,-0.05672098504326622,0.16761491609663934,0,1,0.38851022395326196,0.2775073028237585,0.3339824732229796,0.38153413979582546,0.26688095621992103,0.35158490398425346,2020
11,2020-12-12 15:30:00,RB Leipzig,Werder Bremen,0.6605295194588237,0.20380262470782962,0.13566785583334684,2.2560573276242124,0.946737818955751,0.3433134393159367,0.12303073353792063,0.27329264567194855,0.07398192596809333,-0.0856858002796378,-0.31236071748697947,2,0,0.7053338657021395,0.18707283275007633,0.107593301547784,0.7414090346357654,0.15857908678789948,0.10001187857633519,2020
11,2020-12-12 18:30:00,Union Berlin,Bayern Munich,0.14014012341725135,0.17460079495818712,0.6852590816245616,1.2119420459574441,2.719423300832914,0.3433134393159367,0.12303073353792063,0.0009436684520649803,-0.2750637716688577,0.6044582121253357,0.05264818463423912,1,1,0.11416490486257928,0.16106092638862193,0.7247741687487989,0.15641789398200753,0.11352795222288098,0.7300541537951116,2020
11,2020-12-13 15:30:00,Augsburg,Schalke 04,0.5124664791662623,0.2605199515764934,0.22701356925724417,1.7247844548675757,1.083951885026123,0.3433134393159367,0.12303073353792063,-0.124799834805041,0.2035577509271867,-0.33914087126553233,0.07644094747467335,2,2,0.4455624510453696,0.2739953003554859,0.2804422485991444,0.4631268263987875,0.30387034331655316,0.2330028302846594,2020
11,2020-12-13 18:00:00,Leverkusen,Hoffenheim,0.4885683260643532,0.2438827829778355,0.2675488909578113,1.890576451959923,1.3639297628272615,0.3433134393159367,0.12303073353792063,0.1789208090118367,-0.008383198260507482,0.13533625906201097,-0.1682796338109153,4,1,0.5407863342439228,0.22186106020263494,0.23735260555344237,0.7102692548771555,0.17130997442945836,0.11842077069338615,2020
12,2020-12-15 18:30:00,Ein Frankfurt,M'gladbach,0.32629670184782844,0.2539256373585887,0.419777660793583,1.4871412853724648,1.7061267722244302,0.34385793671302184,0.12126806149144691,0.06243267458533116,-0.13070299612491776,0.1395689080158282,0.05079891120726413,3,3,0.3539099784771827,0.255918774759038,0.3901712467637793,0.4183882862883072,0.29302972477859196,0.2885819889331009,2020
12,2020-12-15 20:30:00,Hertha,Mainz,0.5164645473994511,0.24474711188023454,0.23878834072031424,1.8912460613957687,1.2374045688897792,0.34385793671302184,0.12126806149144691,0.013165164608846834,0.15894474076470333,-0.16644108226225443,0.03559924198768227,0,0,0.4978878954560273,0.2570178054921654,0.2450942990518073,0.5382193778186338,0.2615940401555804,0.20018658202578574,2020
12,2020-12-15 20:30:00,Stuttgart,Union Berlin,0.39277781048330707,0.2568724311173859,0.3503497583993071,1.628671119249513,1.5299102705405654,0.34385793671302184,0.12126806149144691,-0.001420165192580364,0.02405858503403607,-0.0041114241032297666,0.08546257436925399,2,2,0.4804507671489837,0.26721699970645724,0.2523322331445591,0.45708884215164236,0.2871799431431215,0.2557312147052362,2020
12,2020-12-15 20:30:00,Werder Bremen,Dortmund,0.21343655165862266,0.2277702988312003,0.558793149510177,1.2439549213631744,2.0888953498145852,0.34385793671302184,0.12126806149144691,-0.10122802260910091,-0.14560221878127327,0.3219185778205331,0.07085887095768983,1,2,0.1569177066699563,0.20593321591176475,0.637149077418279,0.2796263296606374,0.28801267874607367,0.4323609915932889,2020
12,2020-12-16 18:30:00,Schalke 04,Freiburg,0.2836323438276681,0.2736341428885047,0.44273351328382704,1.2091912942439698,1.5600434668836607,0.34385793671302184,0.12126806149144691,-0.31789651618414533,0.0427223022771648,-0.107347904720973,0.20820365226818185,0,2,0.29477880154218133,0.27439064235770766,0.4308305561001111,0.40702176268944895,0.21626533216707158,0.3767129051434796,2020
12,2020-12-16 20:30:00,Bayern Munich,Wolfsburg,0.6812140901865488,0.18415934465626557,0.13462656515718585,2.535079820986342,1.081905136102235,0.34385793671302184,0.12126806149144691,0.5870579778067996,-0.1219588518952682,0.013374703530688328,-0.27850913824509915,2,1,0.715024444253846,0.1665468495372356,0.11842870620891847,0.761828369831559,0.09458635737396838,0.14358527279447267,2020
12,2020-12-16 20:30:00,Bielefeld,Augsburg,0.25491470488295925,0.2764925439128384,0.46859275120420246,1.0957409979554205,1.5602251532256555,0.34385793671302184,0.12126806149144691,-0.4657449163426024,0.0920497630028892,-0.11934416287102782,0.22031636599582968,0,1,0.35721131977386444,0.2960068880369095,0.3467817921892261,0.37934096160444536,0.2312069870504776,0.3894520513450771,2020
12,2020-12-16 20:30:00,FC Koln,Leverkusen,0.22752729620587547,0.2361627149209489,0.5363099888731757,1.2495164294858025,1.9913365820556546,0.34385793671302184,0.12126806149144691,-0.06947558178226712,-0.1728937963675956,0.20810890713432842,0.1368392187078209,0,4,0.18739147856284225,0.22249995229826938,0.5901085691388883,0.24856963125465095,0.15985777303728826,0.5915725957080608,2020
12,2020-12-16 20:30:00,Hoffenheim,RB Leipzig,0.2542594215361857,0.24417742321200467,0.5015631552518097,1.3074246015284383,1.89383748199861,0.34385793671302184,0.12126806149144691,0.13121842075803328,-0.32828516980335426,0.269005656042802,0.025741591567534333,0,1,0.21313128130808734,0.2107684067924766,0.576100311899436,0.31176230072644934,0.3606007163084788,0.327636982965072,2020
13,2020-12-18 20:30:00,Union Berlin,Dortmund,0.24940135005238898,0.23328546781002882,0.5173131821375823,1.37303614131338,2.0276120433174047,0.3446377478019868,0.10812842649024315,0.009770445403128446,-0.14551217037659173,0.3252713390619417,0.03694968042545573,2,1,0.19907991767371824,0.24326347083089553,0.5576566114953861,0.2857962739524659,0.2976561452377157,0.4165475808098184,2020
13,2020-12-19 15:30:00,Augsburg,Ein Frankfurt,0.33469069518607286,0.25524872729583276,0.4100605775180943,1.5006722647191015,1.6767234541176994,0.3446377478019868,0.10812842649024315,-0.1222116661704286,0.07535867606468277,0.0913457515371268,0.08085806478596333,0,2,0.25392670157068065,0.25392670157068065,0.4921465968586388,0.35859488643127385,0.2811364700986873,0.36026864347003884,2020
13,2020-12-19 15:30:00,M'gladbach,Hoffenheim,0.47159173777362184,0.2435413026463036,0.2848669595800747,1.8813584167729784,1.4339927439694846,0.3446377478019868,0.10812842649024315,0.16523225508278466,0.013995648657806519,0.11627516571131391,-0.10045023134205984,1,2,0.5143522879381289,0.23052897724455898,0.25511873481731195,0.548496867957886,0.23066336247615746,0.22083976956595652,2020
13,2020-12-19 15:30:00,Mainz,Werder Bremen,0.3510665523687755,0.2724789136469544,0.3764545339842701,1.4066174100867475,1.4632169084197262,0.3446377478019868,0.10812842649024315,-0.1857091683661523,0.07413081631463132,-0.10005494072628525,0.13605456673371064,0,1,0.40102167610106315,0.2901007869667265,0.3088775369322105,0.420762925197108,0.22503111111176272,0.35420596369112933,2020
13,2020-12-19 15:30:00,RB Leipzig,FC Koln,0.7002292006675689,0.18532502012665464,0.1144457792057765,2.426891233651223,0.909578523468815,0.3446377478019868,0.10812842649024315,0.2642150101548441,0.16962992615151481,-0.0884729477064041,-0.35093874788230134,0,0,0.6917274556818931,0.19284523006889137,0.11542731424921553,0.7543812705382406,0.10750813607742334,0.138110593384336,2020
13,2020-12-19 15:30:00,Schalke 04,Bielefeld,0.4317467500233659,0.29616817582139393,0.27208507415524025,1.3755045583672403,1.043631777500884,0.3446377478019868,0.10812842649024315,-0.33753645095039947,0.2035908920062648,-0.5168062840840756,0.21487525998479723,0,1,0.41113060917523186,0.29806969165204306,0.29079969917272497,0.4152661477693551,0.25462462157537274,0.33010923065527215,2020
13,2020-12-19 18:30:00,Leverkusen,Bayern Munich,0.27019450505224996,0.22738212454007306,0.5024233704076768,1.5175437522055115,2.0989537727346965,0.3446377478019868,0.10812842649024315,0.23994706171750216,-0.27562016070744355,0.5865034091641184,-0.18970213984097445,1,2,0.2755963631848346,0.23032932768587627,0.494074309129289,0.4115415929926451,0.28332814745511903,0.305130259552236,2020
13,2020-12-20 15:30:00,Freiburg,Hertha,0.3697420143051585,0.27148554478459225,0.3587724409102492,1.456803600771437,1.4322779958299934,0.3446377478019868,0.10812842649024315,-0.09378005285115215,0.017258599686357786,-0.01300217068575934,0.027630603747406453,4,1,0.3627523619193323,0.2864981116660192,0.35074952641464846,0.4329626990447565,0.3221070294240924,0.24493027153115102,2020
13,2020-12-20 18:00:00,Wolfsburg,Stuttgart,0.48312777581118926,0.2550190325406049,0.261853191648206,1.768379531051569,1.2581775934813944,0.3446377478019868,0.10812842649024315,0.016913992411806536,0.10038344135814808,0.01208374474810878,-0.12705717294670874,1,0,0.3581237998730379,0.2653507820786298,0.3765254180483324,0.7322510078932145,0.1532232770487145,0.11452571505807098,2020
14,2021-01-02 15:30:00,Bielefeld,M'gladbach,0.14882887044817078,0.23282747048370814,0.6183436590681213,0.8598510488505023,1.9467344819257701,0.33801589646639646,0.10399045113705813,-0.5094063499127697,-0.08359610143699318,0.158281490237077,0.16985595746747598,0,1,0.17344945554224542,0.24380267858106433,0.5827478658766904,0.3292135335958508,0.21395888700070684,0.4568275794034422,2020
14,2021-01-02 15:30:00,Ein Frankfurt,Leverkusen,0.2828477667703452,0.24237184182845511,0.47478039140119965,1.4361303234020624,1.8973085033141999,0.33801589646639646,0.10399045113705813,0.10150820572505073,-0.18156233236214891,0.23886995190406707,0.06355045630484031,2,1,0.29599129894344317,0.2501553760099441,0.45385332504661285,0.305589864779956,0.3316648369171886,0.36274529830285535,2020
14,2021-01-02 15:30:00,FC Koln,Augsburg,0.398608678538628,0.26756528295680454,0.3338260385045676,1.546098000565198,1.3998741189277304,0.33801589646639646,0.10399045113705813,-0.09898124761199525,0.09270923792229169,-0.14203143117013975,0.14039785223073456,0,1,0.42745125251543964,0.2836953253301876,0.2888534221543728,0.35563959514198545,0.22980906311079066,0.4145513417472239,2020
14,2021-01-02 15:30:00,Hoffenheim,Freiburg,0.4768132290211031,0.24845166420846856,0.27473510677042834,1.8322279419942902,1.3560070484302418,0.33801589646639646,0.10399045113705813,0.13081593738385697,0.032710396010757696,-0.044873239590687716,0.011401730586391181,1,3,0.4484764037241395,0.2602873950769529,0.29123620119890764,0.4249777460762762,0.34023233686501314,0.23478991705871075,2020
14,2021-01-02 15:30:00,Werder Bremen,Union Berlin,0.3465886099469622,0.26636442644218866,0.3870469636108489,1.4424731495457426,1.534169905839496,0.33801589646639646,0.10399045113705813,-0.10063844050699657,0.024991198297312577,0.027493617290570312,0.06247994305433321,0,2,0.3166198019245966,0.3006389917328188,0.3827412063425846,0.43708267646433113,0.2659947613805628,0.296922562155106,2020
14,2021-01-02 18:30:00,Hertha,Schalke 04,0.5666723555965074,0.24104744533052766,0.19228019907296484,1.9169010866378764,1.0449776108370123,0.33801589646639646,0.10399045113705813,-0.0127358129428366,0.221439330073689,-0.35717649256607,0.06315605625057666,3,0,0.5609434708130189,0.24640927658453024,0.1926472526024509,0.48218983741530325,0.24562042205749748,0.27218974052719935,2020
14,2021-01-02 20:30:00,Stuttgart,RB Leipzig,0.19251189836950383,0.23811121735673957,0.5693768842737565,1.0645589525029828,1.9496366359543595,0.33801589646639646,0.10399045113705813,-0.017745150611767072,-0.36170061271061954,0.2391916713987326,0.09043544681074578,0,1,0.2188243267836859,0.2421507778621499,0.5390248953541642,0.26204893565295934,0.18358470154650225,0.5543663628005384,2020
14,2021-01-03 15:30:00,Dortmund,Wolfsburg,0.5069106215104795,0.24728539242116285,0.2458039860683578,1.8610666377854368,1.2490728140345033,0.33801589646639646,0.10399045113705813,0.3194502203804199,-0.14030678344982278,0.010894213470515562,-0.1265085826268306,2,0,0.6262662807525325,0.20875542691751084,0.16497829232995656,0.4902571129156599,0.2599744587161173,0.24976842836822288,2020
14,2021-01-03 18:00:00,Bayern Munich,Mainz,0.8205579926814919,0.11803724509011135,0.06140476222839687,3.2210452156229854,0.8694639207786257,0.33801589646639646,0.10399045113705813,0.5912757789540578,0.13642378145240808,-0.20325475938494897,-0.2746395773468024,5,2,0.8713332689442022,0.08673905844693415,0.041927672608863625,0.832148206263791,0.10611623288181217,0.06173556085439686,2020
15,2021-01-08 20:30:00,M'gladbach,Bayern Munich,0.2148032937499061,0.2096550685314896,0.5755416377186044,1.405124876567859,2.3390023200611427,0.3296735657010971,0.10409570123480932,0.15048049973992075,-0.24412358772024934,0.6142707054940723,-0.09421979169060818,3,2,0.19692074150990135,0.20493250615377318,0.5981467523363254,0.23530933421050917,0.1223858210952803,0.6423048446942105,2020
15,2021-01-09 15:30:00,Freiburg,FC Koln,0.4786216554444068,0.2563701698173564,0.2650081747382368,1.7517412978172033,1.260590681029854,0.3296735657010971,0.10409570123480932,-0.01193723507229925,0.13877828868438435,-0.12491116167969672,0.026818001560327587,5,0,0.4628845942278778,0.2780006600902123,0.25911474568190984,0.6206294239320139,0.19457856209356497,0.1847920139744211,2020
15,2021-01-09 15:30:00,Leverkusen,Werder Bremen,0.6052370327555572,0.22349993791836253,0.17126302932608045,2.0932907199058826,1.0440087422550293,0.3296735657010971,0.10409570123480932,0.2324196875724817,0.07254838036354978,-0.12012975115566168,-0.1664759513125494,1,1,0.6296824409316519,0.22053394244610852,0.1497836166222396,0.7851383061102,0.12148771879183679,0.09337397509796327,2020
15,2021-01-09 15:30:00,Mainz,Ein Frankfurt,0.2763712187812174,0.24724159012152008,0.47638719109726224,1.3717164082061624,1.8448943200611145,0.3296735657010971,0.10409570123480932,-0.17435518884991377,0.05664873029421218,0.11593256663591814,0.16681586441529803,0,2,0.25711790883045016,0.2536987877023857,0.4891833034671642,0.362628799008008,0.21450914084823144,0.4228620601437606,2020
15,2021-01-09 15:30:00,Schalke 04,Hoffenheim,0.19544944577927595,0.23369387095847846,0.5708566832622457,1.1085155548822163,2.002817627503293,0.3296735657010971,0.10409570123480932,-0.3717305538570668,0.04098306926700108,0.12590867648786497,0.23897276067560322,4,0,0.2287112033274006,0.2354878315741384,0.535800965098461,0.375590996992174,0.2248259716258007,0.3995830313820252,2020
15,2021-01-09 15:30:00,Union Berlin,Wolfsburg,0.3658189394494381,0.2768762747120562,0.35730478583850567,1.4072868768850313,1.388526424102381,0.3296735657010971,0.10409570123480932,0.04092697894679213,-0.13303259593596944,-0.0029892626105804164,0.00155875517542457,2,2,0.31005546863888495,0.29204001327454604,0.39790451808656907,0.4073824222041108,0.2760229513706229,0.31659462642526637,2020
15,2021-01-09 18:30:00,RB Leipzig,Dortmund,0.44976813618987904,0.26053783963216187,0.2896940241779591,1.6846336633635233,1.3186036096945732,0.3296735657010971,0.10409570123480932,0.2312282374323082,-0.1434493746677229,0.32603623381834945,-0.3791364943055994,1,3,0.38810298486348843,0.26969868439666145,0.34219833073985,0.40114850521004597,0.3498828654215714,0.24896862936838263,2020
15,2021-01-10 15:30:00,Augsburg,Stuttgart,0.36426126657410396,0.27247978776113624,0.3632589456647597,1.4370822517462771,1.4348472576347486,0.3296735657010971,0.10409570123480932,-0.14429331153950595,0.07313888857758065,-0.043514478167728236,0.07489931534035618,1,4,0.2377752493139683,0.24960176695000336,0.5126229837360284,0.4578762124718485,0.3053099047575439,0.23681388277060755,2020
15,2021-01-10 18:00:00,Bielefeld,Hertha,0.2066977345768496,0.2711032258552715,0.5221990395678788,0.9424093100206354,1.625619725675826,0.3296735657010971,0.10409570123480932,-0.5457510484126846,0.052666194397320586,0.010638255214224882,0.14557729181012113,1,0,0.22507344162899567,0.267314115548163,0.5076124428228413,0.32932306693876695,0.2555410540937647,0.41513587896746834,2020
16,2021-01-15 20:30:00,Union Berlin,Leverkusen,0.29517599791351,0.2550801976585269,0.4497438044279631,1.3781066829480413,1.7373000514991592,0.3297234266821659,0.11385341203687299,0.047261882706975206,-0.1701281331461383,0.21190981044225035,0.010698976436516025,1,0,0.3152326693885908,0.2851208920141582,0.399646438597251,0.30133369355309814,0.3219114302723463,0.37675487617455555,2020
16,2021-01-16 15:30:00,Dortmund,Mainz,0.7137094963823074,0.17436850488810107,0.1119219987295915,2.581492655604673,0.9672697209658218,0.3297234266821659,0.11385341203687299,0.3391628683694324,0.165628073234269,-0.20537908958520057,-0.15762223401072392,1,1,0.7967015972385465,0.13114429584173606,0.07215410691971742,0.5844133640657196,0.21617321596198844,0.19941341997229195,2020
16,2021-01-16 15:30:00,FC Koln,Hertha,0.316552562332999,0.2612017360957719,0.4222457015712292,1.3993051002356274,1.6416254356248259,0.3297234266821659,0.11385341203687299,-0.15509892994717553,0.04749784764889687,-0.019341925735856663,0.18530536933880148,0,0,0.2974988268973703,0.3012527553124791,0.4012484177901507,0.344262383578563,0.18661507413396955,0.46912254228746736,2020
16,2021-01-16 15:30:00,Hoffenheim,Bielefeld,0.5998399251669475,0.24119770585403488,0.15896236897901758,1.8768676462516305,0.87201024427433,0.3297234266821659,0.11385341203687299,0.09112202874232041,0.0949053742053733,-0.5448640450595363,0.07818651125622628,0,0,0.5483112908514592,0.25040988086129634,0.2012788282872445,0.5049834113819532,0.2391082535052231,0.2559083351128238,2020
16,2021-01-16 15:30:00,Werder Bremen,Augsburg,0.425264598846949,0.2744431362727881,0.30029226488026284,1.5314199337712924,1.2555835872888934,0.3297234266821659,0.11385341203687299,-0.12640547485420206,0.10902400244531646,-0.15553250751862555,0.05340955512860578,2,0,0.45011403783372833,0.28916416975984977,0.2607217924064219,0.4090956642368551,0.2782535490606238,0.312650786702521,2020
16,2021-01-16 15:30:00,Wolfsburg,RB Leipzig,0.2637340681763412,0.27990585121864436,0.45636008060501454,1.1060798702475043,1.522155705286865,0.3297234266821659,0.11385341203687299,0.002537245343668902,-0.34529196815631547,0.2172074484015588,-0.12680331779742177,2,2,0.2360080826525064,0.25557024993119004,0.5084216674163036,0.37162153838848905,0.2284547916966002,0.3999236699149108,2020
16,2021-01-16 18:30:00,Stuttgart,M'gladbach,0.3051218195379315,0.25287108854287516,0.4420070919191931,1.428946674946578,1.7496026059618113,0.3297234266821659,0.11385341203687299,0.013835100464683574,-0.10047435727475684,0.16599698701317106,0.06366826614545809,2,2,0.3467682990498068,0.25937141067140024,0.3938602902787929,0.32215740659961056,0.3037913230074765,0.37405127039291297,2020
16,2021-01-17 15:30:00,Bayern Munich,Freiburg,0.7207675179249029,0.16016125205581802,0.11907123001927905,2.875084682284739,1.1582902646976105,0.3297234266821659,0.11385341203687299,0.6062885569548367,0.00621673284939213,0.03312099444726302,-0.21589941302805407,2,1,0.770751624297973,0.13891453693742536,0.09033383876460174,0.7838539840124907,0.11503531947201545,0.10111069651549384,2020
16,2021-01-17 18:00:00,Ein Frankfurt,Schalke 04,0.6152421236850459,0.2182185593358223,0.16653931697913177,2.149913893809418,1.0514179499402194,0.3297234266821659,0.11385341203687299,0.1105021458813907,0.21134880734617523,-0.31410500631388666,0.03452126130713675,3,1,0.6325492733036654,0.20719075980228516,0.16025996689404945,0.6610737057455247,0.21431804602461393,0.12460824822986132,2020
17,2021-01-19 18:30:00,M'gladbach,Werder Bremen,0.548544939852863,0.2410902469152711,0.21036481323186568,1.928010098214699,1.1331090755594426,0.31894801028326253,0.11745591092590078,0.17727815633637867,0.04280635629232097,-0.11113579073299071,-0.08284697068238293,1,0,0.6041925541427221,0.22968094673222125,0.1661264991250567,0.5623538186748271,0.21890173862088605,0.21874444270428686,2020
17,2021-01-19 20:30:00,Hertha,Hoffenheim,0.38613841666620047,0.258918359647277,0.35494322368652276,1.5965510471614226,1.5243411508373441,0.31894801028326253,0.11745591092590078,-0.03982589684298596,0.07126768271528408,0.06976589663008817,0.032848377555401265,0,3,0.39770959988689375,0.2742824826806164,0.3280079174324897,0.33843329638445535,0.27516087751123003,0.3864058261043145,2020
17,2021-01-19 20:30:00,Leverkusen,Dortmund,0.3751869016178374,0.25373925101523775,0.37107384736692484,1.6191461479750726,1.609480292671034,0.31894801028326253,0.11745591092590078,0.19656251141636139,-0.15106749148219306,0.32772584319263315,-0.17076252617373264,2,1,0.2802231149388746,0.24811421635212855,0.47166266870899676,0.4064998428086078,0.2633752525907696,0.33012490460062266,2020
17,2021-01-19 20:30:00,Mainz,Wolfsburg,0.252249681479155,0.2680122690491968,0.47973804947164833,1.1366117906453073,1.6417078760322596,0.31894801028326253,0.11745591092590078,-0.19770865258048248,-0.11064354519144283,0.02389318138584818,0.1528958961234083,0,2,0.2271221960621976,0.245853923572482,0.5270238803653204,0.3263203043975142,0.21259782151547546,0.4610818740870104,2020
17,2021-01-20 18:30:00,Schalke 04,FC Koln,0.3382466599154934,0.27656704188935455,0.38518629819515204,1.3453856781454858,1.448832000724419,0.31894801028326253,0.11745591092590078,-0.3069436419505277,0.16722044224091914,-0.1773865367079093,0.22919624151241214,1,2,0.32551674266315805,0.29898559749312015,0.3754976598437217,0.35427015660181804,0.1978568222960422,0.4478730211021398,2020
17,2021-01-20 20:30:00,Augsburg,Bayern Munich,0.105843813339689,0.1569355175116582,0.7372206691486528,1.0552225689667918,2.8484642808669562,0.31894801028326253,0.11745591092590078,-0.17040984136657034,-0.2122423693194276,0.6054553457362236,0.12237664421126228,0,1,0.06993589724714451,0.1171340150937396,0.8129300876591158,0.09087659683761148,0.13016975344568346,0.7789536497167051,2020
17,2021-01-20 20:30:00,Bielefeld,Stuttgart,0.2250552259059898,0.2868115975743377,0.48813317651967236,0.9358916009267296,1.487905263957986,0.31894801028326253,0.11745591092590078,-0.5792716838479384,0.07661214245190492,0.032321432507233495,0.046099824898692056,3,0,0.23136675169198181,0.2521226080442968,0.5165106402637215,0.33305034460724037,0.25213394975883685,0.4148157056339228,2020
17,2021-01-20 20:30:00,Freiburg,Ein Frankfurt,0.39659006370964067,0.25268270659008185,0.3507272297002774,1.675478005979707,1.567436458102943,0.31894801028326253,0.11745591092590078,0.03782561965791115,0.04186896040207168,0.1298851966006425,0.0006082487239722118,2,2,0.33399044956174806,0.2729179102133141,0.3930916402249379,0.3566438588357048,0.2507925546263458,0.39256358653794937,2020
17,2021-01-20 20:30:00,RB Leipzig,Union Berlin,0.5668089150842007,0.2406443924460577,0.1925466924697416,1.9215414403505595,1.0488069613551023,0.31894801028326253,0.11745591092590078,0.23128293272788508,-0.014559156479886199,0.04731377254971961,-0.3186084919400002,1,0,0.6173112338858195,0.22836095764272557,0.15432780847145489,0.6198300576569841,0.20471432901929817,0.17545561332371776,2020
18,2021-01-22 20:30:00,M'gladbach,Dortmund,0.34719109556348177,0.24944726376007517,0.4033616406764429,1.5868209746229889,1.7203562968938162,0.3164098609672589,0.1178106437111729,0.1663582139363485,-0.13884609085467095,0.32219703692873575,-0.0960754791662286,4,2,0.2848102416759106,0.24976814387808915,0.46542161444600033,0.4088789332628372,0.27550759140863645,0.31561347532852624,2020
18,2021-01-23 15:30:00,Augsburg,Union Berlin,0.29163897761089963,0.2722868066695701,0.4360742157195303,1.2433592244436698,1.5634952500938017,0.3164098609672589,0.1178106437111729,-0.18866202175399838,-0.027741714204302225,0.02943284166614679,0.10108115728208882,2,1,0.2751107898531254,0.2849655047135358,0.4399237054333388,0.4166090487233867,0.2913615138668085,0.29202943740980486,2020
18,2021-01-23 15:30:00,Bielefeld,Ein Frankfurt,0.22607594532998238,0.27495722200513734,0.4989668326648803,0.9990527008291957,1.5889539739322833,0.3164098609672589,0.1178106437111729,-0.48794148160153267,0.05277322878087452,0.13832367027027367,0.008342390467888415,1,5,0.21398809149158476,0.24983949949017487,0.5361724090182405,0.2577046102671095,0.2821604300250032,0.4601349597078872,2020
18,2021-01-23 15:30:00,Freiburg,Stuttgart,0.4685211394386089,0.2480304805415849,0.2834483800198063,1.829583630611265,1.3919824204526021,0.3164098609672589,0.1178106437111729,0.04542765771144237,0.12444025431974573,0.0008388225624715156,0.013480249317551526,2,1,0.3128055496512145,0.26874842998202936,0.4184460203667562,0.6123594748798753,0.2215161342464749,0.1661243908736498,2020
18,2021-01-23 15:30:00,Leverkusen,Wolfsburg,0.4756602219923638,0.26440749809489866,0.2599322799127376,1.6721233601252006,1.1874627058254097,0.3164098609672589,0.1178106437111729,0.20264275047295643,-0.12276896323130017,0.030927152386342784,-0.175518162540817,0,1,0.463416061812222,0.2622629360805432,0.27432100210723487,0.5275712046836439,0.2712716842031062,0.2011571111132498,2020
18,2021-01-23 15:30:00,Mainz,RB Leipzig,0.14849610185690304,0.2267427298925592,0.6247611682505376,0.8909126191325974,2.012363191092799,0.3164098609672589,0.1178106437111729,-0.21559524983813658,-0.3341341817191066,0.2202758127324851,0.16262407471890306,3,2,0.12011153213698435,0.1986844927432616,0.6812039751197541,0.324333052179159,0.21678722056016458,0.45887972726067633,2020
18,2021-01-23 18:30:00,Hertha,Werder Bremen,0.4124890978519456,0.27598672290630816,0.31152417924174586,1.5003226473429563,1.278022470410747,0.3164098609672589,0.1178106437111729,-0.06292349694315146,0.034383175471214424,-0.1292212034544267,0.05812528076896354,1,4,0.439584366799329,0.2917119498331939,0.2687036833674772,0.40940886128768655,0.2744196494577307,0.31617148925458277,2020
18,2021-01-24 15:30:00,Schalke 04,Bayern Munich,0.06818134076430367,0.1250700867191753,0.8067485725165212,0.9009311138459076,3.1495294049063096,0.3164098609672589,0.1178106437111729,-0.3109670368645236,-0.22757994733152498,0.5893712831173744,0.24147190232448562,0,4,0.06861533883998162,0.11679743339305694,0.8145872277669614,0.13496049174313893,0.146121379831987,0.7189181284248741,2020
18,2021-01-24 18:00:00,Hoffenheim,FC Koln,0.5429505646852322,0.23498238512141814,0.22206705019334955,2.0040352942150093,1.2323285328612743,0.3164098609672589,0.1178106437111729,0.09244332354486287,0.16849896672797354,-0.1627568197633239,0.055252454641761255,3,0,0.5446334487430377,0.2521451151588138,0.20322143609814838,0.48058226508516466,0.2530264790649172,0.2663912558499182,2020
19,2021-01-29 20:30:00,Stuttgart,Mainz,0.47766663888537086,0.25285193708741033,0.26948142402721886,1.7867226707088666,1.302791524249697,0.3257501011725422,0.11491480168123386,-0.01603372012169926,0.15575184873727016,-0.18196930323515215,0.12072849066594564,2,0,0.5884481831075463,0.22536313395608157,0.18618868293637209,0.46766880064342786,0.2970341945553821,0.2352970048011899,2020
19,2021-01-30 15:30:00,Bayern Munich,Hoffenheim,0.7167661708280215,0.16059364400684623,0.1226401851651322,2.8888332623509236,1.189214042093495,0.3257501011725422,0.11491480168123386,0.5899018147902135,0.030285987515821754,0.09840240961041939,-0.2508598906941405,4,1,0.7807129030171234,0.1310137196259822,0.0882733773568944,0.7962142325226768,0.10181243678870494,0.10197333068861832,2020
19,2021-01-30 15:30:00,Dortmund,Augsburg,0.6542684118536597,0.20029522849330816,0.14543635965303203,2.3345656631667553,1.0394118255490394,0.3257501011725422,0.11491480168123386,0.32092997072636764,0.08623098874668006,-0.18105291631781903,-0.10604218404319152,3,1,0.7767796544866646,0.14071266200568447,0.0825076835076509,0.6140690320417831,0.22665945706216223,0.15927151089605468,2020
19,2021-01-30 15:30:00,Ein Frankfurt,Hertha,0.5218097939604736,0.2336548632230216,0.2445353428165049,2.023485864420125,1.3479533759461177,0.3257501011725422,0.11491480168123386,0.17656777074765567,0.0875890260000811,-0.07487234711148455,0.04770967025382958,3,1,0.5520044237225142,0.23994162136682146,0.2080539549106644,0.6184806501103122,0.22176625462561134,0.15975309526407652,2020
19,2021-01-30 15:30:00,Union Berlin,M'gladbach,0.32360554218995397,0.2601511903790603,0.4162432674309858,1.4284820832901348,1.6416726193702829,0.3257501011725422,0.11491480168123386,0.013728472466078084,-0.0977809750338408,0.19103064631850786,-0.02106513552932649,1,1,0.2735075083766544,0.2719490610354769,0.4545434305878685,0.2993445043134468,0.27402602856704356,0.4266294671195096,2020
19,2021-01-30 15:30:00,Werder Bremen,Schalke 04,0.5495867587366994,0.2514340312752674,0.1989792099880332,1.8114306057392506,1.0150533535355326,0.3257501011725422,0.11491480168123386,-0.0892551485673775,0.24270716870891043,-0.3322201167902186,0.02141119178957084,1,1,0.4529522382413049,0.27782826240963765,0.2692194993490573,0.6323628115523767,0.20969577720282553,0.15794141124479788,2020
19,2021-01-30 18:30:00,RB Leipzig,Leverkusen,0.4489418857677681,0.27016404420069606,0.2808940700315359,1.5965417118817529,1.2227789882161226,0.3257501011725422,0.11491480168123386,0.21485267748150527,-0.18767772042480677,0.17447482877723514,-0.2990988023993745,1,0,0.49210775178705535,0.26372625372013464,0.24416599449281004,0.5145150708072336,0.25562030787158213,0.22986462132118426,2020
19,2021-01-31 15:30:00,FC Koln,Bielefeld,0.4490860070449133,0.2937041341196776,0.257209858835409,1.4104750033013438,1.0106230435272705,0.3257501011725422,0.11491480168123386,-0.194122567228007,0.09738419380638662,-0.48946180439723286,0.1742787186682988,3,1,0.41484478331906943,0.3077880650431805,0.27736715163774994,0.3863551318834224,0.23340405740557194,0.3802408107110056,2020
19,2021-01-31 18:00:00,Wolfsburg,Freiburg,0.44451230365793826,0.2706260577433103,0.28486163859875147,1.5876688895392324,1.2327204278263988,0.3257501011725422,0.11491480168123386,0.021418203445672954,0.00018372693788063995,0.04141487100123952,-0.1579415151235204,3,0,0.4746826569459574,0.26952320352016224,0.2557941395338805,0.5188548269578674,0.2369343471838526,0.24421082585827994,2020
20,2021-02-05 20:00:00,Hertha,Bayern Munich,0.12226378508684997,0.1669333605666475,0.7108028543465025,1.1241870472127626,2.766768653171287,0.3165048279814356,0.13253001441947845,-0.07953159411643854,-0.25244309854693675,0.5997228388086665,0.10145242125696315,0,1,0.10094687293848054,0.15062670191606609,0.7484264251454533,0.09213184715085841,0.11380185985917428,0.7940662929899672,2020
20,2021-02-06 15:30:00,Augsburg,Wolfsburg,0.2523218203480029,0.27500092552342215,0.472677254128575,1.095255785623522,1.5757301039687042,0.3165048279814356,0.13253001441947845,-0.18145696858882637,-0.17658994364576266,0.04269913051073351,0.0955147644509428,0,2,0.19112204207359298,0.2596766875999904,0.5492012703264165,0.27937893861592605,0.2926564109950871,0.4279646503889869,2020
20,2021-02-06 15:30:00,Freiburg,Dortmund,0.2780280980937647,0.2389439348123065,0.4830279670939288,1.4464542172268582,1.9433689187452299,0.3165048279814356,0.13253001441947845,0.02467131541043609,-0.10459096360279771,0.3283842351498436,0.019533959928066506,2,1,0.18809108680720663,0.2147197125799123,0.597189200612881,0.3116560004769498,0.27164388724635785,0.4167001122766923,2020
20,2021-02-06 15:30:00,Leverkusen,Stuttgart,0.5748935567334519,0.2317493360812627,0.19335710718528548,2.0237010148622296,1.1107440417017425,0.3165048279814356,0.13253001441947845,0.15888235526424332,0.09701082291866996,-0.013572898644042706,-0.19790183072970022,5,2,0.5183230152408088,0.24023031436853606,0.2414466703906552,0.5573774162362601,0.2349886473908778,0.207633936372862,2020
20,2021-02-06 15:30:00,Mainz,Union Berlin,0.2816551617578835,0.2682897447542567,0.4500550934878599,1.2376902177495632,1.6141626985611197,0.3165048279814356,0.13253001441947845,-0.20367819552836627,-0.032109731911434486,0.0051106269725469215,0.15720091437412906,1,0,0.3143893591293833,0.29866989117291415,0.3869407496977025,0.38723889989689086,0.21160343192071643,0.4011576681823927,2020
20,2021-02-06 15:30:00,Schalke 04,RB Leipzig,0.12226282960785459,0.21030044662294436,0.6674367237692009,0.8152707632774148,2.130547614525765,0.3165048279814356,0.13253001441947845,-0.3322005484270936,-0.32106929000929696,0.20617959643777792,0.23369461828008747,0,3,0.10439952295051512,0.18350223841686694,0.712098238632618,0.32592873724948124,0.14394199162105661,0.5301292711294622,2020
20,2021-02-06 18:30:00,M'gladbach,FC Koln,0.6338069924058858,0.2094137742529301,0.15677923334118427,2.242039431346099,1.0510926187218115,0.3165048279814356,0.13253001441947845,0.18170001898400948,0.17665105068670028,-0.16302752024409253,-0.10364709534674625,1,2,0.6077844833383563,0.22993292502198057,0.16228259163966316,0.6797646020412083,0.19306854355534359,0.12716685440344822,2020
20,2021-02-07 15:30:00,Hoffenheim,Ein Frankfurt,0.39401225183732935,0.2396643777393938,0.36632337042327673,1.8014254009120467,1.7336040160342607,0.3165048279814356,0.13253001441947845,0.09558636981339004,0.043957028704419095,0.1877078593618159,0.04598980048052221,1,3,0.33452591846422824,0.2562900181782394,0.40918406335753243,0.26060717674677425,0.34788850154803175,0.391504321705194,2020
20,2021-03-10 18:30:00,Bielefeld,Werder Bremen,0.24719629378811211,0.29306426042958683,0.4597394457823011,0.9816221314158309,1.4240403159645099,0.3165048279814356,0.13253001441947845,-0.48794356947289896,0.020359887499532592,-0.10246278167898804,0.13945607805939567,0,2,0.2658765237251547,0.2982802250541579,0.4358432512206874,0.41044609166081775,0.2393456028443246,0.35020830549485776,2020
21,2021-02-12 20:30:00,RB Leipzig,Augsburg,0.6740817771514336,0.20742322311203876,0.11849499973652765,2.151776545354178,0.8050333863419185,0.31805613985845926,0.12948028522817817,0.21751496458927252,0.10124241143035613,-0.1985363587784303,-0.3363913097869446,2,1,0.7825397392391499,0.146426147526344,0.07103411323450616,0.7735040100258822,0.12754175868946277,0.0989542312846551,2020
21,2021-02-13 15:30:00,Dortmund,Hoffenheim,0.5751768078178932,0.21263402317288527,0.21218916900922163,2.292540940776425,1.3629333791203067,0.31805613985845926,0.12948028522817817,0.3182915231206941,0.06383283535373901,0.08671240660474563,-0.09512927306494885,2,2,0.6564470081963782,0.19666284336461742,0.14689014843900436,0.5601232986837967,0.26934907204795255,0.1705276292682507,2020
21,2021-02-13 15:30:00,Leverkusen,Mainz,0.6502991284060318,0.2101905068701242,0.13951036472384387,2.1858617814355807,0.9322139908813148,0.31805613985845926,0.12948028522817817,0.19781968968157645,0.13665404400062836,-0.20865912148623764,-0.17958990507381176,2,2,0.6395047229684835,0.2141263004995596,0.14636897653195705,0.6925867433952363,0.1788449459563989,0.12856831064836485,2020
21,2021-02-13 15:30:00,Stuttgart,Hertha,0.42532579693241024,0.25519247179900517,0.3194817312685847,1.7027846222975977,1.4559283300330135,0.31805613985845926,0.12948028522817817,0.0077172529969215704,0.07701124601454067,-0.09728159458107298,0.15486917940714828,1,1,0.43301574658415537,0.2729612156117885,0.29402303780405614,0.44974998125270105,0.28274890955656756,0.2675011091907313,2020
21,2021-02-13 15:30:00,Werder Bremen,Freiburg,0.3580141286796552,0.272298424785445,0.36968744653489954,1.4243170645862266,1.4503582112406064,0.31805613985845926,0.12948028522817817,-0.10061443648507516,0.0067704573187185235,0.032217584181508246,0.021536844117508287,0,0,0.3649943015107059,0.2995707946361454,0.3354349038531487,0.4023203628246211,0.28854989440032586,0.3091297427750531,2020
21,2021-02-13 18:30:00,Union Berlin,Schalke 04,0.5999848451544675,0.2350523889994083,0.1649627658461244,1.9506235654416708,0.937743327516194,0.31805613985845926,0.12948028522817817,-0.023198287137679827,0.2438109606584572,-0.34637171707087844,-0.03596342825165064,0,0,0.5472824718535304,0.2659976259846768,0.18671990216179277,0.4827574219956049,0.24448175583847176,0.27276082216592323,2020
21,2021-02-14 15:30:00,Ein Frankfurt,FC Koln,0.5956246258419119,0.2135731688253176,0.1908022053327705,2.252509819815673,1.231022211886239,0.31805613985845926,0.12948028522817817,0.2046062137103067,0.15990243121252093,-0.1441103942427822,0.033899145198214034,2,0,0.5980778255109421,0.23538211449564309,0.16654005999341473,0.6761625976604155,0.16209158064305237,0.161745821696532,2020
21,2021-02-14 18:00:00,Wolfsburg,M'gladbach,0.4009644598281391,0.2731269371915629,0.3259086029802981,1.5044760076609207,1.3377003844966358,0.31805613985845926,0.12948028522817817,0.048340850609059224,-0.08743260578645426,0.1672201105266553,-0.19432424163461248,0,0,0.38356021362888004,0.2917881379753443,0.32465164839577554,0.5071931847862436,0.3028825904753545,0.18992422473840173,2020
21,2021-02-15 20:30:00,Bayern Munich,Bielefeld,0.859449773918151,0.10161691680021413,0.038933309281634784,3.221528768736319,0.6436725961473403,0.31805613985845926,0.12948028522817817,0.5832572163591317,0.13906237834103274,-0.486190589379863,-0.27243062370649773,3,3,0.8196529869598307,0.1230009657016046,0.05734604733856476,0.8337684617264147,0.10927970594639287,0.05695183232719235,2020
22,2021-02-19 20:30:00,Bielefeld,Wolfsburg,0.18264878763816816,0.26957396118498667,0.547777251176845,0.8483471924710828,1.632623463753267,0.32078298758635204,0.11973596244140437,-0.3922821107203514,-0.21270214120539438,0.029219955724160196,0.14018526463729641,0,3,0.1637412392234696,0.24065000310115986,0.5956087576753707,0.2837500123696773,0.15080425346422163,0.565445734166101,2020
22,2021-02-20 15:30:00,Ein Frankfurt,Bayern Munich,0.21514723524657642,0.19785091065700333,0.5870018540964204,1.5255167081312888,2.526486765148449,0.32078298758635204,0.11973596244140437,0.20433025932836477,-0.22251603168085143,0.5864463989597971,0.019600320776518573,2,1,0.24416281824137454,0.22839153572339102,0.5274456460352345,0.3463146423269593,0.267201700792699,0.38648365688034164,2020
22,2021-02-20 15:30:00,FC Koln,Stuttgart,0.35519558565939274,0.25806487326367894,0.3867395410769283,1.5322414988728872,1.6054356493033792,0.32078298758635204,0.11973596244140437,-0.16367849794881936,0.14989124315616484,-0.006336518697951769,0.15894868345019394,0,1,0.2565987689025357,0.26741051478326056,0.4759907163142037,0.41660265720125117,0.2527509318770014,0.3306464109217475,2020
22,2021-02-20 15:30:00,Freiburg,Union Berlin,0.4090577541512834,0.2755762678998727,0.3153659779488439,1.4982363340937102,1.2916297913577295,0.32078298758635204,0.11973596244140437,0.013537762224930082,-0.0497680731837742,-0.05562691649479061,-0.009251245988154579,0,1,0.39559627193418256,0.29980723753502514,0.3045964905307923,0.40382535706806716,0.3270685925250987,0.26910605040683416,2020
22,2021-02-20 15:30:00,M'gladbach,Mainz,0.6058273429075991,0.22435863087479735,0.16981402621760366,2.0805007848974535,1.0300065672294307,0.32078298758635204,0.11973596244140437,0.152065321367741,0.14002435530914698,-0.18489272222303266,-0.10632508719119772,1,2,0.5541252332475141,0.2589933155395989,0.1868814512128871,0.6242703381466514,0.2323855891878909,0.14334407266545765,2020
22,2021-02-20 18:30:00,Schalke 04,Dortmund,0.1343738674253695,0.1947603097411665,0.6708658228334639,0.999121785580029,2.375161719179399,0.32078298758635204,0.11973596244140437,-0.3623040927856178,-0.07909345751831959,0.3183335945688996,0.22594894529924117,0,4,0.09718994017766695,0.16790458909428224,0.7349054707280508,0.2749712181193441,0.167838141070725,0.557190640809931,2020
22,2021-02-21 13:30:00,Augsburg,Leverkusen,0.21071839704543405,0.24666268472243394,0.5426189182321322,1.0984161768987344,1.8666294217594763,0.32078298758635204,0.11973596244140437,-0.19086660497049612,-0.15578304200041096,0.19911887937774095,0.10423248928099253,1,1,0.17324739773698355,0.22367621773554214,0.6030763845274744,0.2868265798068008,0.24535907136284668,0.4678143488303525,2020
22,2021-02-21 15:30:00,Hertha,RB Leipzig,0.19404325258074184,0.2479521189711537,0.5580046284481045,1.0120823136267563,1.844491490908844,0.32078298758635204,0.11973596244140437,-0.10155924084246185,-0.326949804051896,0.21851081973593184,0.07290981749794587,0,3,0.1671746776084408,0.21805392731535755,0.6147713950762017,0.3113271374663445,0.18680279454485044,0.5018700679888051,2020
22,2021-02-21 18:00:00,Hoffenheim,Werder Bremen,0.4621138601180979,0.25794946780212624,0.27993667207977596,1.7223765893910676,1.303729489830049,0.32078298758635204,0.11973596244140437,0.09772971296456838,0.005456412129551946,-0.12113518731398375,0.0655811952627532,4,0,0.42566092650982296,0.27164685908319186,0.30269221440698524,0.3882475295183409,0.3092320814437725,0.30252038903788653,2020
23,2021-02-26 20:30:00,Werder Bremen,Ein Frankfurt,0.28057869949906206,0.2529783013021269,0.46644299919881116,1.3429214559541074,1.776023779926219,0.3198767948263855,0.11144778274732828,-0.13840721154097904,0.0019300657728720375,0.21233437100798438,0.042165868244064854,2,1,0.22211896813550103,0.2514222620847756,0.5264587697797235,0.23007925538397764,0.34517446330403995,0.4247462813119824,2020
23,2021-02-27 15:30:00,Bayern Munich,FC Koln,0.8066548629072419,0.1241939590205702,0.06915117807218779,3.1830136603219117,0.9234874451355856,0.3198767948263855,0.11144778274732828,0.5741817406015057,0.15232212176551516,-0.1894101923294498,-0.21006467680432178,5,1,0.7880450502485622,0.13487051072146536,0.07708443902997253,0.8210233301407753,0.14380947257794377,0.03516719728128101,2020
23,2021-02-27 15:30:00,Dortmund,Bielefeld,0.7430010781679317,0.16631730286245422,0.09068161896961416,2.5773950323282246,0.8286845770553194,0.3198767948263855,0.11144778274732828,0.3390617348083497,0.1763928990917187,-0.4179055453789525,-0.0898869317585972,3,0,0.7738166215485104,0.14848587277763928,0.07769750567385042,0.6087700647633695,0.22194829970697533,0.1692816355296551,2020
23,2021-02-27 15:30:00,Stuttgart,Schalke 04,0.5644770445615299,0.23961196964201004,0.19591098579646,1.9356552351526195,1.0721130348052479,0.3198767948263855,0.11144778274732828,-0.018370451029101405,0.24749176543525708,-0.3765070155008829,0.12626172067973745,5,1,0.6153865184272571,0.2124385531319039,0.17217492844083912,0.5617489407973639,0.25077687501208595,0.18747418419055006,2020
23,2021-02-27 15:30:00,Wolfsburg,Hertha,0.5489627692365597,0.2546142397168945,0.19642299104654587,1.7781362996081134,0.9852267473870628,0.3198767948263855,0.11144778274732828,0.051801630010438804,0.09243958551660866,-0.1130836631899971,-0.22167659554552419,2,0,0.5181564245810055,0.25698324022346364,0.2248603351955307,0.6580090258898483,0.22363205306027345,0.11835892104987826,2020
23,2021-02-27 18:30:00,RB Leipzig,M'gladbach,0.5162299937941888,0.2546579365519517,0.2291120696538595,1.7842250630579983,1.12888127700053,0.3198767948263855,0.11144778274732828,0.23513242381646496,-0.08747281876676846,0.14315575231982225,-0.3418054251693152,3,2,0.6009042302855424,0.2269448280650861,0.1721509416493716,0.7146432002833721,0.16503077408765165,0.12032602562897624,2020
23,2021-02-28 13:30:00,Union Berlin,Hoffenheim,0.38255028195544616,0.26570432125103116,0.35174539679352257,1.5305808602966344,1.4606203640664783,0.3198767948263855,0.11144778274732828,-0.05860718803151544,0.05292992106706435,0.13235081067687304,-0.07336635313553636,1,1,0.35928278614330594,0.28677692267462673,0.3539402911820672,0.3680716645113244,0.2669410935950861,0.36498724189358955,2020
23,2021-02-28 15:30:00,Mainz,Augsburg,0.39158147869186344,0.2795264120259919,0.3288921092821445,1.4380809119469027,1.3010877389553208,0.3198767948263855,0.11144778274732828,-0.16307095878429897,0.09505590592713965,-0.18777938511886658,0.13110322717635628,0,1,0.462974014989803,0.2813352421471959,0.25569074286300114,0.3303028371304229,0.22554216420306422,0.444154998666513,2020
23,2021-02-28 18:00:00,Leverkusen,Freiburg,0.5204795184559556,0.24878266341720234,0.23073781812684216,1.846830059004654,1.174319095235666,0.3198767948263855,0.11144778274732828,0.19344794700897996,-0.011301836800292009,-0.004293994868311441,-0.15489431374961143,1,2,0.5411408332265254,0.24483492711534308,0.2140242396581314,0.5383421738270039,0.25055430890880803,0.211103517264188,2020
24,2021-03-05 20:30:00,Schalke 04,Mainz,0.29307783050057123,0.27914356285504904,0.42777860664437967,1.2035606858120802,1.4969006352590863,0.3147427819192994,0.12271632625080947,-0.3763781921193139,0.12420348535771235,-0.189706141049123,0.27836008645190263,0,0,0.2888472609311464,0.27390688536574226,0.4372458537031115,0.3930595739549514,0.22022886770726155,0.38671155833778714,2020
24,2021-03-06 15:30:00,Ein Frankfurt,Stuttgart,0.5291647421853303,0.22402710077273608,0.24680815704193337,2.1498705532345266,1.4412140516693381,0.3147427819192994,0.12271632625080947,0.20089231895725532,0.12705620540175047,0.04092666924547858,0.009816398658217082,1,1,0.5183182389105574,0.23962451246116218,0.2420572486282806,0.6948856381102254,0.1804946326837128,0.12461972920606192,2020
24,2021-03-06 15:30:00,Freiburg,RB Leipzig,0.23936623037462781,0.2615406317676572,0.49909313785771503,1.1274931965907673,1.711667126256223,0.3147427819192994,0.12271632625080947,0.006242276629275282,-0.32370462648873116,0.24778340334506957,-0.025058362047870646,0,3,0.19108430409733318,0.23909543578008022,0.5698202601225865,0.23925144162690792,0.3269701573292981,0.433778401043794,2020
24,2021-03-06 15:30:00,Hertha,Augsburg,0.41265620951527493,0.28046727107499586,0.30687651940972926,1.465439908542354,1.235385310834254,0.3147427819192994,0.12271632625080947,-0.13013182655323755,0.07482819464598396,-0.19516762253050493,0.09180775460992562,2,1,0.45090337784760404,0.2914375490966222,0.25765907305577374,0.3660733571599741,0.2246232195006386,0.40930342333938724,2020
24,2021-03-06 15:30:00,Hoffenheim,Wolfsburg,0.3354161461405655,0.2709086616277501,0.39367519223168446,1.379087817859884,1.5094161431495898,0.3147427819192994,0.12271632625080947,0.12315900620554093,-0.23919583531518696,0.053367933166055044,0.04361220080332718,2,1,0.35709943379358305,0.27477103407171954,0.36812953213469757,0.34254700173792324,0.31757399325638064,0.3398790050056961,2020
24,2021-03-06 15:30:00,M'gladbach,Leverkusen,0.3762300406403068,0.26035283303882634,0.3634171263208669,1.5626002142003486,1.533054206929954,0.3147427819192994,0.12271632625080947,0.15341067625221705,-0.14451854676237835,0.18180761331954684,-0.06928843594173463,0,1,0.3778344009527464,0.2682092085636397,0.35395639048361377,0.48274213858687504,0.2247367367410571,0.2925211246720679,2020
24,2021-03-06 18:30:00,Bayern Munich,Dortmund,0.5760681381498425,0.1995177621022683,0.22441409974788926,2.50987909780251,1.564192149584148,0.3147427819192994,0.12271632625080947,0.5869522873188884,-0.10417681171160154,0.33958208280756946,-0.2069553723597739,4,2,0.6116853251118243,0.20302746961158424,0.18528720527659145,0.7515093792170346,0.10826182113343617,0.14022879964952925,2020
24,2021-03-07 15:30:00,FC Koln,Werder Bremen,0.3357524250623717,0.27866641147655596,0.3855811634610723,1.3244207404354211,1.4336090949809204,0.3147427819192994,0.12271632625080947,-0.187486149569682,0.03100222821814927,-0.12958257520963284,0.17503490066395622,1,1,0.30334509707074975,0.3014251913930867,0.39522971153616354,0.40291290414039443,0.2773083863426488,0.31977870951695686,2020
24,2021-03-07 18:00:00,Bielefeld,Union Berlin,0.21158527130239674,0.28165318899914293,0.5067615396984603,0.9103874175241033,1.5343240889561907,0.3147427819192994,0.12271632625080947,-0.4489674911154769,-0.08237665358171431,-0.07023624705827682,0.1835834162755627,0,0,0.24438517736742457,0.2802187810869882,0.4753960415455871,0.3663078587589806,0.29259120913571285,0.3411009321053065,2020
25,2021-03-12 20:30:00,Augsburg,M'gladbach,0.25257338664790624,0.2615617437898953,0.48586486956219854,1.178505749391751,1.7054800077231658,0.3059620776978881,0.12009337889340468,-0.18917001478863496,-0.07263811985304977,0.14117150550467866,0.08671301736733456,3,1,0.20650288191803146,0.24083333583891325,0.5526637822430553,0.3465372718345326,0.23993227404385886,0.41353045412160844,2020
25,2021-03-13 15:30:00,Mainz,Freiburg,0.29902039019856197,0.2757131527610134,0.4252664570404245,1.24339346213827,1.5210581782049264,0.3059620776978881,0.12009337889340468,-0.20679972154707404,-0.0014114302568401778,-0.00046738241256675514,0.11391156723068878,1,0,0.40441112782191707,0.29640070237879634,0.29918816979928664,0.3540682125930123,0.23994484597236512,0.4059869414346226,2020
25,2021-03-13 15:30:00,Union Berlin,FC Koln,0.5112415816263465,0.2665399352757421,0.2222184830979113,1.667059719461594,1.0296142662903982,0.3059620776978881,0.12009337889340468,-0.08994390169677838,0.17494987274451398,-0.18431525440189508,-0.09246258994380331,2,1,0.47051855234941714,0.2948002040954681,0.23468124355511463,0.42399942657167383,0.31571993561005846,0.2602806378182678,2020
25,2021-03-13 15:30:00,Werder Bremen,Bayern Munich,0.14101929094888777,0.1852873079225597,0.6736934011285526,1.1234676881036483,2.5430006117536146,0.3059620776978881,0.12009337889340468,-0.11907236401719631,-0.190563040376783,0.6084224199792349,0.018960229326580192,1,3,0.0784302463919133,0.1340263704165607,0.7875433831915262,0.07347992022093607,0.16273455349347085,0.763785526285593,2020
25,2021-03-13 15:30:00,Wolfsburg,Schalke 04,0.6835982464567972,0.20769296030846277,0.10870879323473995,2.112048666464566,0.7349927258658489,0.3059620776978881,0.12009337889340468,0.05513706699215836,0.2664658848286833,-0.3932913405217068,-0.22056541377561317,5,0,0.6743165259241104,0.2031594661438025,0.12252400793208708,0.6943179215322396,0.1690937639956113,0.1365883144721491,2020
25,2021-03-13 18:30:00,Dortmund,Hertha,0.6466824763383978,0.1979677859491131,0.1553497377124891,2.3976994619155345,1.12688572067725,0.3059620776978881,0.12009337889340468,0.35398840353505107,0.09446585998229232,-0.11261116345234017,-0.07389308568052681,2,0,0.6329308808038248,0.21820219863328205,0.14886692056289333,0.6291061314035902,0.21049623873573323,0.16039762986067663,2020
25,2021-03-14 13:30:00,Leverkusen,Bielefeld,0.7063055192928128,0.19777675189036495,0.09591772881682237,2.1735608406781113,0.6905493061749882,0.3059620776978881,0.12009337889340468,0.1826184034068884,0.1676929030871759,-0.5120920718640205,-0.1641379080351853,1,2,0.6762671242457872,0.19539685352183603,0.12833602223237683,0.7156225015000034,0.15171566366119993,0.13266183483879684,2020
25,2021-03-14 15:30:00,RB Leipzig,Ein Frankfurt,0.5596399553330615,0.23264336576755645,0.20771667889938178,2.0249519128980604,1.17858475671699,0.3059620776978881,0.12009337889340468,0.27111192013216884,0.008378576836075919,0.19596403751798191,-0.33761175525896964,1,1,0.5787429525997076,0.23290874921695554,0.1883482981833368,0.6618235174022015,0.1471389083985637,0.1910375741992348,2020
25,2021-03-14 18:00:00,Stuttgart,Hoffenheim,0.3596097540188098,0.24502563044823136,0.39536461553295865,1.6622283958248019,1.7483946537352422,0.3059620776978881,0.12009337889340468,0.03941364158471446,0.04269001109293056,0.13940076284071864,0.11333518565960085,2,0,0.37790284683897063,0.262663242445768,0.3594339107152615,0.3778228525433803,0.27937415079046257,0.34280299666615716,2020
26,2021-03-19 20:30:00,Bielefeld,RB Leipzig,0.10780239627656901,0.21585168380902206,0.6763459199144091,0.6899108165768877,2.0179105096708185,0.29962608839188054,0.13292040761811283,-0.4648775307969168,-0.33886190629542656,0.25726625120895724,0.14517023529712472,0,1,0.11331887025810505,0.1960929421544575,0.6905881875874375,0.2511051585613055,0.1469574890113691,0.6019373524273254,2020
26,2021-03-20 15:30:00,Bayern Munich,Stuttgart,0.7505553405401568,0.1447353299567105,0.10470932950313258,3.0902078663197163,1.1653791746469901,0.29962608839188054,0.13292040761811283,0.6108374709094208,0.08485439238130066,0.04263739827044352,-0.18921698079912516,4,0,0.7673338098641888,0.13910729886426812,0.09355889127154317,0.8015896660156839,0.1327563101193651,0.06565402386495106,2020
26,2021-03-20 15:30:00,Ein Frankfurt,Union Berlin,0.47400298247744943,0.2605074753594414,0.26548954216310916,1.7078169545802837,1.2337030433202847,0.29962608839188054,0.13292040761811283,0.19278408960287696,-0.09011466543903063,-0.0853859592672519,-0.004219878208781714,5,2,0.49332514103781494,0.25872758755515834,0.24794727140702677,0.6233554129366791,0.209773713795425,0.1668708732678959,2020
26,2021-03-20 15:30:00,FC Koln,Dortmund,0.17515261201492488,0.20913285824782235,0.6157145297372527,1.1707907545034628,2.286712834813622,0.29962608839188054,0.13292040761811283,-0.18563340630956812,-0.0892337106303269,0.347078854605116,0.18041040002059897,2,2,0.1463161447141899,0.20471700934260048,0.6489668459432096,0.2842664669917789,0.1426079613550499,0.5731255716531712,2020
26,2021-03-20 15:30:00,Werder Bremen,Wolfsburg,0.25817227600371173,0.28032242968273646,0.461505294313552,1.0850848114807525,1.5231898220142195,0.29962608839188054,0.13292040761811283,-0.12230005433298895,-0.22858829047611648,0.09286006335193472,0.028320551312865212,1,2,0.2056666762690327,0.26823569327482294,0.5260976304561444,0.317594540527933,0.3227733666875003,0.35963209278456665,2020
26,2021-03-20 18:30:00,Schalke 04,M'gladbach,0.16070898640621578,0.22325540102996957,0.6160356125638147,0.9837849533636274,2.077212804515349,0.29962608839188054,0.13292040761811283,-0.4055568987724982,-0.04333754638109915,0.13225433205871223,0.2991465768335459,0,3,0.13356365731409725,0.2004860792946344,0.6659502633912683,0.3381404891398549,0.143511559575718,0.5183479512844271,2020
26,2021-03-21 13:30:00,Hoffenheim,Mainz,0.5408522691563693,0.24330381168273868,0.21584391916089218,1.905299176020923,1.1441530742291837,0.29962608839188054,0.13292040761811283,0.11612853503466337,0.09596401298330803,-0.21263651804317346,0.047675119802046764,1,2,0.49600000000000005,0.256,0.24800000000000003,0.5545999286060022,0.2619041991479023,0.18349587224609545,2020
26,2021-03-21 15:30:00,Hertha,Leverkusen,0.24546188589977996,0.2580386515904076,0.49649946250981236,1.1738931573504034,1.7450499589783934,0.29962608839188054,0.13292040761811283,-0.13153917079738936,-0.14068161531575024,0.16854295068540773,0.08861414595432264,3,0,0.27626929893039626,0.26549556582447553,0.4582351352451284,0.3668901502147685,0.23940056308368057,0.3937092867015509,2020
26,2021-03-21 18:00:00,Freiburg,Augsburg,0.474508551299541,0.26884710909263115,0.256644339607828,1.6307501547192182,1.1474562217162287,0.29962608839188054,0.13292040761811283,-0.024380415688104957,0.08087404624828645,-0.1582075729673526,-0.003871004209555454,2,0,0.5209826593331307,0.2708517802783038,0.20816556038856537,0.43703390310366425,0.3040924871215135,0.2588736097748224,2020
27,2021-04-03 15:30:00,Augsburg,Hoffenheim,0.3158031910748764,0.26414632498778573,0.42005048393733785,1.374661986228155,1.611720607620519,0.29392018111061097,0.1452318217094705,-0.17727824148390384,0.05633411136394727,0.10102784070236198,0.08235428691509307,2,1,0.2605820963246256,0.26492513126336936,0.47449277241200494,0.3739365075100208,0.27595707995241875,0.35010641253756064,2020
27,2021-04-03 15:30:00,Dortmund,Ein Frankfurt,0.5153800125593174,0.21985021859967602,0.2647697688410066,2.2071258920425594,1.5660033352503206,0.29392018111061097,0.1452318217094705,0.3443353405499224,0.008203824435687023,0.23192595935338137,-0.07731941310817224,1,2,0.5488308873500726,0.23011222746725932,0.22105688518266808,0.5678655911617888,0.25985968369613427,0.17227472514207698,2020
27,2021-04-03 15:30:00,Leverkusen,Schalke 04,0.7309143915190882,0.17625381718152436,0.0928317912993874,2.4403925280552556,0.7838482222649229,0.29392018111061097,0.1452318217094705,0.14657883975982294,0.3064280559404622,-0.42481540862709827,-0.11264464390683214,2,1,0.7361269430051813,0.16788860103626943,0.09598445595854921,0.5218836680800172,0.1930962447305379,0.285020087189445,2020
27,2021-04-03 15:30:00,Mainz,Bielefeld,0.4858248356065854,0.29301863622458313,0.2211565281688314,1.4398557117261153,0.8934857339537042,0.29392018111061097,0.1452318217094705,-0.19910787978471506,0.12449878534197076,-0.49042446138427886,0.08387936928755946,1,1,0.5234598546295905,0.26245094639830713,0.2140891989721022,0.4780650848721033,0.2218906547702637,0.300044260357633,2020
27,2021-04-03 15:30:00,Wolfsburg,FC Koln,0.6280333884450598,0.224403394175482,0.1475632173794582,2.0366889798621344,0.8985258602502557,0.29392018111061097,0.1452318217094705,0.09794039839079015,0.1742330389869644,-0.17134171091252554,-0.22957826179009405,1,0,0.5823704863585015,0.243024834002021,0.1746046796394776,0.7173935270667156,0.18259362549351077,0.10001284743977366,2020
27,2021-04-03 18:30:00,RB Leipzig,Bayern Munich,0.34715222530049306,0.24747131176025197,0.40537646293925517,1.6048247435421075,1.7440391139973168,0.29392018111061097,0.1452318217094705,0.24319234825027958,-0.2093297945052485,0.6139373719956582,-0.3516538001202244,0,1,0.35666734543631834,0.2655190238248148,0.3778136307388669,0.27784431558224204,0.20455897121401484,0.5175967132037431,2020
27,2021-04-03 20:30:00,M'gladbach,Freiburg,0.48266172396532914,0.25697765746431195,0.26036061857035875,1.7483982591392064,1.2387940092313872,0.29392018111061097,0.1452318217094705,0.1414551566449673,-0.021907071146461694,-0.0222373900821084,-0.0575444578682421,2,1,0.5535747738383723,0.24166208401065994,0.20476314215096778,0.5151259207503857,0.2245876833834599,0.2602863958661546,2020
27,2021-04-04 15:30:00,Stuttgart,Werder Bremen,0.4387276127834069,0.2649057010472654,0.29636668616932765,1.6311565363891671,1.3090619764099205,0.29392018111061097,0.1452318217094705,0.017790367074567208,0.03234692485262906,-0.12435546904269906,0.09974612011790096,1,0,0.49533705174890713,0.2626375027130194,0.24202544553807354,0.4224657304395898,0.34087342188970665,0.23666084767070358,2020
27,2021-04-04 18:00:00,Union Berlin,Hertha,0.447202726719658,0.27603010581795523,0.27676716746238683,1.5449442773563842,1.1719766600275985,0.29392018111061097,0.1452318217094705,-0.06948408578598363,0.06531992622920409,-0.10342522520683675,-0.03180317959947247,1,1,0.37275064267352187,0.2982005141388175,0.3290488431876607,0.4555424072316728,0.28896854637575486,0.2554890463925724,2020
28,2021-04-09 20:30:00,Bielefeld,Freiburg,0.2276987545509427,0.28748336056870777,0.4848178848803493,0.942134906458387,1.48127401398522,0.2884669770890565,0.14233869794352455,-0.4806326143093939,-0.009779862582099794,-0.019553735836466548,0.12398929649044609,1,0,0.35565113769043427,0.2989692376210213,0.34537962468854444,0.3644394221861907,0.21053185891513537,0.42502871889867405,2020
28,2021-04-10 15:30:00,Bayern Munich,Union Berlin,0.7378022977548243,0.16037055370928713,0.10182714853588856,2.7564626461674133,0.9840475363398615,0.2884669770890565,0.14233869794352455,0.6124691843505772,-0.029326651609158816,-0.074230101218766,-0.2303179496785531,1,1,0.5205895410899639,0.25818996107965864,0.22122049783037728,0.7717946888517188,0.12975295356024372,0.09845235758803755,2020
28,2021-04-10 15:30:00,Ein Frankfurt,Wolfsburg,0.3860613959158873,0.2651719770545071,0.3487666270296055,1.542211186090491,1.4573975979130154,0.2884669770890565,0.14233869794352455,0.24306793131017812,-0.24065638461912184,0.08929783729406318,-0.0011124363306421517,4,3,0.3854625550660793,0.2731277533039647,0.34140969162995594,0.4971443249489456,0.27219968085099666,0.2306559942000578,2020
28,2021-04-10 15:30:00,Hertha,M'gladbach,0.2947526909632641,0.26272419767858496,0.44252311135815103,1.3195081079776432,1.655726146930832,0.2884669770890565,0.14233869794352455,-0.09996082903530358,-0.053585824320058005,0.14972565511294525,0.06604703987505504,2,2,0.29880551091226293,0.27241528060377246,0.4287792084839647,0.3319595548249275,0.22719662081409692,0.4408438243609756,2020
28,2021-04-10 15:30:00,Werder Bremen,RB Leipzig,0.19041955698733165,0.25944578316084055,0.5501346598518277,0.9319842777279309,1.728255153064404,0.2884669770890565,0.14233869794352455,-0.14068713259331572,-0.360557876268733,0.22863485107956272,0.03001048933625365,1,4,0.10428847554990878,0.18437072853504186,0.7113407959150494,0.26581898293294887,0.16942151673777409,0.564759500329277,2020
28,2021-04-10 18:30:00,Stuttgart,Dortmund,0.26692170525723047,0.23269391750867038,0.5003843772340992,1.4550327809634838,2.0296988532644282,0.2884669770890565,0.14233869794352455,0.008941443752324184,-0.06471868854343298,0.3366125497177105,0.08280790709665257,2,3,0.2333369191730632,0.2322042156819318,0.5344588651450051,0.3166648903374203,0.2508721262325087,0.43246298343007106,2020
28,2021-04-11 15:30:00,Schalke 04,Augsburg,0.2586350157560355,0.27761655178274897,0.46374843246121555,1.1020895479715036,1.547135387797396,0.2884669770890565,0.14233869794352455,-0.41459185292015527,0.08099414481919431,-0.16128915205991207,0.3092272590850027,1,0,0.3360083768294341,0.28829721758175003,0.375694405588816,0.37982965509257655,0.23763747788460274,0.3825328670228207,2020
28,2021-04-11 18:00:00,FC Koln,Mainz,0.3850769370015075,0.2825438591090319,0.33237920388946063,1.4038894944904812,1.2896064446635505,0.2884669770890565,0.14233869794352455,-0.18315105302972493,0.09159197287529296,-0.20121711242010956,0.1670872255015957,2,3,0.32377008262680557,0.2957033262381042,0.38052659113509024,0.4144092565087833,0.2888833799814395,0.2967073635097773,2020
28,2021-04-12 20:30:00,Hoffenheim,Leverkusen,0.3455156554570195,0.254744446938457,0.39973989760452344,1.535266037930096,1.6622142433680192,0.2884669770890565,0.14233869794352455,0.0995390489601452,-0.1016410433583677,0.14688157393664614,0.07280204406006585,0,0,0.34115865202574785,0.25747822794396064,0.40136312003029156,0.38358995987331995,0.2457923570438925,0.37061768308278764,2020
29,2021-04-16 20:30:00,RB Leipzig,Hoffenheim,0.6099747004963543,0.2242697057344065,0.16575559376923948,2.074528072623186,1.0070322239812004,0.2928461852491996,0.13886378352485818,0.2521856678894232,0.04583805627155388,0.07152937830673986,-0.35736795035017155,0,0,0.6934890363203199,0.18582813012078472,0.1206828335588955,0.7471926132341643,0.13487291338387705,0.11793447338195864,2020
29,2021-04-17 15:30:00,Augsburg,Bielefeld,0.473547427428471,0.29834273180347537,0.22810984076805352,1.3954553151290865,0.893883057887608,0.2928461852491996,0.13886378352485818,-0.18982690050256248,0.09133768452149127,-0.48165557265006803,0.07662906730418592,0,0,0.4042469400293002,0.2899765284100755,0.30577653156062445,0.438758166753156,0.295628609663696,0.26561322358314804,2020
29,2021-04-17 15:30:00,Freiburg,Schalke 04,0.6200992863925086,0.23100381975497244,0.14889689385251884,1.9664047469045918,0.8699329271735917,0.2928461852491996,0.13886378352485818,-0.044975051517826145,0.2894719565781119,-0.4193696333295188,-0.012815717427944436,4,0,0.5756488564433712,0.24439312063836216,0.17995802291826668,0.5035467789289222,0.28610666212290115,0.21034655894817678,2020
29,2021-04-17 15:30:00,M'gladbach,Ein Frankfurt,0.4106588234709172,0.24057777905618624,0.34876339747289675,1.826421278950842,1.6753707876877553,0.2928461852491996,0.13886378352485818,0.1509620770020391,0.019686421151003265,0.2693905547833946,-0.04620223346961987,4,0,0.4067215755263368,0.246975633717543,0.34630279075612014,0.4768686792972201,0.1811501372738552,0.3419811834289246,2020
29,2021-04-17 15:30:00,Union Berlin,Stuttgart,0.43109155975791447,0.2699673821083446,0.2989410581337408,1.5768152656920853,1.2817244908248775,0.2928461852491996,0.13886378352485818,-0.07623094108027301,0.099928130554134,0.016251730366018794,-0.060891485965115996,2,1,0.4421950281616865,0.2817525843154109,0.2760523875229026,0.41782518013036735,0.3145868162187229,0.2675880036509098,2020
29,2021-04-17 15:30:00,Wolfsburg,Bayern Munich,0.25123229631468247,0.2359159219450352,0.5128517817402822,1.3595425118780586,1.9942246976869766,0.2928461852491996,0.13886378352485818,0.10824455945463674,-0.23280627339693474,0.5935050552583824,-0.19609588841242678,2,3,0.25129533678756477,0.24611398963730574,0.5025906735751295,0.3021306051928943,0.24129305778478802,0.45657633702231765,2020
29,2021-04-17 18:30:00,Leverkusen,FC Koln,0.618665591941892,0.22140448592086626,0.15992992213724178,2.097778481842056,0.9907685907166187,0.2928461852491996,0.13886378352485818,0.12186188814714104,0.18730706208374162,-0.17333339713840676,-0.12878707091216587,3,0,0.5819596458596021,0.2416237516986702,0.17641660244172783,0.5876087862544204,0.17609968182968347,0.2362915319158961,2020
29,2021-04-18 15:30:00,Dortmund,Werder Bremen,0.6349924942128968,0.20535810546688596,0.15964940032021693,2.304082116303814,1.09939950815644,0.2928461852491996,0.13886378352485818,0.34400433844042094,0.058968075740913166,-0.14151907586773824,-0.056562980311669994,4,1,0.7278333778102544,0.16875428759848377,0.10341233459126173,0.6652330382334739,0.1855110703058602,0.149255891460666,2020
29,2021-05-03 18:00:00,Mainz,Hertha,0.36857823938613843,0.28002181956710237,0.35139994104675903,1.390000417121099,1.3524681551482904,0.2928461852491996,0.13886378352485818,-0.1712867638893576,0.06888084234497664,-0.09105670379574451,0.10014170483098765,1,1,0.3973081051749967,0.2928172885234685,0.3098746063015347,0.45925135177801824,0.2751180086845091,0.2656306395374727,2020
30,2021-04-20 18:30:00,FC Koln,RB Leipzig,0.14395505362575173,0.22413478645978474,0.6319101599144636,0.8782673903289642,2.0315833654753805,0.28031936642343713,0.1554335350808255,-0.18957901776125477,-0.37597807066057204,0.22949736001877144,0.19899874557563238,2,1,0.1659756650525203,0.22615167631563785,0.6078726586318418,0.30772742321651436,0.1755596967886129,0.5167128799948727,2020
30,2021-04-20 20:30:00,Bayern Munich,Leverkusen,0.6370570789445278,0.1963915462321048,0.16655137482336752,2.4525844923355304,1.2184281349271717,0.28031936642343713,0.1554335350808255,0.6035082881724929,-0.14211882629985562,0.13550840544224227,-0.21826615783356243,2,0,0.62590271701861,0.2055002482915179,0.16859703468987208,0.7324213680555267,0.13823169688311338,0.12934693506135994,2020
30,2021-04-20 20:30:00,Bielefeld,Schalke 04,0.4319131735403344,0.3130610664961079,0.2550257599635576,1.2661281978221328,0.9140400810271713,0.28031936642343713,0.1554335350808255,-0.5106831368528976,0.31089381604674926,-0.43400997008264935,0.06380974749706082,1,0,0.5039847865820879,0.2674779593592087,0.22853725405870337,0.4178011400799253,0.22813624182789372,0.354062618092181,2020
30,2021-04-20 20:30:00,Ein Frankfurt,Augsburg,0.5926402150056618,0.2226729567156006,0.18468682827873767,2.1240550777713594,1.126576809085163,0.28031936642343713,0.1554335350808255,0.25247134228055734,0.06510279041278988,-0.21113096060094197,0.04999525657384808,2,0,0.7272140419907165,0.1663643908886908,0.10642156712059267,0.7429112258370133,0.15605354307382185,0.10103523108916475,2020
30,2021-04-21 20:30:00,Dortmund,Union Berlin,0.5747874518408813,0.2268581017924445,0.19835444636667407,2.087969854397004,1.1716772995940201,0.28031936642343713,0.1554335350808255,0.3635058260973956,-0.06306649523481604,-0.06674297221887796,-0.055140082606535766,2,0,0.6348308402431411,0.2093001241849657,0.15586903557189316,0.6618374360720247,0.20471435991033018,0.13344820401764504,2020
30,2021-04-21 20:30:00,Hoffenheim,M'gladbach,0.3531343034385025,0.2578436578138771,0.38902203874762037,1.5288564562152342,1.6121749355301795,0.28031936642343713,0.1554335350808255,0.057698563262058654,-0.06893142305366157,0.1790496637777812,0.0182151287956217,3,2,0.3569154415207416,0.2635078190841839,0.3795767393950744,0.31859516108067976,0.2837809450986506,0.39762389382066965,2020
30,2021-04-21 20:30:00,Stuttgart,Wolfsburg,0.2915549966583625,0.26250541365381674,0.44593958968782077,1.31058101715031,1.6618429190626058,0.28031936642343713,0.1554335350808255,0.011535721173359022,-0.17681805925027697,0.1191671515184668,0.10844066082530386,1,3,0.23825043916912064,0.22801533677044716,0.5337342240604322,0.2574754982431522,0.34014464803276195,0.4023798537240859,2020
30,2021-04-21 20:30:00,Werder Bremen,Mainz,0.42258619843246864,0.27940271364015523,0.29801108792737613,1.487931911877388,1.216603798975054,0.28031936642343713,0.1554335350808255,-0.1404429177521333,0.10207719346491818,-0.16750956144811976,0.0832534005406274,0,1,0.2974172972296917,0.2910699768619849,0.4115127259083235,0.4359269466109444,0.29360510333128476,0.27046795005777086,2020
30,2021-05-06 18:30:00,Hertha,Freiburg,0.3567961469123379,0.27760067647088854,0.36560317661677366,1.382093028539652,1.401461149817509,0.28031936642343713,0.1554335350808255,-0.08886225363753597,-0.023291610358650017,-0.012507442803003147,0.0697034471881635,3,0,0.41546556407456486,0.2958423521273991,0.28869208379803596,0.3639496893100423,0.3096516789325093,0.3263986317574485,2020
31,2021-04-23 20:30:00,Augsburg,FC Koln,0.4290213069174186,0.28035948749420647,0.29061920558837484,1.4889138946815785,1.1885850063861343,0.2718882480439624,0.1634983235070759,-0.22723318912482907,0.18989354198879216,-0.16449824208491462,0.06537352339568715,2,3,0.3309518781353724,0.2924926384743811,0.3765554833902466,0.46296474203435334,0.2694933263106031,0.2675419316550434,2020
31,2021-04-24 15:30:00,Freiburg,Hoffenheim,0.40606139573000155,0.2657407519760575,0.328197852293941,1.5748504897630717,1.3983116291329871,0.2718882480439624,0.1634983235070759,-0.009414885846770527,0.028188654932905333,0.0823489134718602,-0.018971631863419672,1,1,0.3116565857797001,0.259291522586363,0.4290518916339369,0.41545891511557975,0.3113205018044053,0.273220583080015,2020
31,2021-04-24 15:30:00,Mainz,Bayern Munich,0.11960968407050303,0.17508847446995784,0.7053018414595392,1.0295397643759698,2.611170754641995,0.2718882480439624,0.1634983235070759,-0.16912316565589483,-0.23715153421512722,0.6026176244255353,0.08529281328683433,2,1,0.09358403027898174,0.14586004110453166,0.7605559286164865,0.08039116312209471,0.16255916368176368,0.7570496731961415,2020
31,2021-04-24 15:30:00,Union Berlin,Werder Bremen,0.47545184101199844,0.2791014258015311,0.2454467331864705,1.5432022710917603,1.0479164730983461,0.2718882480439624,0.1634983235070759,-0.08334729482333648,0.08182037755747688,-0.1622792346829935,-0.0628051318804673,3,1,0.46933057196808187,0.2858013035268319,0.24486812450508622,0.4636305593387031,0.2754665884146604,0.2609028522466364,2020
31,2021-04-24 15:30:00,Wolfsburg,Dortmund,0.38964480379814137,0.252975915161785,0.3573792810400736,1.658331318118641,1.5823618642943265,0.2718882480439624,0.1634983235070759,0.14051408146251004,-0.07008878627668004,0.36492864257624935,-0.17789830893942093,0,2,0.2953799135156224,0.24228630880775104,0.4623337776766265,0.5003287533991393,0.18786061630566897,0.31181063029519185,2020
31,2021-04-24 18:30:00,Leverkusen,Ein Frankfurt,0.45101214760650676,0.24773173390684272,0.3012561184866507,1.8138816716786954,1.4581619130510088,0.2718882480439624,0.1634983235070759,0.12292602412734065,0.03715652327984339,0.25317716617382846,-0.14788873532176836,3,1,0.43860213044290786,0.2509586993085405,0.31043917024855167,0.4606673401751856,0.17327368434208204,0.3660589754827324,2020
31,2021-04-25 15:30:00,RB Leipzig,Stuttgart,0.6542755657439853,0.20804826850841943,0.13767616574759542,2.2074920293618185,0.9333370642196837,0.2718882480439624,0.1634983235070759,0.2224919850175089,0.13397848621278935,0.010320992809989474,-0.35119811497066034,2,0,0.6971293847345782,0.18437591835644251,0.11849469690897917,0.6705984130554731,0.19188182636580126,0.13751976057872567,2020
31,2021-04-25 18:00:00,M'gladbach,Bielefeld,0.6490660231463836,0.22622644510409584,0.1247075317495207,1.960634060355307,0.7500884925542574,0.2718882480439624,0.1634983235070759,0.18861971174464828,0.04926163781311683,-0.5156942407254521,-0.0437580966582292,5,0,0.5834772627310469,0.24410783440788697,0.17241490286106614,0.7285299769018678,0.13717153569448723,0.13429848740364483,2020
31,2021-05-12 18:00:00,Schalke 04,Hertha,0.23317609342510598,0.2685798516005677,0.4982440549743263,1.0613469468477434,1.6453074742649292,0.2718882480439624,0.1634983235070759,-0.4498250754486374,0.07397730993314157,-0.08564630760377276,0.3116853407575823,1,2,0.15674856791175495,0.22236424750272213,0.6208871845855228,0.4240755954837834,0.24438247655359416,0.33154192796262244,2020
32,2021-05-07 20:30:00,Stuttgart,Augsburg,0.4781783732154494,0.2629573671047631,0.25886425967978766,1.6874550159383674,1.1929759917529381,0.26661082709879935,0.18095241585570424,-0.011443831870551913,0.08710207510357794,-0.2197006316595731,0.1295408232099649,2,1,0.44666631742016594,0.2754656827893819,0.27786799979045207,0.401615039488604,0.32068910328639877,0.27769585722499723,2020
32,2021-05-08 15:30:00,Dortmund,RB Leipzig,0.3874148887429786,0.2637543499123955,0.348830761344626,1.5569841386405574,1.4688932538006405,0.26661082709879935,0.18095241585570424,0.36371673989581155,-0.3685292771790794,0.21476453339310164,-0.09686613183518562,3,2,0.4169246252611354,0.26128791228899495,0.3217874624498696,0.4448166431450348,0.3037761331103778,0.25140722374458735,2020
32,2021-05-08 15:30:00,Hoffenheim,Schalke 04,0.6911768199539179,0.19471571775330046,0.11410746229278165,2.294879293982464,0.8463472957013839,0.26661082709879935,0.18095241585570424,0.07425522745212561,0.3088617765080899,-0.45109505539049893,0.017658739691006998,4,2,0.739642250993927,0.16199295480172599,0.09836479420434702,0.5380476034778,0.23464399065129238,0.2273084058709076,2020
32,2021-05-08 15:30:00,Werder Bremen,Leverkusen,0.25094436745272347,0.26759705252789845,0.48145858001937825,1.134352148861298,1.6465216635183726,0.26661082709879935,0.18095241585570424,-0.16455460629170093,-0.15694694264912548,0.13409084978840832,0.09796330317504683,0,0,0.2473074054193476,0.26438664612510365,0.4883059484555486,0.3022801232246961,0.2335227211995025,0.46419715557580143,2020
32,2021-05-08 15:30:00,Wolfsburg,Union Berlin,0.5054824292300117,0.26874510773079446,0.22577246303919374,1.645748964084633,1.0314982982802823,0.26661082709879935,0.18095241585570424,0.11555333703224749,-0.06492100206990278,-0.061494181371770026,-0.17410424195173418,3,0,0.5259814508956929,0.2659128446194893,0.2081057044848177,0.5621698754507536,0.2542644416021654,0.183565682947081,2020
32,2021-05-08 18:30:00,Bayern Munich,M'gladbach,0.6554732185545129,0.1829761811909346,0.16155060025455248,2.65643431627741,1.3052713130966285,0.26661082709879935,0.18095241585570424,0.5846547831002389,-0.05523328511412565,0.22101960845233523,-0.22121951362922374,6,0,0.6751353618693214,0.1762301863703008,0.14863445176037773,0.7902210533214991,0.11317161220368928,0.09660733447481176,2020
32,2021-05-09 13:30:00,FC Koln,Freiburg,0.32869461490978413,0.2708606723593208,0.400444712730895,1.3615568146439387,1.5219991578453942,0.26661082709879935,0.18095241585570424,-0.1337670610908109,-0.005167420154307085,-0.04059338589026288,0.19400726490977577,1,4,0.4908174213777514,0.25797681177536796,0.2512057668468806,0.38096201951220665,0.26885687956479304,0.35018110092300025,2020
32,2021-05-09 15:30:00,Ein Frankfurt,Mainz,0.5823896875550351,0.2241388530561712,0.19347145938879357,2.1167857130192482,1.165033590670634,0.26661082709879935,0.18095241585570424,0.24535120415226916,0.05698431791947348,-0.16332032838417668,0.04945942108104994,1,1,0.49843602737293574,0.23865266148529593,0.26291131114176824,0.5306793618226211,0.29008407522685936,0.17923656295051962,2020
32,2021-05-09 18:00:00,Hertha,Bielefeld,0.5608400360733166,0.268841880883365,0.17031808304331833,1.6316819806389649,0.7972621062459156,0.26661082709879935,0.18095241585570424,-0.0665729949991584,0.10862112479340143,-0.539283386050732,0.0461007707505237,0,0,0.508299973311983,0.26842807579396855,0.22327195089404858,0.504395502447069,0.2584605993612011,0.23714389819172996,2020
33,2021-05-15 15:30:00,Augsburg,Werder Bremen,0.3936013083607306,0.29228701559656123,0.3141116760427083,1.3497814197960742,1.1818891904764828,0.26218989037048723,0.18862166106385383,-0.22387394599429816,0.07300506263908456,-0.1854787439752549,0.09040302071227932,2,0,0.3795134565654631,0.30169523991954794,0.318791303514989,0.3485182084801369,0.27241844100020596,0.3790633505196571,2020
33,2021-05-15 15:30:00,Bielefeld,Hoffenheim,0.21302460397475842,0.28067103499324064,0.506304361032001,0.9205368327748392,1.5423310626708866,0.26218989037048723,0.18862166106385383,-0.5660247980468308,0.03241498138110373,0.09462629855522046,0.07647876010447194,1,1,0.38579867093280823,0.25178439576667483,0.36241693330051683,0.36360839210509494,0.24323830182538564,0.3931533060695195,2020
33,2021-05-15 15:30:00,Freiburg,Bayern Munich,0.1765196650950672,0.20360215917040425,0.6198781757345286,1.2243380345973494,2.368387407151601,0.26218989037048723,0.18862166106385383,-0.00552570668544921,-0.24288552673058206,0.6094953055109391,-0.009475891247775297,2,2,0.10730281909415344,0.14409235706929174,0.7486048238365548,0.13157032426616758,0.13767438960452513,0.7307552861293073,2020
33,2021-05-15 15:30:00,Hertha,FC Koln,0.5102890676407955,0.25321508476528265,0.23649584759392167,1.798375314735607,1.169208936958723,0.26218989037048723,0.18862166106385383,-0.08804950993620277,0.22412161288801755,-0.13916246202584492,0.03329996953378722,0,0,0.32660609760476883,0.298117092206222,0.375276810189009,0.4884129221587037,0.27168609243101466,0.23990098541028163,2020
33,2021-05-15 15:30:00,Leverkusen,Union Berlin,0.5197354473216507,0.26546418153660545,0.21480037114174386,1.6776498182399326,1.0053053477170204,0.26218989037048723,0.18862166106385383,0.11099570725814296,-0.044413362390533624,-0.07912661554210756,-0.17777195088974532,1,1,0.48932867675591774,0.2634846720993403,0.24718665114474198,0.527050206462804,0.24310324569057548,0.22984654784662054,2020
33,2021-05-15 15:30:00,M'gladbach,Stuttgart,0.5716521930466019,0.2199789859663972,0.20836882098700088,2.1864840670850865,1.278882998351732,0.26218989037048723,0.18862166106385383,0.20613750142504628,0.12534575203547788,-0.007629465188499985,-0.008573385775423537,1,2,0.6366879717890793,0.19215934762245857,0.17115268058846217,0.6814780793668129,0.16664403095992594,0.15187788967326124,2020
33,2021-05-15 15:30:00,Schalke 04,Ein Frankfurt,0.15778104156391648,0.20716195723591768,0.6350570012001658,1.0737434318141355,2.2746857358322083,0.26218989037048723,0.18862166106385383,-0.424539795564954,0.04487932137504011,0.23017491537113285,0.32947709902361544,4,3,0.08043870945437889,0.14067915265809877,0.7788821378875224,0.3174030783868548,0.16391334853671452,0.5186835730764308,2020
33,2021-05-16 18:00:00,Mainz,Dortmund,0.22194206339134284,0.23743030177232516,0.5406276348363319,1.2137701401813434,1.9747488662123125,0.26218989037048723,0.18862166106385383,-0.16809074372225452,-0.08898947387406582,0.377316676661391,0.04093466688795692,1,3,0.13970864875180616,0.17280418760621233,0.6874871636419815,0.21752760761741563,0.28231676575829273,0.5001556266242916,2020
33,2021-05-16 20:30:00,RB Leipzig,Wolfsburg,0.49287959153135225,0.27167161460954914,0.2354487938590986,1.6156000509029078,1.0525213499866612,0.26218989037048723,0.18862166106385383,0.21978142749185633,-0.19088654271195424,0.13105440611374958,-0.3420557250926197,2,2,0.471640740833815,0.26818787223883594,0.260171386927349,0.5220714436866476,0.29180877387049786,0.18611978244285457,2020
34,2021-05-22 15:30:00,Bayern Munich,Augsburg,0.8127368737580145,0.12420734774947977,0.06305577849250571,3.099834725522554,0.8355625493536907,0.2628693047695973,0.18995484693872355,0.6036992592607631,0.07482538475319302,-0.21344946156560457,-0.22906991237636407,5,2,0.8421210200617235,0.09948372672231759,0.05839525321595892,0.8202504150536419,0.1117561438415161,0.06799344110484203,2020
34,2021-05-22 15:30:00,Dortmund,Leverkusen,0.5104184943075117,0.24094654164872487,0.24863496404376334,1.9336732288678498,1.3083441591712204,0.2628693047695973,0.18995484693872355,0.38479823510551825,-0.17820096534690186,0.0988140815488072,-0.09292104926060255,3,1,0.61439324562775,0.20093364007951578,0.18467311429273411,0.6504812355438294,0.18638496810693997,0.16313379634923064,2020
34,2021-05-22 15:30:00,Ein Frankfurt,Freiburg,0.4937334385316844,0.2375225258746146,0.26874403559370097,1.967217378018037,1.4209601983499305,0.2628693047695973,0.18995484693872355,0.2383631479304695,-0.01456725387323502,0.0044672871246904805,0.08399624722243922,3,1,0.46913162898795685,0.22412845975068668,0.3067399112613564,0.5475054596525494,0.2570620101669669,0.19543253018048368,2020
34,2021-05-22 15:30:00,FC Koln,Schalke 04,0.5428864253600003,0.24603852126297815,0.21107505337702148,1.8735207587088043,1.1040550725370144,0.2628693047695973,0.18995484693872355,-0.16270859734057525,0.33770386499797744,-0.36457116754547203,0.2006916939309829,1,0,0.6981309419251451,0.16958145220522144,0.13228760586963328,0.4949149923970893,0.28041923649165,0.22466577111126063,2020
34,2021-05-22 15:30:00,Hoffenheim,Hertha,0.4903062764959323,0.25852549219317805,0.2511682313108897,1.737407936414486,1.193029403355373,0.2628693047695973,0.18995484693872355,0.08602958542941097,0.013540573678991216,-0.1185693470746081,0.032195831684857706,2,1,0.5634613078612646,0.22224691957404868,0.21429177256468676,0.4460435545878439,0.291126025541263,0.26283041987089306,2020
34,2021-05-22 15:30:00,Stuttgart,Bielefeld,0.5671709649706409,0.26265726673257017,0.17017176829678884,1.6852993005632777,0.8238310663521611,0.2628693047695973,0.18995484693872355,0.0024742770040329983,0.06664474576531065,-0.563252866265795,0.10659377484185266,0,2,0.418357743550978,0.25014079183596327,0.3315014646130586,0.4214571155458587,0.31770605878986496,0.2608368256642763,2020
34,2021-05-22 15:30:00,Union Berlin,RB Leipzig,0.24687627054218894,0.2796011588591266,0.4735225705986844,1.0502173325117665,1.5378687430168874,0.2628693047695973,0.18995484693872355,-0.08036263404504158,-0.3234643915674048,0.22306659479451274,-0.05553837476436409,2,1,0.261962467973132,0.24517000207741846,0.4928675299494495,0.24951711075215807,0.2733393024771384,0.47714358677070345,2020
34,2021-05-22 15:30:00,Werder Bremen,M'gladbach,0.2770101110604275,0.2600486374133714,0.46294125152620114,1.2783519622476698,1.7028881530507993,0.2628693047695973,0.18995484693872355,-0.2071657476772113,-8.668517183813891e-05,0.19016595214190787,0.07929046618876699,2,4,0.30369044066447826,0.2471898935641102,0.44911966577141155,0.3087252397121937,0.25540145649872226,0.4358733037890841,2020
34,2021-05-22 15:30:00,Wolfsburg,Mainz,0.5982822083335959,0.2383154060699536,0.1634023855964505,1.9133554297847546,0.9111022065635818,0.2628693047695973,0.18995484693872355,0.14177697864591815,0.05425733991043128,-0.17152419190835763,-0.18444530925888417,2,3,0.5260355563577293,0.23815540113708147,0.23580904250518905,0.6218432409001154,0.24000515771664307,0.13815160138324137,2020
1,2021-08-13 20:30:00,M'gladbach,Bayern Munich,0.24139747742551926,0.20648302549966052,0.5521194970748203,1.5862123529153598,2.408897474892434,0.27548871693363625,0.18772890729393454,0.22526875293292858,-0.22713737078237237,0.6210695222506446,-0.017389075655042125,1,1,0.21580911482034562,0.22181772126545962,0.5623731639141947,0.18267847195955147,0.18974365536429064,0.6275778726761578,2021
1,2021-08-14 15:30:00,Augsburg,Hoffenheim,0.31592542029843873,0.26930308666165226,0.41477149303990907,1.3371374922887633,1.5587974834600555,0.27548871693363625,0.18772890729393454,-0.17262169123157287,-6.480374706623328e-05,0.09939091421843461,0.06903504892055934,0,4,0.2966546278965544,0.26314818232146153,0.440197189781984,0.364159387714826,0.27289656295046955,0.3629440493347045,2021
1,2021-08-14 15:30:00,Bielefeld,Freiburg,0.28973873390427624,0.3071169094268772,0.4031443566688466,1.037548838700762,1.2678950506767919,0.27548871693363625,0.18772890729393454,-0.3980803479849841,-0.02827623078127264,0.01142498610650345,-0.04955561805558645,0,0,0.3175883609076576,0.30155866445805973,0.38085297463428264,0.37188674069556166,0.26877347135836416,0.35933978794607424,2021
1,2021-08-14 15:30:00,Stuttgart,Greuther Furth,0.6372196253046398,0.20994983496002748,0.1528305397353325,2.225124647950253,1.0216438494907891,0.27548871693363625,0.18772890729393454,0.036595311372159885,0.3,-0.3,0.04592423024906574,5,1,0.5222554246987363,0.2501904259682428,0.22755414933302084,0.504654628188937,0.2469801172509098,0.24836525456015315,2021
1,2021-08-14 15:30:00,Union Berlin,Leverkusen,0.33690692691754465,0.2887062042475531,0.3743868688349022,1.2602733149767347,1.3402914260514152,0.27548871693363625,0.18772890729393454,-0.04951990097568333,-0.1823691091633132,0.10554944683240132,-0.08815109132110546,1,1,0.35424065490880635,0.2979594293625474,0.34779991572864627,0.3945807520113695,0.286068441603954,0.31935080638467656,2021
1,2021-08-14 15:30:00,Wolfsburg,Bochum,0.7321329090358955,0.1731171311287232,0.0947499598353814,2.4989491371552788,0.8211968166819974,0.27548871693363625,0.18772890729393454,0.15265267413891348,0.3,-0.3,-0.17248118720082015,1,0,0.6594398221043061,0.20258214873967031,0.13797802915602364,0.827958698567588,0.08246501644311374,0.08957628498929836,2021
1,2021-08-14 18:30:00,Dortmund,Ein Frankfurt,0.5831477710224064,0.20043436828641673,0.2164178606911767,2.485217813989961,1.5059444355692864,0.27548871693363625,0.18772890729393454,0.3989985526825427,0.04814413030232444,0.2554720372791459,-0.12154052088805115,5,2,0.6506362733848197,0.1920552855172058,0.1573084410979745,0.6558626766220114,0.19503602952326418,0.14910129385472445,2021
1,2021-08-15 15:30:00,Mainz,RB Leipzig,0.21675775478507026,0.2637370028376894,0.5195052423772404,1.022965630585714,1.694059375905988,0.27548871693363625,0.18772890729393454,-0.1201997851307521,-0.3203119493821173,0.22453479383659367,0.02710413555728825,1,0,0.12914888838984953,0.19691219402649895,0.6739389175836515,0.30560665219863264,0.2581927325946199,0.4362006152067474,2021
1,2021-08-15 17:30:00,FC Koln,Hertha,0.3491054318145328,0.2814086746487429,0.36948589353672434,1.337473431571457,1.3818369194587197,0.27548871693363625,0.18772890729393454,-0.16084889337053493,-0.011586395511947772,-0.1044828504554948,0.15240784861838072,3,1,0.404676343664182,0.28423695566888973,0.3110867006669282,0.38930674847306584,0.2699477622357809,0.34074548929115317,2021
2,2021-08-20 20:30:00,RB Leipzig,Stuttgart,0.5988179376165607,0.22755622185886573,0.17362584052457364,2.0485886616454416,1.0310948352379574,0.2690680975421334,0.1975821771319346,0.20522254662954212,0.04527827701692358,0.0855320181143539,-0.32397893110995263,4,0,0.6418198268403986,0.2056583961273535,0.15252177703224784,0.4530871444764455,0.27473224351456593,0.2721806120089885,2021
2,2021-08-21 15:30:00,Bochum,Mainz,0.2826408847951397,0.29212438416264974,0.4252347310422105,1.0962924766774762,1.3962506537655381,0.2690680975421334,0.1975821771319346,-0.3733783647246259,-0.0013378987415876404,-0.11755618833927,0.18227863042787115,2,0,0.3306299976054674,0.28118093638001623,0.38818906601451636,0.3070777749022488,0.19469254946102124,0.49822967563672993,2021
2,2021-08-21 15:30:00,Ein Frankfurt,Augsburg,0.6187935386230872,0.20751562480943225,0.17369083656748055,2.306297657006898,1.1742499384572633,0.2690680975421334,0.1975821771319346,0.26792321621596266,0.10107000198800009,-0.1922502523923688,0.083811748364951,0,0,0.5916118912458919,0.22083208843740665,0.18755602031670152,0.5402245948212432,0.24732139770089462,0.2124540074778622,2021
2,2021-08-21 15:30:00,Freiburg,Dortmund,0.2748276659673061,0.24090414339366586,0.48426819063902804,1.4171733358898908,1.9215385846687314,0.2690680975421334,0.1975821771319346,-0.006052964665795414,-0.11193303081771405,0.43098827215266994,-0.04693015837990694,2,1,0.2110141910128459,0.22751530073659929,0.5614705082505549,0.23482238230642047,0.24681187493656895,0.5183657427570105,2021
2,2021-08-21 15:30:00,Greuther Furth,Bielefeld,0.27594467798236094,0.29027939858479707,0.4337759234328419,1.0865293526552025,1.4196245442545927,0.2690680975421334,0.1975821771319346,-0.3012937374110052,-0.08236800112421759,-0.42673823027995456,0.5080625639351933,1,1,0.37061688826833367,0.28040808555199437,0.3489750261796719,0.38635965727002697,0.2225245934815085,0.3911157492484646,2021
2,2021-08-21 15:30:00,Hertha,Wolfsburg,0.2846507390334941,0.2778017207054029,0.4375475402611032,1.186111359776655,1.5197159920897498,0.2690680975421334,0.1975821771319346,-0.10614256877192246,-0.1898275144759332,0.13747498926768334,0.011980383280859964,1,2,0.29226292456664854,0.277861563066263,0.4298755123670885,0.2911725502182654,0.24334338902121147,0.46548406076052307,2021
2,2021-08-21 18:30:00,Leverkusen,M'gladbach,0.44622321197619913,0.2588260131851021,0.2949507748386988,1.6967346973790756,1.348843822079202,0.2690680975421334,0.1975821771319346,0.10356018512861105,-0.041504822025130006,0.21975460669490401,-0.18957490682023803,4,0,0.422277252278893,0.2685068242781757,0.30921592344293136,0.46957071262492434,0.23032125437772155,0.3001080329973541,2021
2,2021-08-22 15:30:00,Hoffenheim,Union Berlin,0.46695704081797973,0.26451215709258374,0.26853080208943647,1.6644420648669596,1.2177404572844281,0.2690680975421334,0.1975821771319346,0.13938590187204308,-0.0965462054469736,-0.05090992318935877,-0.02116111702925908,2,2,0.5124495656282941,0.258296681327469,0.2292537530442369,0.48144737837045803,0.29940078742289333,0.21915183420664863,2021
2,2021-08-22 17:30:00,Bayern Munich,FC Koln,0.8326016332896088,0.1092071188359348,0.058191247874456384,3.397239851537423,0.9101414523454323,0.2690680975421334,0.1975821771319346,0.6100128052344106,0.14630021364743018,-0.12288445064828052,-0.24033889630713384,3,2,0.8559689080347269,0.09539155990038749,0.048639532064885554,0.6702834797588857,0.15042832900245426,0.17928819123865994,2021
3,2021-08-27 20:30:00,Dortmund,Hoffenheim,0.6027703157678899,0.202198283536549,0.19503140069556113,2.4252433604213777,1.355614393136639,0.25787037049173667,0.21301951956173037,0.4177932499470909,-0.0027512658333795023,0.14248352293081762,-0.09609911518859235,3,2,0.6808900391576895,0.17298287481303465,0.14612708602927582,0.5610311991792025,0.2705616962111956,0.16840710460960193,2021
3,2021-08-28 15:30:00,Augsburg,Leverkusen,0.23725672334455322,0.27430100465261875,0.4884422720028279,1.0446451527692686,1.5907161403120786,0.25787037049173667,0.21301951956173037,-0.21948936670687716,-0.20772326232362415,0.13359161849975046,0.07272232855179711,1,4,0.19179816430799837,0.23737396572772074,0.5708278699642808,0.33913109753267257,0.23522047130170887,0.42564843116561846,2021
3,2021-08-28 15:30:00,Bielefeld,Ein Frankfurt,0.26636366051127836,0.2810268023207245,0.4526095371679973,1.1083074573558838,1.5097209470506932,0.25787037049173667,0.21301951956173037,-0.4385473750035531,0.07049152337068335,0.23343181085691733,-0.07937735087773752,1,1,0.2815869997920442,0.26893140429577256,0.44948159591218323,0.3392260048996156,0.28185044394415343,0.37892355115623105,2021
3,2021-08-28 15:30:00,FC Koln,Bochum,0.46749877743032553,0.2753978061286202,0.2571034164410543,1.5686204284989032,1.1097055568530179,0.25787037049173667,0.21301951956173037,-0.10299699929274583,0.08230363434686436,-0.2988563664877403,0.14508071203512257,2,1,0.5574644462565168,0.24152112029249592,0.20101443345098718,0.46926905890973225,0.27209041509965487,0.25864052599061294,2021
3,2021-08-28 15:30:00,Mainz,Greuther Furth,0.6554614130896104,0.20520638504800634,0.13933220186238332,2.2492392805839643,0.9629619900647249,0.25787037049173667,0.21301951956173037,-0.14164776350098857,0.4813499349777603,-0.31139458672117964,0.015782877928684522,3,0,0.6094866683712351,0.22409697174305368,0.16641635988571116,0.5168795251693511,0.2633626187191918,0.21975785611145704,2021
3,2021-08-28 15:30:00,Stuttgart,Freiburg,0.41372579370274565,0.2624777666510741,0.3237964396461804,1.616477658723241,1.4108424376982396,0.25787037049173667,0.21301951956173037,0.06582313799160042,-0.05646353072849513,0.00043613828161307696,0.08588049074532192,2,3,0.4474933408729037,0.26749601940447315,0.2850106397226232,0.3908351407925424,0.2911097455393026,0.31805511366815503,2021
3,2021-08-28 18:30:00,Bayern Munich,Hertha,0.7810681630966811,0.13852260121298943,0.08040923569032944,2.996612833244122,0.9366718531338696,0.25787037049173667,0.21301951956173037,0.6026763688087347,0.023916336357190687,-0.11054467024436174,-0.21274796843156282,5,0,0.8288831005534646,0.11064492481496191,0.060471974631573513,0.7721567350849948,0.13486660567453732,0.09297665924046797,2021
3,2021-08-29 15:30:00,Union Berlin,M'gladbach,0.38747230220554263,0.2657044902667073,0.34682320752775025,1.5405534870391917,1.4482559095733656,0.25787037049173667,0.21301951956173037,-0.03756728768029683,-0.0011808433506113388,0.19841362023083028,-0.08592397924372495,2,1,0.37341194385646004,0.2888019867892863,0.33778606935425365,0.3947232006547678,0.2729508998059594,0.3323258995392728,2021
3,2021-08-29 17:30:00,Wolfsburg,RB Leipzig,0.35173590073280375,0.2847561387409949,0.3635079605262013,1.3204094263878141,1.3458119115014022,0.25787037049173667,0.21301951956173037,0.1445053048522486,-0.3374533348947535,0.22635998443025518,-0.18723287231866675,1,0,0.29130322658940244,0.2769906403118885,0.43170613309870903,0.3835159338561656,0.3586912233411931,0.25779284280264125,2021
4,2021-09-11 15:30:00,Freiburg,FC Koln,0.5453501785635719,0.2440740709050702,0.2105757505313579,1.8948233495629034,1.1144141666637508,0.25737314964643804,0.21870536863617973,0.02654494081051906,0.1365021558680513,-0.09550414262394241,-0.05354015125107407,1,1,0.41992524770332396,0.27122650559874745,0.30884824669792854,0.533024951105102,0.2418507763209229,0.22512427257397521,2021
4,2021-09-11 15:30:00,Greuther Furth,Wolfsburg,0.1055184010942386,0.1779814942438228,0.7165001046619386,0.8845739495015594,2.489492661980752,0.25737314964643804,0.21870536863617973,-0.383285701297399,-0.21544197986845318,0.13657630068060242,0.5181294891811488,0,2,0.20145147140920325,0.22776935959805406,0.5707791689927425,0.3199947847943923,0.1777191432308455,0.5022860719747623,2021
4,2021-09-11 15:30:00,Hoffenheim,Mainz,0.5334854808321183,0.24695566896636137,0.21955885020152016,1.865906260014299,1.136960212327358,0.25737314964643804,0.21870536863617973,0.14998550268941627,-0.0023171555995781233,-0.1310339838277022,0.0020190547818405924,0,2,0.4336557992997953,0.2640163406205365,0.302327860079668,0.4354054892503648,0.3036463677836827,0.2609481429659524,2021
4,2021-09-11 15:30:00,Leverkusen,Dortmund,0.4058661470980345,0.24792061670824564,0.3462132361937198,1.7404627263802712,1.598028428398819,0.25737314964643804,0.21870536863617973,0.1672368335282893,-0.08916433923752895,0.4230416208361471,-0.21164413330999676,3,4,0.3220753241283879,0.2532412838793129,0.4246833919922991,0.4087403546936162,0.2594726618606303,0.3317869834457534,2021
4,2021-09-11 15:30:00,Union Berlin,Augsburg,0.5482047734219635,0.25937191699494916,0.19242330958308732,1.729955665063696,0.9414028242551226,0.25737314964643804,0.21870536863617973,-0.029348342797296322,0.10136560556517407,-0.21852447979727047,-0.09923281981020911,0,0,0.5700982621245972,0.24247217224539827,0.18742956563000457,0.4582313178317422,0.2650947421145191,0.27667394005373874,2021
4,2021-09-11 18:30:00,RB Leipzig,Bayern Munich,0.34641498726770337,0.25155930335263765,0.4020257093796591,1.5656712810134585,1.6970653115317575,0.25737314964643804,0.21870536863617973,0.205628390091618,-0.23339224279289375,0.6184557743879163,-0.3469284520574656,1,4,0.31675672891936335,0.2429804781330812,0.44026279294755544,0.22764952788186335,0.26008148721130697,0.5122689849068297,2021
4,2021-09-12 15:30:00,Ein Frankfurt,Stuttgart,0.5416564179153711,0.21703144267586766,0.2413121394087612,2.2476700772682126,1.4789861078459765,0.25737314964643804,0.21870536863617973,0.22385388046370427,0.10996175973336754,0.07120130983968798,0.06278233126128725,1,1,0.4672215353449426,0.2527187724161299,0.2800596922389275,0.619426028187233,0.20223919418610187,0.17833477762666514,2021
4,2021-09-12 17:30:00,Bochum,Hertha,0.34482352988723075,0.2939393187948654,0.3612371513179039,1.2452196930040522,1.2798074245557953,0.25737314964643804,0.21870536863617973,-0.3035814190932997,0.04681487540429396,-0.12524001266409707,0.11457648006472872,1,3,0.3583058778589505,0.284725206512916,0.35696891562813343,0.41007070676754687,0.2693108545556075,0.3206184386768457,2021
4,2021-09-12 19:30:00,M'gladbach,Bielefeld,0.5865293558166247,0.25190315717914263,0.16156748700423268,1.7752458286212423,0.8323747643358644,0.25737314964643804,0.21870536863617973,0.1917233875834941,-0.09386299753039666,-0.4395823806107361,-0.0012632707096461998,3,1,0.6575224725136983,0.20914658167102387,0.1333309458152777,0.5148612654562652,0.2660689864099051,0.21906974813382965,2021
5,2021-09-17 20:30:00,Hertha,Greuther Furth,0.6985531562631914,0.18863553247131623,0.11281131126549229,2.37190877121294,0.8743593417437201,0.2697716990275977,0.1967026250659057,-0.0920287650389086,0.48924946063844466,-0.44466852605619467,0.04063298536443556,2,1,0.545174330317384,0.2545110931985666,0.20031457648404924,0.509929066437975,0.20083775977055762,0.28923317379146746,2021
5,2021-09-18 15:30:00,Augsburg,M'gladbach,0.26562965585549975,0.2573450872468939,0.47702525689760633,1.2560641101094845,1.7409024863170137,0.2697716990275977,0.1967026250659057,-0.2356841196886499,-0.0028070945807004465,0.21146753276139513,0.07316441727163324,1,0,0.27392023551352457,0.2570748734364896,0.469004891049986,0.36587194254753724,0.21971278162057348,0.41441527583188925,2021
5,2021-09-18 15:30:00,Bayern Munich,Bochum,0.890136969515073,0.0775873095075806,0.03227572097734628,3.772790725522193,0.7467443173774307,0.2697716990275977,0.1967026250659057,0.6434210221058789,0.21791962691057654,-0.31535153934629756,-0.24645259140209072,7,0,0.9057544158906745,0.06474036957816015,0.029505214531165183,0.7878402575738347,0.1126392557760924,0.0995204866500729,2021
5,2021-09-18 15:30:00,Bielefeld,Hoffenheim,0.2713282060747688,0.29438061071143584,0.4342911832137955,1.050664257093339,1.3908187992339571,0.2697716990275977,0.1967026250659057,-0.4271959313216728,0.010144197177433562,0.12722039759240913,-0.0670994587105247,0,0,0.26718547341115434,0.26718547341115434,0.4656290531776913,0.37035817598227205,0.2453082224495685,0.3843336015681595,2021
5,2021-09-18 15:30:00,Mainz,Freiburg,0.3681697800540916,0.2875255399844297,0.34430467996147873,1.3362385392452767,1.2851181494616197,0.2697716990275977,0.1967026250659057,-0.11463055522673048,-0.06198516235071901,0.015411745852380001,-0.03433278565316796,0,0,0.49938969810399547,0.2656033851411832,0.23500691675482138,0.47293087407125967,0.2955063197945805,0.2315628061341598,2021
5,2021-09-18 18:30:00,FC Koln,RB Leipzig,0.2117398171814977,0.25243486727795916,0.5358253155405432,1.067210130649185,1.8059156330441326,0.2697716990275977,0.1967026250659057,-0.09707016878672133,-0.3043562664353732,0.20414538904512186,0.11715065101591574,1,1,0.2546244125003435,0.24931973723991974,0.4960558502597367,0.3602555029062762,0.2301272532317111,0.4096172438620127,2021
5,2021-09-19 15:30:00,Stuttgart,Leverkusen,0.3106330998836488,0.2542515479806637,0.4351153521356874,1.435760430745508,1.7264900106983698,0.2697716990275977,0.1967026250659057,0.06534431736244016,-0.17012401570491026,0.19012123590500427,0.08619751703026393,1,3,0.2827874513795485,0.2563233850739758,0.4608891635464757,0.31098755024912683,0.2817696923186741,0.4072427574321991,2021
5,2021-09-19 17:30:00,Dortmund,Union Berlin,0.6069283367343591,0.2144684038119747,0.17860325945366623,2.220639231498422,1.1511070602536921,0.2697716990275977,0.1967026250659057,0.4536213543839752,-0.12230058192425923,-0.059935058307236486,-0.06911250031606603,4,2,0.7421289355322339,0.16116941529235382,0.0967016491754123,0.6043697470920597,0.24708873216385896,0.14854152074408125,2021
5,2021-09-19 19:30:00,Wolfsburg,Ein Frankfurt,0.5110952375063963,0.24332723638154696,0.2455775261120568,1.9064097658947448,1.2771313256181585,0.2697716990275977,0.1967026250659057,0.12966199440332485,0.049085450981674425,0.21043597756681498,-0.23559126566310776,1,1,0.5178148045195152,0.2541001030135553,0.22808509246692937,0.45893719922730586,0.3023554303767252,0.238707370395969,2021
6,2021-09-24 20:30:00,Greuther Furth,Bayern Munich,0.028408637614489467,0.06587030891764077,0.9057210534678696,0.8022118723514792,4.106681041769323,0.26439963172176595,0.20490895504945836,-0.4313501231070107,-0.25834098967984953,0.6730883183840094,0.47512721975620376,1,3,0.04667120729126702,0.08759892052207728,0.8657298721866556,0.08744526452648048,0.12942393874987973,0.7831307967236397,2021
6,2021-09-25 15:30:00,Ein Frankfurt,FC Koln,0.585232694382948,0.21849291983431882,0.19627438578273315,2.1933104771127203,1.2235295501382741,0.26439963172176595,0.20490895504945836,0.21224662316029158,0.10385682591402727,-0.09651953976871067,0.03385966379177626,1,1,0.45143405559041744,0.2558931010298623,0.2926728433797202,0.5978097243245901,0.1638198399787157,0.23837043569669414,2021
6,2021-09-25 15:30:00,Hoffenheim,Wolfsburg,0.35248779850868117,0.2733629959939919,0.3741492054973271,1.4033784465408008,1.451556755866798,0.26439963172176595,0.20490895504945836,0.11114530709159463,-0.24157138817463014,0.11727846536588722,-0.009041491842304098,3,1,0.36821260497903374,0.2758941708776622,0.35589322414330404,0.3069483511589329,0.259804510061996,0.4332471387790712,2021
6,2021-09-25 15:30:00,Leverkusen,Mainz,0.5787073855209762,0.24418775384737101,0.17710486063165298,1.869182354640081,0.950224498728379,0.26439963172176595,0.20490895504945836,0.21241946086924945,-0.056226955900772715,-0.13630766494851912,-0.1791489746277338,1,0,0.5550959728566461,0.23869126832835783,0.20621275881499596,0.5773521742853965,0.22912216659441403,0.19352565912018946,2021
6,2021-09-25 15:30:00,RB Leipzig,Hertha,0.6337569292776354,0.22374682964651055,0.14249624107585407,2.0325565271245045,0.8715645709862342,0.26439963172176595,0.20490895504945836,0.19901892304735816,0.04096686385788248,-0.09517098769949721,-0.3066939690090317,6,0,0.7359400787101689,0.1705386991663493,0.09352122212348188,0.5427502419610315,0.21119305441589,0.2460567036230785,2021
6,2021-09-25 15:30:00,Union Berlin,Bielefeld,0.5098689443234524,0.29954369902402084,0.19058735665252674,1.3985776510113246,0.757393633674699,0.26439963172176595,0.20490895504945836,-0.03581641240433187,-0.09803641774981976,-0.4513194156201264,-0.09095238515088178,1,0,0.5667380661809267,0.25816370130613636,0.1750982325129371,0.5077163427079575,0.2602734352678018,0.23201022202424068,2021
6,2021-09-25 18:30:00,M'gladbach,Dortmund,0.3415107217571709,0.22337421912792949,0.43511505911489956,1.8367382206484633,2.077437535817558,0.26439963172176595,0.20490895504945836,0.1930944279504339,-0.05441172237303311,0.47887298559258656,-0.012137437014065975,1,0,0.2934951552630708,0.25592777538939776,0.4505770693475313,0.34409598763328747,0.2242353848633367,0.4316686275033758,2021
6,2021-09-26 15:30:00,Bochum,Stuttgart,0.22296087288452393,0.23466962315476933,0.5423695039607067,1.2389579204848093,2.0081195726718337,0.26439963172176595,0.20490895504945836,-0.36224022882272794,0.10720228163977684,0.06620133060100576,0.36659778587713426,0,0,0.29992417978915126,0.27103629844968624,0.42903952176116256,0.3541225773658709,0.20016503049806314,0.4457123921360659,2021
6,2021-09-26 17:30:00,Freiburg,Augsburg,0.5341467997737168,0.26531767012181123,0.200535530104472,1.6771967079777863,0.9461211606492455,0.26439963172176595,0.20490895504945836,0.0006506442184516022,0.04716454251448896,-0.2342988838185033,-0.08548538923841144,3,0,0.519915783763187,0.2679677989143597,0.21211641732245326,0.5661309623027005,0.2684235888146885,0.165445448882611,2021
7,2021-10-01 20:30:00,FC Koln,Greuther Furth,0.6681300803293728,0.2021032534692239,0.12976666620140329,2.258469226723395,0.916021409977878,0.23584810477891202,0.2312441134690741,-0.09343227193313039,0.4410273041672662,-0.4170609222129808,0.09349727619120453,3,1,0.6726937318905195,0.19142787560812374,0.1358783925013567,0.5354528717028265,0.25150343682961185,0.2130436914675617,2021
7,2021-10-02 15:30:00,Dortmund,Augsburg,0.7441051144464137,0.15966401922790638,0.09623086632567994,2.728915571953535,0.9332126601899018,0.23584810477891202,0.2312441134690741,0.4622362213233585,0.07457586431957583,-0.2442256327837638,-0.060744644494791965,2,1,0.7845679288300774,0.14180338861817693,0.07362868255174572,0.7923608780253582,0.13054000975754657,0.07709911221709544,2021
7,2021-10-02 15:30:00,Hertha,Freiburg,0.3327483246395986,0.2777454435262088,0.3895062318341925,1.3232145050353492,1.447864394284883,0.23584810477891202,0.2312441134690741,-0.09740565928069488,-0.08962255165170101,0.028780792963576638,0.10546074147982377,1,2,0.3119150353754878,0.29368000253815163,0.39440496208636067,0.367019833158047,0.26492598634299425,0.3680541804989587,2021
7,2021-10-02 15:30:00,Stuttgart,Hoffenheim,0.3841808975519533,0.2526952317234772,0.3631238707245697,1.6491610035227768,1.5995327793015595,0.23584810477891202,0.2312441134690741,0.03861505702949567,-0.005440599399636282,0.14107399694559725,0.09278947194062152,3,1,0.3425378294747333,0.2575958340254733,0.3998663364997933,0.361606479000001,0.24891492433970033,0.38947859666029866,2021
7,2021-10-02 15:30:00,Wolfsburg,M'gladbach,0.47950073439606666,0.2574829570483971,0.26301630855553626,1.7412868286739174,1.2453245209642334,0.23584810477891202,0.2312441134690741,0.12190595826586093,-0.03437377991556708,0.18636017759355325,-0.20281212701253315,1,3,0.46488653472889874,0.2712935585103488,0.26381990676075245,0.5144732542961061,0.267922671113813,0.21760407459008074,2021
7,2021-10-02 18:30:00,RB Leipzig,Bochum,0.8173879897925576,0.1324093253966085,0.050202684810833786,2.7570854567972813,0.5965813733496934,0.23584810477891202,0.2312441134690741,0.2583434208876196,0.2887384887250191,-0.44170582848175316,-0.3106819050241373,3,0,0.8142662207069529,0.12429937133689578,0.061434407956151176,0.5871807271679464,0.22284352971644705,0.18997574311560655,2021
7,2021-10-03 15:30:00,Mainz,Union Berlin,0.37586911805831824,0.30189931190477887,0.32223157003690295,1.2571699862077177,1.1464681602797,0.23584810477891202,0.2312441134690741,-0.14333067392992183,-0.09489839218410308,-0.036851793210578646,-0.062310259872591874,1,2,0.43977133523887296,0.29318089015924864,0.26704777460187834,0.4066680283789017,0.30387401822427373,0.2894579533968246,2021
7,2021-10-03 17:30:00,Bayern Munich,Ein Frankfurt,0.7648806162590118,0.1354659219522351,0.09965346178875305,3.260255106079165,1.2112439763554508,0.23584810477891202,0.2312441134690741,0.674119385788198,0.040593841679311765,0.20195411348876258,-0.24615430713835673,1,2,0.8736006693143036,0.08688614251769747,0.03951318816799893,0.722499523985205,0.17606973834949843,0.10143073766529648,2021
7,2021-10-03 19:30:00,Bielefeld,Leverkusen,0.20930642838729874,0.2972236247541926,0.4934699468585084,0.8337293488732275,1.4119922196779053,0.23584810477891202,0.2312441134690741,-0.4639838007175626,-0.1849548685571262,0.20811657851965873,-0.0989630543858278,0,4,0.20034219940892833,0.23082905584072175,0.56882874475035,0.306711687951628,0.25003843533164505,0.44324987671672683,2021
8,2021-10-15 20:30:00,Hoffenheim,FC Koln,0.5461920520529997,0.23659391678139097,0.21721403116560908,1.9829508437596455,1.1971779669626572,0.24923031552723396,0.21418992599885545,0.12907386536162146,0.09209195351750861,-0.08053802563943108,0.011274803132583907,5,0,0.47466899941561774,0.2471721991775626,0.27815880140681964,0.4712053980119494,0.26251237413000145,0.2662822278580491,2021
8,2021-10-16 15:30:00,Dortmund,Mainz,0.6621510658051438,0.1967700136307536,0.14107892056410237,2.3701636712965537,1.0339071530166377,0.24923031552723396,0.21418992599885545,0.4523224295631379,-0.05278365870789424,-0.14977198514684234,-0.06611335231365364,3,1,0.6777585985852816,0.19151094669443827,0.13073045472028003,0.6113992793876746,0.24789474750188392,0.14070597311044145,2021
8,2021-10-16 15:30:00,Ein Frankfurt,Hertha,0.5974048234495749,0.21793328167252113,0.18466189487790383,2.1847729610832873,1.161056588652704,0.24923031552723396,0.21418992599885545,0.20843069839435124,0.10966097525727003,-0.10490332186193446,0.005003449165568193,1,2,0.5478520777735417,0.24889363324437663,0.2032542889820816,0.6089773345881987,0.17200997668975257,0.21901268872204882,2021
8,2021-10-16 15:30:00,Freiburg,RB Leipzig,0.2891028745778379,0.2790134022400541,0.4318837231821081,1.192330676089272,1.503152334612037,0.24923031552723396,0.21418992599885545,0.03556560526494065,-0.3230759037931248,0.2568429368649853,-0.09850879305669782,1,1,0.2481910905762357,0.26179060238863217,0.4900183070351321,0.3783486604929886,0.30623140295858714,0.3154199365484243,2021
8,2021-10-16 15:30:00,Greuther Furth,Bochum,0.39238128635486436,0.282623891184448,0.3249948224606879,1.4163686650039438,1.2703423174694666,0.24923031552723396,0.21418992599885545,-0.4160978623842106,0.3007739388839437,-0.47822064467805264,0.46827673461612546,0,1,0.4132106665629315,0.27587186120241963,0.31091747223464883,0.3577141184050546,0.27824997952452807,0.3640359020704173,2021
8,2021-10-16 15:30:00,Union Berlin,Wolfsburg,0.3583905758032573,0.2891684555451657,0.35244096865157704,1.305141390163557,1.2924489467402458,0.24923031552723396,0.21418992599885545,-0.02311960596906066,-0.17398925569834528,0.10941052238709226,-0.1021020109147092,2,0,0.3963628162058855,0.30038817203024654,0.3032490117638679,0.4263971493099236,0.2919241481103048,0.28167870257977173,2021
8,2021-10-16 18:30:00,M'gladbach,Stuttgart,0.5517885680671466,0.22614769142776692,0.22206374050508648,2.114720723548896,1.300813681049669,0.24923031552723396,0.21418992599885545,0.20689069318193928,0.0786118234680655,0.06118485196664404,-0.04742519032566924,1,1,0.6413165650361533,0.20505615491499324,0.15362728004885345,0.6244528212040305,0.201586735280787,0.17396044351518264,2021
8,2021-10-17 15:30:00,Leverkusen,Bayern Munich,0.3014784957141966,0.23224487373529892,0.4662766305505045,1.5987259897009856,2.008432882213956,0.24923031552723396,0.21418992599885545,0.240275772983845,-0.23448895888162216,0.6501873509154156,-0.20206290905512464,1,5,0.20992366412213742,0.20992366412213742,0.5801526717557253,0.3696793620946939,0.19199327467094707,0.438327363234359,2021
8,2021-10-17 17:30:00,Augsburg,Bielefeld,0.427440670063451,0.3258934296767522,0.2466659002597969,1.187864399950081,0.8387754114354959,0.24923031552723396,0.21418992599885545,-0.2426671105843876,-0.048596057972041036,-0.48450053616082006,0.05945792627183982,1,1,0.4398774302620457,0.29643913778529163,0.26368343195266275,0.3699159718929948,0.24929851738691758,0.3807855107200877,2021
9,2021-10-22 20:30:00,Mainz,Augsburg,0.47317181469583597,0.2902395156238717,0.23658866968029235,1.4541409493783588,0.959892287192823,0.24322735530332099,0.21316533668491047,-0.14428875644340652,0.06231137791798198,-0.2427420867131804,-0.04141947024619031,4,1,0.5789920381522047,0.2534050034353151,0.1676029584124803,0.4954592533438405,0.2647147663318627,0.23982598032429678,2021
9,2021-10-23 15:30:00,Bayern Munich,Hoffenheim,0.7467121243791737,0.14529905668316812,0.10798881893765834,3.104897985454913,1.196895992466224,0.24322735530332099,0.21316533668491047,0.680347271754329,-0.0037591038228071585,0.17504680973655978,-0.2385426324094533,4,0,0.8141640745862369,0.11616851366526716,0.06966741174849599,0.7928416668300461,0.10003229061885589,0.10712604255109805,2021
9,2021-10-23 15:30:00,Bielefeld,Dortmund,0.16428695141964805,0.2373182936938764,0.5983947548864756,0.921353599970919,1.9252301881654204,0.24322735530332099,0.21316533668491047,-0.47356726974377267,-0.06473680817499716,0.46143495890587743,-0.04961677535061126,1,3,0.15177562100675765,0.21815584705071545,0.6300685319425268,0.36901393329742416,0.1598143434228703,0.4711717232797055,2021
9,2021-10-23 15:30:00,RB Leipzig,Greuther Furth,0.8726235151799964,0.09538307038827512,0.03199341443172869,3.217178208994362,0.5627261774857927,0.24322735530332099,0.21316533668491047,0.25464352375346117,0.4574684270002791,-0.49363917257504886,-0.3245503151416088,4,1,0.8577912650347844,0.09914615240856127,0.043062582556654364,0.5728239566968085,0.2777720906318579,0.14940395267133363,2021
9,2021-10-23 15:30:00,Wolfsburg,Freiburg,0.4626049305475278,0.2755011628884168,0.2618939065640553,1.5638551617700145,1.1256125493717246,0.24322735530332099,0.21316533668491047,0.09637044323917604,-0.1056091049565628,0.0347117791546296,-0.15961175865113053,0,2,0.44069850133010247,0.2906734796007059,0.2686280190691917,0.446844861854161,0.26250750164001546,0.29064763650582354,2021
9,2021-10-23 18:30:00,Hertha,M'gladbach,0.2991416270028783,0.25758978138682254,0.4432685916102993,1.3720923863592007,1.7049420699593898,0.24322735530332099,0.21316533668491047,-0.0864470438038952,-0.05360878415117468,0.193672283691063,0.09663149460047187,1,0,0.27933017250075654,0.2721678603853525,0.4485019671138908,0.37038940317229824,0.2624849191531925,0.36712567767450927,2021
9,2021-10-24 15:30:00,FC Koln,Leverkusen,0.24467034406313298,0.24810934849206853,0.5072203074447984,1.2384198213966386,1.8521360100059505,0.24322735530332099,0.21316533668491047,-0.09485730075340133,-0.14769916185985302,0.23584291895533396,0.1372692987968337,2,2,0.3042972602941393,0.24499830700605063,0.45070443269981003,0.2787522981974636,0.2797308056923194,0.44151689611021694,2021
9,2021-10-24 17:30:00,Stuttgart,Union Berlin,0.3931951663652296,0.2744642799285813,0.3323405537061891,1.4800644908352771,1.34525270372361,0.24322735530332099,0.21316533668491047,0.06009228571122467,-0.12439931598408947,-0.009225142340990566,0.06257966625289499,1,1,0.40630765072911645,0.28165869593316334,0.31203365333772015,0.34357826855088264,0.2755427964833549,0.38087893496576236,2021
9,2021-10-24 19:30:00,Bochum,Ein Frankfurt,0.17044104904571328,0.23228694521624782,0.597272005738039,0.9839696940045075,1.989382438317135,0.24322735530332099,0.21316533668491047,-0.4903984602465977,0.017845587078283636,0.1939491145766438,0.2506477881893879,2,0,0.2717683286378825,0.2606302823822315,0.46760138897988596,0.29150983080373516,0.18044236669859684,0.528047802497668,2021
10,2021-10-29 20:30:00,Hoffenheim,Hertha,0.556531153368093,0.23526214657232533,0.20820670005958178,1.994070808142043,1.162481539099605,0.2389033823772093,0.22608043420558482,0.15221104844669775,0.07298331648249821,-0.09722459153319606,0.008878187164841338,2,0,0.5619276006426117,0.23822367109537154,0.1998487282620167,0.48047081059839075,0.29194127697160605,0.22758791243000323,2021
10,2021-10-30 15:30:00,Bielefeld,Mainz,0.29361825790770646,0.32730124862751664,0.3790804934647768,0.9538382327613507,1.119673869757282,0.2389033823772093,0.22608043420558482,-0.47339746334857735,-0.03884754248234372,-0.10176471959941524,-0.024101207590878436,1,2,0.2757138007769774,0.2805793384377475,0.44370686078527516,0.36783977514055266,0.20711859463095436,0.425041630228493,2021
10,2021-10-30 15:30:00,Dortmund,FC Koln,0.7389350524825551,0.15384091840883593,0.10722402910860901,2.9187803588314716,1.0989830820751372,0.2389033823772093,0.22608043420558482,0.4659314014276339,0.14025062568325877,-0.08273854757639643,-0.06177955342398798,2,0,0.6459646409080511,0.19958823977952309,0.15444711931242577,0.7849824728885495,0.10964464993440232,0.10537287717704828,2021
10,2021-10-30 15:30:00,Freiburg,Greuther Furth,0.7849083753176558,0.14815013178403283,0.06694149289831147,2.676226931752754,0.7014414797376978,0.2389033823772093,0.22608043420558482,0.0427340895385852,0.4766900351472548,-0.4621510784449878,-0.13137010846573505,3,1,0.6748260984414898,0.1986440081007308,0.12652989345777932,0.6224135405336779,0.1944566250204379,0.1831298344458842,2021
10,2021-10-30 15:30:00,Leverkusen,Wolfsburg,0.4915828787637741,0.2580472739725227,0.25036984726370326,1.7427744233925586,1.193100316481753,0.2389033823772093,0.22608043420558482,0.23293278302873102,-0.14243826004185944,0.07071263309682502,-0.13306078831441237,0,2,0.49913621628318344,0.25766220894618386,0.24320157477063276,0.5922687065194238,0.21000902625988624,0.19772226722069008,2021
10,2021-10-30 15:30:00,Union Berlin,Bayern Munich,0.19059868398154098,0.21710367494819507,0.5922976410702641,1.201880144335034,2.204368054710195,0.2389033823772093,0.22608043420558482,-0.022517517949533793,-0.25857918102355487,0.6828822522657209,-0.13134476332405995,2,5,0.10858523209505778,0.16833583599921653,0.7230789319057256,0.2659773506565683,0.25004063281791944,0.4839820165255123,2021
10,2021-10-30 18:30:00,Ein Frankfurt,RB Leipzig,0.29813168804987156,0.2576254825420263,0.44424282940810217,1.368479991670629,1.705816766362855,0.2389033823772093,0.22608043420558482,0.16284177877086403,-0.31412496658990946,0.2629097528686142,0.03223090264078468,1,1,0.21295770024528202,0.23556802397502805,0.55147427577969,0.34334382821903014,0.2538413718520474,0.4028147999289225,2021
10,2021-10-31 15:30:00,Augsburg,Stuttgart,0.3281422333662958,0.27633734874595495,0.3955204178877493,1.3210654722814514,1.4695383132385305,0.2389033823772093,0.22608043420558482,-0.24543065238781317,0.05888542278276581,0.04616539326415849,0.0998795031912903,4,1,0.3490322814917026,0.2940920149606013,0.356875703547696,0.3790304480427835,0.20555978917368284,0.41540976278353375,2021
10,2021-10-31 17:30:00,M'gladbach,Bochum,0.6954206659377749,0.19746463419634777,0.10711469986587732,2.228789248426062,0.7771788607574508,0.2389033823772093,0.22608043420558482,0.16290416776032207,0.17357051575921179,-0.43308754482352885,-0.057900598633716216,2,1,0.716122485024652,0.1763783157560717,0.10749919921927623,0.5821191455012583,0.23400749366045548,0.1838733608382861,2021
11,2021-11-05 20:30:00,Mainz,M'gladbach,0.3502332479242614,0.2757576423577946,0.374009109717944,1.3803669794428095,1.4329054675538182,0.24388402917472457,0.22447453882578508,-0.08870381994377456,-0.057305357107503715,0.15495891009323648,-0.03913876080879788,1,1,0.3548802676486794,0.2751089106556045,0.3700108216957161,0.4241744652240459,0.2786259421220815,0.2971995926538726,2021
11,2021-11-06 15:30:00,Bayern Munich,Freiburg,0.7372636931625678,0.15716013725319802,0.10557616958423416,2.8422821699391103,1.0504008952310873,0.24388402917472457,0.22447453882578508,0.703972126328094,-0.12772338388933216,0.04626733863209107,-0.24097947152437074,2,1,0.8189794994813797,0.11714009955907265,0.06388040095954761,0.7217866150880679,0.17031446658917054,0.10789891832276165,2021
11,2021-11-06 15:30:00,Bochum,Hoffenheim,0.21289162547829582,0.25874068912738174,0.5283676853943224,1.0350005244599456,1.7423838432853143,0.24388402917472457,0.22447453882578508,-0.42225785948928724,-0.011698775069433393,0.146927145547021,0.16444302575351283,2,0,0.251128207776114,0.2531212887902102,0.4957505034336759,0.3412024400805948,0.2600265805778853,0.39877097934151995,2021
11,2021-11-06 15:30:00,Stuttgart,Bielefeld,0.5413134627568812,0.26907207377105513,0.18961446347206368,1.6399611845675846,0.8807597130939406,0.24388402917472457,0.22447453882578508,0.035045058115998895,-0.008731052507086558,-0.4721169663325844,0.10126250354396966,0,1,0.48581581347244396,0.2718912365172485,0.24229295001030746,0.40968729437015416,0.27631076048209874,0.3140019451477471,2021
11,2021-11-06 15:30:00,Wolfsburg,Augsburg,0.6017719251150968,0.2393026919887702,0.15892538289613303,1.8962907589340292,0.8817030443970879,0.24388402917472457,0.22447453882578508,0.07824910197575084,0.093292075967226,-0.19565963528725333,-0.17412435791076328,1,0,0.6057257784178378,0.23342603168297169,0.16084818989919056,0.6129874571529177,0.20021190459317148,0.1868006382539108,2021
11,2021-11-06 18:30:00,RB Leipzig,Dortmund,0.469722328638396,0.24280663835573568,0.2874710330058682,1.887817207780725,1.449977725081331,0.24388402917472457,0.22447453882578508,0.24992397114425124,-0.08286129402136028,0.4511372804006652,-0.32347311527377887,2,1,0.5172859695245742,0.24166137465163193,0.24105265582379407,0.41109043667694334,0.24596515261864715,0.3429444107044095,2021
11,2021-11-07 15:30:00,Hertha,Leverkusen,0.2743461345450554,0.2624496141799559,0.46320425127498865,1.2522270985524255,1.6803739930221004,0.24388402917472457,0.22447453882578508,-0.12024865551482188,-0.12318626763655947,0.20545347724931315,0.06967887711021863,1,1,0.28250084921965113,0.27206757922006175,0.4454315715602871,0.3381158298813397,0.2490093553484038,0.4128748147702565,2021
11,2021-11-07 17:30:00,FC Koln,Union Berlin,0.33570372963908823,0.2789200858571891,0.3853761845037228,1.3225414541761469,1.4313142444600053,0.24388402917472457,0.22447453882578508,-0.10519167164543008,-0.08361166678323972,-0.009775814424966122,0.12448485952222056,2,2,0.4719880258572069,0.2724045177804451,0.255607456362348,0.35134657550701576,0.261097861788236,0.38755556270474817,2021
11,2021-11-07 19:30:00,Greuther Furth,Ein Frankfurt,0.1384980610338028,0.19309780332040719,0.6684041356457902,1.0420980327031841,2.414178197463426,0.24388402917472457,0.22447453882578508,-0.44582975255909546,0.018707204753438213,0.15399247882328693,0.48348243028902244,1,2,0.266388158605539,0.2591493499477798,0.47446249144668146,0.23924019455558065,0.1291172340459863,0.6316425713984329,2021
12,2021-11-19 20:30:00,Augsburg,Bayern Munich,0.10581172725526242,0.1606559451235609,0.7335323276211765,1.021593558703952,2.778838445450848,0.2369732594636043,0.22913725159452017,-0.21061534886355457,-0.23413144158401833,0.6965830923538989,0.08847666319430482,2,1,0.06950124780025384,0.12568598355478977,0.8048127686449563,0.07072921077972089,0.09863081711194943,0.8306399721083296,2021
12,2021-11-20 15:30:00,Bielefeld,Wolfsburg,0.2254248760078854,0.3103165577646864,0.46425856622742817,0.8354127396574265,1.309884738901488,0.2369732594636043,0.22913725159452017,-0.463831648339376,-0.1821082399846037,0.06546728114745343,-0.032501392840338206,2,2,0.24502984241487397,0.2818927390613594,0.4730774185237665,0.3351652672358526,0.1932724609412149,0.4715622718229326,2021
12,2021-11-20 15:30:00,Dortmund,Stuttgart,0.6994416913902218,0.16924977785540274,0.13130853075437549,2.773415198913701,1.1854793820240275,0.2369732594636043,0.22913725159452017,0.4451080886906856,0.10886088481959993,0.007034359470556915,-0.07386038435960782,2,1,0.7169063718127787,0.1765909077627065,0.10650272042451481,0.7328435059247235,0.15606764899059444,0.11108884508468209,2021
12,2021-11-20 15:30:00,Hoffenheim,RB Leipzig,0.2929583190282419,0.26382891863840435,0.4432127623333536,1.3057145797840877,1.6464458867618974,0.2369732594636043,0.22913725159452017,0.12415640529805907,-0.323516454727891,0.2523524558329778,0.009293241380788487,2,0,0.21916935660062095,0.23478584638297478,0.5460447970164042,0.3143768100764645,0.29001743385593615,0.3956057560675993,2021
12,2021-11-20 15:30:00,Leverkusen,Bochum,0.6843812149614932,0.2039416331804648,0.11167715185804203,2.1679860269228173,0.7755648561715192,0.2369732594636043,0.22913725159452017,0.1956704751989264,0.11201765215327676,-0.3713649202217055,-0.11977200767750905,1,0,0.6570223647443366,0.20183949764391695,0.14113813761174637,0.6278343651972481,0.20470863412097806,0.16745700068177397,2021
12,2021-11-20 15:30:00,M'gladbach,Greuther Furth,0.8092445051461264,0.1291895146293542,0.061565980224519284,2.971542626777817,0.7719449011414831,0.2369732594636043,0.22913725159452017,0.15002227662651998,0.4729484332424325,-0.4399650993529789,-0.055850263193448366,4,0,0.7551370425542762,0.15695974534270551,0.0879032121030184,0.5697120360872482,0.1758648995232659,0.25442306438948586,2021
12,2021-11-20 18:30:00,Union Berlin,Hertha,0.5149694615655953,0.2625870421787024,0.22244349625570226,1.7049297585912895,1.0529938330356234,0.2369732594636043,0.22913725159452017,0.0015897231620191365,0.06582367835954249,-0.1225689654329294,-0.06276691746234564,2,0,0.4821254753117975,0.2884013417272988,0.2294731829609036,0.6121674818519813,0.22094309999226366,0.16688941815575487,2021
12,2021-11-21 15:30:00,Freiburg,Ein Frankfurt,0.4629515736086366,0.2590976761132883,0.27795075027807514,1.7120391653621574,1.2884353717004153,0.2369732594636043,0.22913725159452017,0.04663994064031372,0.024934702723315313,0.15056040892713204,-0.13410507631843957,0,2,0.5038011025893325,0.2644259930717492,0.23177290433891815,0.47878050021202784,0.2881421208122781,0.233077378975694,2021
12,2021-11-21 17:30:00,Mainz,FC Koln,0.49180951159902625,0.26555144174485296,0.24263904665612068,1.6707282847815752,1.1155998938756337,0.2369732594636043,0.22913725159452017,-0.0922931763738449,0.13944229535259745,-0.08909866026292179,-0.03848231755710421,1,1,0.45405692297485567,0.27530462858532917,0.2706384484398151,0.4888212303415121,0.2794698632917529,0.23170890636673516,2021
13,2021-11-26 20:30:00,Stuttgart,Mainz,0.4303511504114469,0.273166629923007,0.2964822196655462,1.5488103101861725,1.2525281133129174,0.226206352933083,0.24038683613124132,0.008249471775380728,-0.03735556643495318,-0.09934321921971914,0.09830086577043301,2,1,0.3618594823032224,0.2894875858425779,0.34865293185419965,0.38074714212923033,0.22651842925778287,0.3927344286129868,2021
13,2021-11-27 15:30:00,Bochum,Freiburg,0.24297360208638233,0.2984526446153905,0.45857375329822736,0.9422854178415879,1.3848004186303688,0.226206352933083,0.24038683613124132,-0.4068629520999828,-0.1191772959234563,0.02265109895099104,0.07669857529959086,2,1,0.3046047093439489,0.29520332942592575,0.40019196123012535,0.3044280287511407,0.28616068849486137,0.40941128275399785,2021
13,2021-11-27 15:30:00,FC Koln,M'gladbach,0.30082641742476135,0.25822806134951115,0.4409455212257276,1.3727507987366676,1.6958702026950054,0.226206352933083,0.24038683613124132,-0.0863141825444989,-0.06346239749163446,0.1675198604188565,0.13446978965926087,4,1,0.31817551429231833,0.26901918483704446,0.41280530087063716,0.3407815980830577,0.2677708454957017,0.39144755642124063,2021
13,2021-11-27 15:30:00,Greuther Furth,Hoffenheim,0.1297052341894675,0.1928264813025824,0.67746828450795,0.9777484265334929,2.38504310013316,0.226206352933083,0.24038683613124132,-0.4763550031103628,-0.012741060574597526,0.13837937493339442,0.504631467645201,3,6,0.18513300759329981,0.21522234517054045,0.5996446472361597,0.2727896750974689,0.1730175064273688,0.5541928184751623,2021
13,2021-11-27 15:30:00,Hertha,Augsburg,0.44413378848568646,0.2829176855090074,0.27294852600530617,1.4863951157523054,1.1186400748192487,0.226206352933083,0.24038683613124132,-0.13709547702988342,0.06685609107978355,-0.18756800400935983,0.07347537971084972,1,1,0.4950249860808914,0.28017543200472733,0.22479958191438124,0.43406484094777,0.2992136444581624,0.26672151459406757,2021
13,2021-11-27 15:30:00,Wolfsburg,Dortmund,0.3614393019507969,0.2515935783148937,0.38696711973430964,1.605299119531141,1.6656532797402366,0.226206352933083,0.24038683613124132,0.08215219345140676,-0.07543527598885938,0.4411769257814671,-0.15716587203093343,1,3,0.3376682412000712,0.28626203134573197,0.376069727454197,0.3296770604187729,0.26583414766973723,0.4044887919114898,2021
13,2021-11-27 18:30:00,Bayern Munich,Bielefeld,0.8458139547911931,0.11005544408511224,0.04413060112369463,3.1211289079139473,0.6646570236248109,0.226206352933083,0.24038683613124132,0.6869961805031625,-0.01539460373099026,-0.422976659027619,-0.21171381922621507,1,0,0.8894407344943149,0.07611695667621714,0.034442308829467916,0.8013322074480835,0.10678221256107089,0.09188557999084558,2021
13,2021-11-28 15:30:00,Ein Frankfurt,Union Berlin,0.4726428774525214,0.2573793228577176,0.2699777996897608,1.7372240195333866,1.271911384417567,0.226206352933083,0.24038683613124132,0.16366787964112334,-0.07797262054330412,0.010303883455067126,0.004010559764577336,2,1,0.396593462575873,0.29408930609472433,0.30931723132940264,0.4616277815777694,0.2527185612367793,0.28565365718545116,2021
13,2021-11-28 17:30:00,RB Leipzig,Leverkusen,0.5173007709041791,0.25592267205590363,0.22677655703991728,1.7713039700068254,1.111065066061421,0.226206352933083,0.24038683613124132,0.234882438944778,-0.12975964643964,0.1840871681184436,-0.3049744467971046,1,3,0.4856612886291254,0.2440695761733105,0.2702691351975641,0.4743316721712873,0.26362660477938626,0.2620417230493265,2021
14,2021-12-03 20:30:00,Union Berlin,RB Leipzig,0.3041890171214319,0.2817762643718296,0.41403471850673834,1.2194379743848645,1.457442149689969,0.24225551374098425,0.23483451742428563,-0.0015298268536610468,-0.2771701284442878,0.21379573056038773,-0.07936829731144693,2,1,0.25772386420117704,0.26785907234392,0.47441706345490314,0.4251149858572241,0.29649679124235595,0.27838822290042003,2021
14,2021-12-04 15:30:00,Augsburg,Bochum,0.46559301875645137,0.2969905135811479,0.23741646766240088,1.4000843438455162,0.9309096229647851,0.24225551374098425,0.23483451742428563,-0.19828223165565895,0.05772468090084861,-0.36936066879917573,0.0555120734152221,2,3,0.42614513638703033,0.27792074112197634,0.2959341224909933,0.4131770515717054,0.30592915566854506,0.2808937927597495,2021
14,2021-12-04 15:30:00,Bielefeld,FC Koln,0.3490970124459114,0.31087181945550246,0.3400311680985861,1.1547635062623731,1.1364417908761961,0.24225551374098425,0.23483451742428563,-0.45145978467170944,0.11826532003193206,-0.0514726919207859,-0.06288067670421948,1,1,0.30850205554804966,0.27972052266893127,0.41177742178301907,0.3607102398494258,0.24626588099239619,0.3930238791581781,2021
14,2021-12-04 15:30:00,Hoffenheim,Ein Frankfurt,0.46333304566753414,0.23978240287656097,0.29688455145590487,1.9155692647382054,1.5113283547977,0.24225551374098425,0.23483451742428563,0.17870489295900546,-0.005780079484672626,0.15586463401097034,0.014868821525109707,3,2,0.4921245194096491,0.2499069825127124,0.25796849807763855,0.4219240899075861,0.2994249475286512,0.2786509625637627,2021
14,2021-12-04 15:30:00,Leverkusen,Greuther Furth,0.8721315331443487,0.0894189785696403,0.03844948828601102,3.554466431167475,0.7524403289451782,0.24225551374098425,0.23483451742428563,0.2021860125356787,0.5889289186040104,-0.3808691044935914,-0.14581999183349872,7,1,0.7978455751239648,0.13043796868511687,0.0717164561909182,0.5828766699654366,0.17245760574255936,0.244665724292004,2021
14,2021-12-04 15:30:00,Mainz,Wolfsburg,0.3412970700592013,0.29216730726237095,0.36653562267842776,1.2484451737130684,1.3018639527044473,0.24225551374098425,0.23483451742428563,-0.11432968966350411,-0.1408614254543273,0.06155709382894907,-0.04001556025353089,3,0,0.43038727843951685,0.2831161153156704,0.28649660624481266,0.36738415926311246,0.29068230932211975,0.34193353141476773,2021
14,2021-12-04 18:30:00,Dortmund,Bayern Munich,0.34741006046853073,0.21236260213379357,0.4402273373976754,1.9936124607641776,2.241186045776854,0.24225551374098425,0.23483451742428563,0.44561418964784766,-0.2327559208383388,0.6547067717592365,-0.08995707503903631,2,3,0.271207847572352,0.2313435615436448,0.49744859088400323,0.2923125131423088,0.2356615224684411,0.47202596438924993,2021
14,2021-12-05 15:30:00,Stuttgart,Hertha,0.48923944496959154,0.25956828456791275,0.25119227046249565,1.7266132967522845,1.1862387626761213,0.24225551374098425,0.23483451742428563,0.005729740578222441,0.06334208616526622,-0.15833202219960751,0.08686410637461373,2,2,0.46034437395854644,0.2751483614464875,0.26450726459496593,0.3862541165761658,0.30147767893719724,0.31226820448663695,2021
14,2021-12-05 17:30:00,M'gladbach,Freiburg,0.4647399401597533,0.2624407464581852,0.27281931338206167,1.681837404805256,1.2469001514329618,0.24225551374098425,0.23483451742428563,0.14896161686711698,-0.10616475892759261,0.007026501598518546,-0.028621422871547352,0,6,0.5273208738605693,0.25255894484900954,0.22012018129042113,0.44567423993766814,0.28058359779633585,0.27374216226599596,2021
15,2021-12-10 20:30:00,FC Koln,Augsburg,0.46918232396341353,0.267359520648962,0.2634581553876244,1.6402071801069993,1.1811833050933938,0.26097533075851875,0.22970504565037075,-0.06836163981940997,0.07250382660128535,-0.19644686118147323,0.101988267358173,0,2,0.560438337876175,0.23780386048840182,0.201757801635423,0.44093728675393934,0.30320829143472167,0.2558544218113391,2021
15,2021-12-11 15:30:00,Bayern Munich,Mainz,0.7712397390426016,0.14488321397130602,0.08387704698609244,2.901671898651291,0.9217380556545387,0.26097533075851875,0.22970504565037075,0.6455913569443577,-0.07098464570646344,-0.0994126120443374,-0.24305691900121437,2,1,0.7877639395987076,0.1347927077574226,0.07744335264386973,0.7841576533193839,0.1054380144989237,0.11040433218169239,2021
15,2021-12-11 15:30:00,Bochum,Dortmund,0.18010880289911346,0.2202321258925293,0.5996590712083572,1.1177507591202762,2.1481453769812417,0.26097533075851875,0.22970504565037075,-0.2913105209418419,-0.0880514401849998,0.4340105221373041,0.06961900161946165,1,1,0.14909482685488387,0.20214119683062148,0.6487639763144947,0.3588789207585796,0.15101667366309002,0.4901044055783304,2021
15,2021-12-11 15:30:00,Freiburg,Hoffenheim,0.4612447014542814,0.2541282052899161,0.28462709325580227,1.7593500223779877,1.3487298414721185,0.26097533075851875,0.22970504565037075,0.06251425898234751,0.011749799981712853,0.17984686095196287,-0.14165890031380793,1,2,0.42235649315613644,0.2770951559145751,0.30054835092928833,0.4544663198931602,0.2804266875047184,0.26510699260212134,2021
15,2021-12-11 15:30:00,Hertha,Bielefeld,0.4528650770682586,0.3116477068660326,0.235487216065709,1.2935060533930518,0.8616280008895407,0.26097533075851875,0.22970504565037075,-0.15783385199384914,-0.07549012192657299,-0.4654439309619391,0.055536945246556516,2,0,0.4769012182426919,0.2869974397209014,0.2361013420364066,0.3968123140381398,0.28859758048882633,0.3145901054730339,2021
15,2021-12-11 15:30:00,RB Leipzig,M'gladbach,0.5804339658618609,0.22973293487302862,0.18983309926511044,2.0439824730130702,1.1057401413296593,0.26097533075851875,0.22970504565037075,0.19399600648255635,0.030223714566413352,0.11412996465103303,-0.2745903735051474,4,1,0.5192557559378409,0.24758328569201185,0.23316095837014705,0.4715038798240065,0.2264660699462026,0.30203005022979096,2021
15,2021-12-11 18:30:00,Wolfsburg,Stuttgart,0.5246883319387343,0.24979848196389193,0.22551318609737367,1.8357841905019276,1.144785447624851,0.26097533075851875,0.22970504565037075,0.028713887135295425,0.08807747844575514,-0.00243674732400461,-0.12332134597353889,0,2,0.484009348112387,0.27459556139327396,0.2413950904943391,0.5255611805309861,0.241673732561954,0.23276508690705996,2021
15,2021-12-12 15:30:00,Greuther Furth,Union Berlin,0.12823002817251805,0.1857130488972024,0.6860569229302795,1.0183777896770834,2.4838599574283604,0.26097533075851875,0.22970504565037075,-0.3770854620396625,-0.09538395538263024,-0.00039876167347584104,0.6492372155500231,1,0,0.24182862495006957,0.2645418107188606,0.49362956433106986,0.3034848933347394,0.19641925084250525,0.5000958558227554,2021
15,2021-12-12 17:30:00,Ein Frankfurt,Leverkusen,0.3742720757970813,0.2517496584188068,0.37397826578411186,1.6353775446004957,1.6346830831059203,0.26097533075851875,0.22970504565037075,0.14983719393401118,-0.1486438785215044,0.23120748289336354,-0.0007338610534420777,5,2,0.3127731982152311,0.2623534750056719,0.42487332677909706,0.4537416608906664,0.21075559159818938,0.33550274751114423,2021
16,2021-12-14 18:30:00,Stuttgart,Bayern Munich,0.167401420192822,0.18772039423063913,0.6448781855765389,1.303470829062668,2.5941075224833017,0.2543289019611444,0.23565844570445618,0.014316734617112869,-0.23927350707329956,0.638528877055218,0.06038475647501203,0,5,0.10268319481024704,0.1595775440145936,0.7377392611751594,0.09002533327147413,0.13255110964833247,0.7774235570801934,2021
16,2021-12-14 20:30:00,Bielefeld,Bochum,0.3650068519972994,0.3396696551707228,0.29532349283197756,1.038585161569691,0.906927680704935,0.2543289019611444,0.23565844570445618,-0.4868254376094006,0.03469745531593321,-0.29267064581226887,-0.05935082280903339,2,0,0.42598533455545373,0.28357011915673697,0.2904445462878094,0.365676351100285,0.26637341700334083,0.36795023189637416,2021
16,2021-12-14 20:30:00,Mainz,Hertha,0.4821079542570229,0.27870327978711495,0.23918876595586192,1.5503219045725602,1.0277436846677135,0.2543289019611444,0.23565844570445618,-0.09675962436661607,0.045234866438981856,-0.14539184320145387,-0.08157125679642538,4,0,0.488358584636236,0.2798780192652113,0.23176339609855268,0.4471752580657312,0.30077355781769244,0.2520511841165764,2021
16,2021-12-14 20:30:00,Wolfsburg,FC Koln,0.546578309610043,0.24923420268888877,0.2041874877010682,1.8366419027843686,1.052211041383068,0.2543289019611444,0.23565844570445618,0.0028535101064192775,0.1150979935762838,-0.0950475088087611,-0.10838768927657375,2,3,0.44028612431608216,0.26885819355996055,0.2908556821239573,0.5390304520846813,0.240982244500196,0.21998730341512276,2021
16,2021-12-15 18:30:00,M'gladbach,Ein Frankfurt,0.41753248293810963,0.23935144291118846,0.3431160741507019,1.8529212548727316,1.6707312551232285,0.2543289019611444,0.23565844570445618,0.11693183200791515,0.00984427070553376,0.19733239615025755,0.061600109796263465,2,3,0.46345101219264967,0.2592820527672391,0.27726693504011124,0.39320796631577626,0.3112737004872117,0.29551833319701204,2021
16,2021-12-15 20:30:00,Augsburg,RB Leipzig,0.21995536444131655,0.26366676457733024,0.5163778709813532,1.036572181474872,1.694648732353175,0.2543289019611444,0.23565844570445618,-0.1821323878087953,-0.27193566975940026,0.2207454249988991,0.0524011548459525,1,1,0.1371801850843767,0.195971692977681,0.6668481219379423,0.32137796489865117,0.2347776331951425,0.4438444019062063,2021
16,2021-12-15 20:30:00,Dortmund,Greuther Furth,0.9276467261708699,0.05103634857870821,0.021316925250421885,4.520088640948902,0.8093635228019341,0.2543289019611444,0.23565844570445618,0.4205800599939205,0.597964196821732,-0.37800690184960617,-0.08782911462824902,3,0,0.8595434618949129,0.09753684673984829,0.042919691365238634,0.6504691590020885,0.1968581643970434,0.15267267660086822,2021
16,2021-12-15 20:30:00,Leverkusen,Hoffenheim,0.5179870623246177,0.22890082073692575,0.2531121169384565,2.0838452567703403,1.427333059918652,0.2543289019611444,0.23565844570445618,0.24068706095285503,0.0035404595264950816,0.1913568474215988,-0.0898780394396725,2,2,0.5081319076287178,0.23712822356006827,0.25473986881121397,0.5561012743892866,0.23962742700313971,0.2042712986075737,2021
16,2021-12-15 20:30:00,Union Berlin,Freiburg,0.38848051002234896,0.2873348738230413,0.3241846161546096,1.375562110592771,1.2379223410439166,0.2543289019611444,0.23565844570445618,-0.041782015050139856,-0.12934287733219538,0.0546165906955604,-0.09551104972865733,0,0,0.3859444874906096,0.29478582019988286,0.3192696923095077,0.47212646408476366,0.2641524793323692,0.2637210565828672,2021
17,2021-12-17 20:30:00,Bayern Munich,Wolfsburg,0.7572354503062388,0.1487887509173303,0.09397579877643093,2.914696771219814,1.0024355515189156,0.2538600540757723,0.23133444675744008,0.6610123377251151,-0.07644104776196235,0.008706944668565348,-0.2601344083739773,4,0,0.8072517011727234,0.12221749674243522,0.07053080208484147,0.7647754871138348,0.11170573741437431,0.12351877547179092,2021
17,2021-12-18 15:30:00,Bochum,Union Berlin,0.28689315892447337,0.304961726103151,0.40814511497237566,1.0407388253835943,1.2881766895970528,0.2538600540757723,0.23133444675744008,-0.32736469535468127,-0.11789893552360646,-0.06425909940681639,0.06362684496887457,0,1,0.2636736428966685,0.28145808215362855,0.45486827494970306,0.37615217188353606,0.2634125116318281,0.36043531648463584,2021
17,2021-12-18 15:30:00,Ein Frankfurt,Mainz,0.5029601088590002,0.24993310644457298,0.24710678469642675,1.8311318464279598,1.2356030247020624,0.2538600540757723,0.23133444675744008,0.21604136553565012,-0.09630159538910671,-0.055713408003495474,0.013412483949190708,1,0,0.38371268803654407,0.2855005119319524,0.3307868000315035,0.6128838986417152,0.1840273468134224,0.20308875454486236,2021
17,2021-12-18 15:30:00,Greuther Furth,Augsburg,0.21171396944898635,0.244161944490067,0.5441240860609465,1.1191809931742709,1.8943061685765639,0.2538600540757723,0.23133444675744008,-0.4138197596539571,0.04122242053519483,-0.18384317065124495,0.568835750110676,0,0,0.27969298816183163,0.27409912839859507,0.44620788343957335,0.35080612424548163,0.28243445422118,0.36675942153333846,2021
17,2021-12-18 15:30:00,Hoffenheim,M'gladbach,0.5253802380600345,0.2239397535407976,0.250680008399168,2.1510987208530064,1.460499218087934,0.2538600540757723,0.23133444675744008,0.20049519452056205,0.08028904920781234,0.12119117187412758,0.003727081522752601,1,1,0.48459570914026207,0.24047606618990447,0.27492822466983347,0.5352549830622619,0.25977885119067534,0.20496616574706275,2021
17,2021-12-18 15:30:00,RB Leipzig,Bielefeld,0.6627395528623268,0.23077387634726848,0.10648657079040488,1.8637507910240123,0.6193989740849101,0.2538600540757723,0.23133444675744008,0.2130646989550416,-0.07566818826550353,-0.4594894246749506,-0.27337629714986134,0,2,0.7890691542609327,0.1395165751012084,0.07141427063785889,0.6069196632956105,0.20398854517921336,0.18909179152517613,2021
17,2021-12-18 18:30:00,Hertha,Dortmund,0.21412647688482914,0.22758492123306728,0.5582886018821035,1.24892792328251,2.0916916457531904,0.2538600540757723,0.23133444675744008,-0.16082913610565366,-0.1020798427892863,0.4060948467965828,0.07801823759883589,3,2,0.18883336954160332,0.2262437540734304,0.5849228763849664,0.2517678674898009,0.20183131318640596,0.5464008193237931,2021
17,2021-12-19 15:30:00,Freiburg,Leverkusen,0.3988366117620066,0.2668975417184441,0.3342658465195495,1.55214550652134,1.4061291095366213,0.2538600540757723,0.23133444675744008,0.03666834599472267,-0.08222467525966422,0.240716061003076,-0.1537354983553268,2,1,0.3651695891861588,0.26826704456972,0.3665633662441212,0.4080704659752741,0.28353502993862056,0.3083945040861054,2021
17,2021-12-19 17:30:00,FC Koln,Stuttgart,0.4251315330329443,0.2562628672889024,0.3186055996781534,1.6922085130525937,1.4445358831040946,0.2538600540757723,0.23133444675744008,-0.05787517252212264,0.09871515994482778,-0.004666976462939819,0.11859500419634109,1,0,0.48554232493576505,0.24652535570192197,0.26793231936231293,0.43711193013389704,0.29346196259555685,0.26942610727054606,2021
18,2022-01-07 20:30:00,Bayern Munich,M'gladbach,0.8017611298970575,0.12018002876071608,0.07805884134222627,3.4040962224569697,1.0996936372724573,0.24129120012461558,0.23765137295286776,0.6746461679555439,0.07139073674537812,0.1214944592155078,-0.2677540298978422,1,2,0.7279151943462897,0.15547703180212016,0.1166077738515901,0.7591753911231586,0.11670120970150687,0.1241233991753346,2021
18,2022-01-08 15:30:00,Freiburg,Bielefeld,0.5552565021642677,0.2804103030258336,0.16433319480989866,1.5341981290788225,0.7249148363286725,0.24129120012461558,0.23765137295286776,0.05070412963582609,-0.10163884964771004,-0.41125653205674606,-0.15173576622800136,2,2,0.5412256547711617,0.25961230594714263,0.19916203928169568,0.5616329012460758,0.24887687725943847,0.1894902214944857,2021
18,2022-01-08 15:30:00,Greuther Furth,Stuttgart,0.18445707216131815,0.2224412709035683,0.5931016569351133,1.1269274700314922,2.126646343906582,0.24129120012461558,0.23765137295286776,-0.4533648507963221,0.09391715403424061,-0.022954751852053923,0.5362098042135872,0,0,0.27731603486722073,0.2797486316643016,0.4429353334684775,0.3902915137595378,0.2875299138086581,0.3221785724318041,2021
18,2022-01-08 15:30:00,Hoffenheim,Augsburg,0.5911289607897147,0.23067310169895328,0.17819793751133195,2.0186918390305477,1.0365139789001512,0.24129120012461558,0.23765137295286776,0.191829302597941,0.03167782151103318,-0.20897649487064485,0.003548434186651538,3,1,0.6298377861278854,0.2132190278205759,0.15694318605153867,0.5578681248688265,0.30204544431873814,0.14008643081243538,2021
18,2022-01-08 15:30:00,Leverkusen,Union Berlin,0.5253414585604295,0.25197794941453516,0.2226805920250356,1.8124042129062399,1.118342087064439,0.24129120012461558,0.23765137295286776,0.24260359956803765,-0.1268919143470655,-0.06165991434981404,-0.0677839765705215,2,2,0.5360362751741776,0.24539768096209158,0.21856604386373077,0.4995115583014933,0.22771722607685654,0.2727712156216502,2021
18,2022-01-08 15:30:00,RB Leipzig,Mainz,0.5603162818027257,0.25428942989803294,0.18539428829924143,1.7747811209038094,0.9358217663646659,0.24129120012461558,0.23765137295286776,0.19694318401426006,-0.10220865393480262,-0.06796835131384739,-0.23965308999817883,4,1,0.5453840987756366,0.24549258666115614,0.2091233145632071,0.5577307034593709,0.21749966887339078,0.2247696276672383,2021
18,2022-01-08 18:30:00,Ein Frankfurt,Dortmund,0.3733810184116808,0.22920969033873662,0.3974092912495824,1.8663767158789966,1.927169642071532,0.24129120012461558,0.23765137295286776,0.211084903995052,-0.06602851084372534,0.4123956881476199,0.002365531572454017,2,3,0.23766233766233769,0.23766233766233769,0.5246753246753246,0.4842832598454362,0.25347936670901555,0.2622373734455483,2021
18,2022-01-09 15:30:00,Hertha,FC Koln,0.42943632042727453,0.268442970719227,0.30212070885349845,1.5877067507158495,1.3021033661065426,0.24129120012461558,0.23765137295286776,-0.12140999351247853,0.10475810041104709,-0.062407965414529115,0.0850976961758526,1,3,0.33505428892348316,0.2751886811043017,0.38975702997221506,0.40864071670200425,0.2934672151619718,0.297892068136024,2021
18,2022-01-09 17:30:00,Bochum,Wolfsburg,0.2810887847768681,0.2966169926179025,0.4222942226052293,1.0675816046716349,1.3612855813833862,0.24129120012461558,0.23765137295286776,-0.3606963197600909,-0.05285034546122446,0.0016926040728328041,0.06544572948328187,1,0,0.29012437384530404,0.2849589547263966,0.42491667142829936,0.4222886515411392,0.19202437971771916,0.38568696874114156,2021
19,2022-01-14 20:30:00,Dortmund,Freiburg,0.5676856394546645,0.2222945049739006,0.21001985557143477,2.157115588150153,1.2690734629948737,0.2439038692763439,0.23213813504424996,0.4228077869257564,-0.13007783781558208,0.057356092334093785,-0.0629728840928817,5,1,0.6554955620680678,0.19064213558154963,0.15386230235038248,0.665947516755548,0.20355297422302768,0.13049950902142438,2021
19,2022-01-15 15:30:00,FC Koln,Bayern Munich,0.1412566477186075,0.1759632825838365,0.6827800696975561,1.208491028958969,2.7002650299281448,0.2439038692763439,0.23213813504424996,-0.0347584857549015,-0.2519110207177617,0.6525734004262028,0.09687265772308079,0,4,0.14986824769433466,0.16716073781291174,0.6829710144927537,0.1473419102030601,0.13623677809708407,0.7164213116998559,2021
19,2022-01-15 15:30:00,Mainz,Bochum,0.5309575372151772,0.28006224137390795,0.1889802214109148,1.546761906218287,0.828555369672517,0.2439038692763439,0.23213813504424996,-0.06707002502401514,0.02719167367397785,-0.36334192142164323,-0.06863356097518353,1,0,0.5818845872899927,0.24937910883856826,0.16873630387143898,0.531901056331614,0.2538536420804037,0.21424530158798227,2021
19,2022-01-15 15:30:00,Stuttgart,RB Leipzig,0.25364608159526947,0.26002532049341387,0.48632859791131683,1.1926392088330342,1.7205882151000564,0.2439038692763439,0.23213813504424996,-0.06221251605415771,-0.23766081433240147,0.2240835986159679,0.07467874999261828,0,2,0.16690856313497823,0.23222060957910015,0.6008708272859217,0.30457602108445797,0.241504975675445,0.45391900324009693,2021
19,2022-01-15 15:30:00,Union Berlin,Hoffenheim,0.4007359543175042,0.2687243553252205,0.3305396903572754,1.5401989835191288,1.3822972793548747,0.2439038692763439,0.23213813504424996,-0.04729425000498313,0.003163863840380315,0.2030180937375951,-0.12317515272934014,2,1,0.3283193066197713,0.2819683456852154,0.3897123476950132,0.4086666030203736,0.2904656084258941,0.30086778855373236,2021
19,2022-01-15 15:30:00,Wolfsburg,Hertha,0.5251388015604377,0.2575595846824199,0.2173016137571423,1.754609875188162,1.0608366899312385,0.2439038692763439,0.23213813504424996,-0.020041683484127406,0.10624621803045745,-0.13074293498776843,-0.05410300739798031,0,0,0.4916499665998664,0.2778891115564462,0.23046092184368733,0.4015705880356853,0.28151832440813085,0.31691108755618386,2021
19,2022-01-15 18:30:00,M'gladbach,Leverkusen,0.3868749268147936,0.24423848613200844,0.36888658705319793,1.737659985234351,1.694195410474247,0.2439038692763439,0.23213813504424996,0.1315149596708034,-0.055017591940770445,0.24437862709077937,0.038925447681144094,1,2,0.36657083115525346,0.25679560899111337,0.37663355985363306,0.410574503576541,0.28364576378168405,0.30577973264177494,2021
19,2022-01-16 15:30:00,Augsburg,Ein Frankfurt,0.2980578382387825,0.26284630673679904,0.43909585502441867,1.3293350835491993,1.6503211911795286,0.2439038692763439,0.23213813504424996,-0.20886378702053324,0.017500662742289515,0.21158823335327448,0.04547782765974069,1,1,0.3201062593391998,0.2800929769217998,0.39980076373900053,0.2869971610000017,0.262455450504248,0.45054738849575027,2021
19,2022-01-16 17:30:00,Bielefeld,Greuther Furth,0.62679152056278,0.24318595943013455,0.1300225200070853,1.806269488245329,0.705855958365874,0.2439038692763439,0.23213813504424996,-0.37669344557905143,0.49191510341883293,-0.5006551330496554,-0.09159282350902619,2,2,0.4834246704693692,0.2790614715829011,0.23751385794772975,0.5984042003986422,0.22800027704053538,0.17359552256082242,2021
20,2022-01-21 20:30:00,Ein Frankfurt,Bielefeld,0.5864583843365594,0.24572535948398533,0.16781625617945517,1.8429606671879686,0.8946883999668939,0.24382172648701309,0.22817675011744945,0.20396144443824535,-0.06458658431473545,-0.36889413396034265,0.013792629683945198,0,2,0.5577583097739461,0.2511372494270124,0.19110444079904132,0.647680361086903,0.2024945168469955,0.1498251220661014,2021
20,2022-01-22 15:30:00,Freiburg,Stuttgart,0.5393061379267823,0.24964444231113428,0.21104941976208344,1.8348912799339454,1.081206455648478,0.24382172648701309,0.22817675011744945,0.05612381426247391,0.07886294089196523,-0.08280467077808225,-0.08293954948854843,2,0,0.517926998803789,0.2691474572435421,0.21292554395266886,0.5516086585332557,0.2333323435504177,0.21505899791632666,2021
20,2022-01-22 15:30:00,Greuther Furth,Mainz,0.16763765076915887,0.23549004923618022,0.5968722999946608,0.9498098049620457,1.9498314874451426,0.24382172648701309,0.22817675011744945,-0.44403008347603007,-0.07946191286284983,-0.0744182545919723,0.49833948025167824,2,1,0.21656555521081575,0.2742750011552451,0.5091594436339392,0.34913798987789446,0.19854347238620956,0.452318537735896,2021
20,2022-01-22 15:30:00,Hoffenheim,Dortmund,0.3499950127348854,0.22545881224601916,0.4245461750190954,1.8404497266907125,2.0310525665062067,0.24382172648701309,0.22817675011744945,0.2002703786783508,-0.06225889684707437,0.4538626853716326,0.010869752485516936,2,3,0.2756924404095591,0.23230258901338152,0.4920049705770594,0.3648674883174119,0.2571083744822814,0.3780241372003067,2021
20,2022-01-22 15:30:00,Leverkusen,Augsburg,0.6318593029835228,0.2167162315305606,0.15142446548591654,2.1361635165681836,0.9682453813238026,0.24382172648701309,0.22817675011744945,0.24832861846292914,0.03868437580100874,-0.2125352978621215,-0.06355615935129776,5,1,0.6693152153510037,0.194536739421125,0.13614804522787127,0.6093234957419119,0.22640487618816058,0.16427162806992746,2021
20,2022-01-22 15:30:00,M'gladbach,Union Berlin,0.43518849421683947,0.2682987336570896,0.2965127721260708,1.596592227748396,1.2856773184344037,0.24382172648701309,0.22817675011744945,0.12283898828814144,-0.12696596467664756,-0.03769035243193702,0.04515430148367682,1,2,0.47551285213344346,0.2723022315635958,0.25218491630296075,0.42966444283377586,0.2626547517137679,0.3076808054524563,2021
20,2022-01-22 18:30:00,Bochum,FC Koln,0.34670192695784996,0.2995623949474771,0.353735678094673,1.2148772336577875,1.2294916982078892,0.24382172648701309,0.22817675011744945,-0.3942417135236972,0.11688626634966877,-0.051824068686467106,0.014603172681503537,2,2,0.29326065973996485,0.27477431442684386,0.4319650258331914,0.39005467840634206,0.2975138051909435,0.3124315164027144,2021
20,2022-01-23 15:30:00,RB Leipzig,Wolfsburg,0.5827531953523744,0.2429186938691526,0.17432811077847296,1.8793295106119512,0.9431338548515494,0.24382172648701309,0.22817675011744945,0.2285090170556836,-0.06959242372214737,-0.046045457621248766,-0.2563233295279285,2,0,0.6297253282141331,0.21953727038657847,0.15073740139928854,0.6219839533611984,0.19778918030419934,0.18022686633460233,2021
20,2022-01-23 17:30:00,Hertha,Bayern Munich,0.11664663410514228,0.16907911619584823,0.7142742496990095,1.052951094975322,2.696616023082052,0.24382172648701309,0.22817675011744945,-0.14899578415438952,-0.27140590389498087,0.6629629961341883,0.08521293953628128,1,4,0.07586181496142413,0.12852956366628468,0.7956086213722912,0.1063812499229946,0.18730866860194098,0.7063100814750645,2021
21,2022-02-04 20:30:00,Hertha,Bochum,0.4624266342168472,0.2918754345939706,0.2456979311891822,1.43476930359358,0.9825355534404596,0.24957619232925848,0.22844623504514408,-0.15345907450988125,0.036440719376853004,-0.36734869747358584,0.1001537559587304,1,1,0.41997013408870487,0.2808011453730929,0.2992287205382022,0.40749421475054276,0.29077043622052906,0.3017353490289282,2021
21,2022-02-05 15:30:00,Augsburg,Union Berlin,0.3020564922256942,0.2956568697386782,0.4022866380356275,1.13084077893403,1.3404856538425451,0.24957619232925848,0.22844623504514408,-0.21572588067256585,-0.1393351384931534,-0.03184059974558168,0.07529638395859817,2,0,0.34078946842565916,0.2964762867727871,0.36273424480155386,0.3340109334688448,0.24427918230947027,0.42170988422168487,2021
21,2022-02-05 15:30:00,Bielefeld,M'gladbach,0.33021482272014074,0.2954461669663651,0.3743390103134939,1.2027082651999976,1.2952858906943434,0.24957619232925848,0.22844623504514408,-0.34443764449786585,0.050991118638488965,0.10953513290628213,-0.10037988943411255,1,1,0.26792333257186657,0.27964009638696274,0.45243657104117085,0.40399808848988605,0.2827428836316138,0.31325902787850013,2021
21,2022-02-05 15:30:00,FC Koln,Freiburg,0.334927699646993,0.26884404339568646,0.39622825695732067,1.393174987819591,1.5310708191815383,0.24957619232925848,0.22844623504514408,-0.04482765029131214,-0.10160947077818629,0.052409166557507214,0.12398201353251326,1,0,0.37876730925875646,0.27776269345642135,0.3434699972848221,0.38807228228940344,0.2607393139875684,0.3511884037230281,2021
21,2022-02-05 15:30:00,Mainz,Hoffenheim,0.3750554797259586,0.26761095739776214,0.3573335628762793,1.4991194732144817,1.4590757540516914,0.24957619232925848,0.22844623504514408,-0.0938812130892215,0.020736703603532376,0.19487311659462742,-0.06664611883141244,2,0,0.3547121352643218,0.2825140900335307,0.36277377470214733,0.3665846204300516,0.26286541689117743,0.37054996267877105,2021
21,2022-02-05 15:30:00,Stuttgart,Ein Frankfurt,0.3365401138708874,0.2574601439089968,0.40599974222011614,1.4874284295684181,1.6486916201391137,0.24957619232925848,0.22844623504514408,-0.105848224297557,0.02487453962740549,0.17344895967902862,0.0769568638556664,2,3,0.3892731521918745,0.28165057482117983,0.3290762729869455,0.3035336906833615,0.27087467977059526,0.4255916295460432,2021
21,2022-02-05 18:30:00,Bayern Munich,RB Leipzig,0.6238271907589519,0.20209047301174568,0.1740823362293024,2.385279499411315,1.2210399873881013,0.24957619232925848,0.22844623504514408,0.6644687356197216,-0.2731748549912399,0.22269625033585735,-0.27256949836920347,3,2,0.6810179905422423,0.1765138541662797,0.142468155291478,0.7224410958699408,0.13274749226353444,0.14481141186652483,2021
21,2022-02-06 15:30:00,Dortmund,Leverkusen,0.5476052668382922,0.20776053057939498,0.24463420258231278,2.3899374641795377,1.5900787001406989,0.24957619232925848,0.22844623504514408,0.45581479866775143,-0.06257002605631663,0.275780421335577,-0.06157310171379295,2,5,0.4853707664513986,0.23847000436073673,0.2761592291878647,0.6667054544864489,0.17926672688734033,0.15402781862621084,2021
21,2022-02-06 17:30:00,Wolfsburg,Greuther Furth,0.725369900254982,0.17860641611567696,0.09602368362934095,2.425721271298433,0.7974954214079388,0.24957619232925848,0.22844623504514408,-0.0674715778102315,0.47557806206457787,-0.40522348320707857,-0.07063189464306598,4,1,0.604471577181878,0.23581854122157223,0.15970988159654975,0.5336814119204394,0.26897772234927564,0.19734086573028495,2021
22,2022-02-11 20:30:00,RB Leipzig,FC Koln,0.6616596126668646,0.20406612572757957,0.13427426160555567,2.24806469254156,0.9352914093552319,0.2517649033685842,0.23056060039498466,0.22897545024163463,0.09876875543314623,-0.055129671330310305,-0.2635323625304247,3,1,0.6695469819853963,0.19149043684782333,0.13896258116678034,0.609609289468868,0.23708869125450335,0.15330201927662854,2021
22,2022-02-12 15:30:00,Bochum,Bayern Munich,0.09704815076824563,0.16980522456750827,0.7331466246642462,0.865000524350977,2.564995156113076,0.2517649033685842,0.23056060039498466,-0.3678470417769277,-0.25950362785098213,0.6674718797351757,0.022719807062248604,4,2,0.0766433819646656,0.12562675075310673,0.7977298672822277,0.10400744060290641,0.10685730243431828,0.7891352569627754,2021
22,2022-02-12 15:30:00,Ein Frankfurt,Wolfsburg,0.4939570133271337,0.2505127654624528,0.25553022121041347,1.8212381040379462,1.2656429096110586,0.2517649033685842,0.23056060039498466,0.18747878716957356,-0.07028774418398687,-0.04563515531616785,0.029450473964028327,0,2,0.4475755456696076,0.28337623305708887,0.26904822127330347,0.5159455030226988,0.2572962153404984,0.22675828163680278,2021
22,2022-02-12 15:30:00,Freiburg,Mainz,0.46707302316815713,0.2819748300100332,0.25095214682180955,1.514199622710755,1.0514042253010651,0.2517649033685842,0.23056060039498466,0.025678803586207558,-0.09311730983011708,-0.0900311663821397,-0.11160710885337373,1,1,0.44958795175370403,0.2901885870410271,0.2602234612052689,0.4642503754494304,0.28742436782986047,0.24832525672070913,2021
22,2022-02-12 15:30:00,Greuther Furth,Hertha,0.24275815323811226,0.2525482252692445,0.5046936214926435,1.199596840443198,1.8039802300650158,0.2517649033685842,0.23056060039498466,-0.3978041894208269,0.09746421970455747,-0.16318043176604471,0.5014109910338382,2,1,0.3479128080923209,0.28836016526570735,0.36372702664197176,0.40413139150827365,0.18249207097601897,0.41337653751570735,2021
22,2022-02-12 15:30:00,M'gladbach,Augsburg,0.5485529971122629,0.24413846122011865,0.2073085416676185,1.8926812834329032,1.0985846696624926,0.2517649033685842,0.23056060039498466,0.10186795153341956,0.053801036898183316,-0.2021558781668878,0.04441366219667693,3,2,0.6191095152083691,0.21044292731863423,0.1704475574729968,0.5550939572432818,0.23140899565083956,0.21349704710587858,2021
22,2022-02-12 18:30:00,Leverkusen,Stuttgart,0.662523299760436,0.19297644104837552,0.14450025919118847,2.437144427365944,1.0877751394377992,0.2517649033685842,0.23056060039498466,0.31303768207677407,0.0954638514561573,-0.09856602564256992,-0.06906442396298156,4,2,0.701507992375925,0.17699188757919287,0.12150012004488207,0.7267677719093758,0.16837175861322762,0.10486046947739656,2021
22,2022-02-13 15:30:00,Union Berlin,Dortmund,0.3205175963319312,0.24884215239884358,0.4306402512692251,1.5126229633033967,1.7741724041767337,0.2517649033685842,0.23056060039498466,-0.05620791431215023,-0.01227238378123421,0.45004689370671236,-0.12847773404482862,0,3,0.2692835753126993,0.2662998237856888,0.4644166009016119,0.38069819998852855,0.2452462662091436,0.3740555338023278,2021
22,2022-02-13 17:30:00,Hoffenheim,Bielefeld,0.5506940761664223,0.2596976579685274,0.18960826586505025,1.7254508803262902,0.927018468088055,0.2517649033685842,0.23056060039498466,0.1714857594316448,-0.10832286696636646,-0.3513351895695288,0.02378849501130008,2,0,0.6472398085485592,0.20424625088525963,0.14851394056618103,0.5671809618493099,0.24019514959276264,0.19262388855792745,2021
23,2022-02-18 20:30:00,Mainz,Leverkusen,0.32285488525966644,0.2633856413956038,0.41375947334472996,1.4011189971475113,1.6084440288674637,0.25827648044988105,0.2336555618964278,-0.09730656830324051,-0.057354273002152824,0.32239633443669985,-0.10540554489332073,3,2,0.31105895713068993,0.2655171761143182,0.42342386675499194,0.3200017476821289,0.2668613498455203,0.41313690247235074,2021
23,2022-02-19 15:30:00,Augsburg,Freiburg,0.3106840251275623,0.2874006843451743,0.4019152905272632,1.2023612183969434,1.3973712428615497,0.25827648044988105,0.2336555618964278,-0.19197046781960364,-0.11567426908578879,0.010258615154092167,0.066057692289109,1,2,0.2995306609217512,0.2819112102792952,0.41855812879895365,0.3748830658053856,0.2639850959323773,0.36113183826223705,2021
23,2022-02-19 15:30:00,Bielefeld,Union Berlin,0.3187311795819495,0.3293596867383278,0.3519091336797227,1.0006750441038765,1.0648804234072768,0.25827648044988105,0.2336555618964278,-0.3777492875898595,-0.11350793839236012,-0.08865465181974727,-0.10675931426326689,1,0,0.31488065007618077,0.29913661757237175,0.3859827323514474,0.36552149962065605,0.25096355347547183,0.38351494690387217,2021
23,2022-02-19 15:30:00,Stuttgart,Bochum,0.4510850407933144,0.28076839981820295,0.2681465593884827,1.510334628634561,1.1156214229468564,0.25827648044988105,0.2336555618964278,-0.08726293885824425,0.00766213115452015,-0.2642930146889179,0.11542811389761788,1,1,0.45482818227333693,0.2899357899083809,0.25523602781828214,0.3831213910685318,0.2428727263371004,0.37400588259436773,2021
23,2022-02-19 15:30:00,Wolfsburg,Hoffenheim,0.41046687131190684,0.2662439198601051,0.32328920882798823,1.5779814476388672,1.3806947739874955,0.25827648044988105,0.2336555618964278,-0.04210989941265882,0.006324322538072636,0.16680901723805178,-0.10249866580075885,1,2,0.3219174106365441,0.27330879877404596,0.4047737905894098,0.41903690392697923,0.27259879272085163,0.30836430335216924,2021
23,2022-02-19 18:30:00,FC Koln,Ein Frankfurt,0.3555851413800457,0.25149481831937354,0.3929200403005808,1.5910169941893924,1.6792916812478953,0.25827648044988105,0.2336555618964278,-0.06166201768147978,0.03410340608530954,0.15566323754305753,0.10443236821141681,1,0,0.40583917468691233,0.27247559320339443,0.3216852321096931,0.4173967011682129,0.2835157757214573,0.2990875231103298,2021
23,2022-02-20 15:30:00,Bayern Munich,Greuther Furth,0.9566486372647736,0.03197300230803757,0.011378360427188716,5.096731470165133,0.7249273889593493,0.25827648044988105,0.2336555618964278,0.6554058919438577,0.48126151178056636,-0.3732858019040687,-0.20667446084845548,4,1,0.8947669864696225,0.07176916608114664,0.03346384744923091,0.795009301576182,0.07926478234211068,0.12572591608170744,2021
23,2022-02-20 17:30:00,Dortmund,M'gladbach,0.6486259796176126,0.18114529083258657,0.17022872954980067,2.717765204005679,1.3913956935842275,0.25827648044988105,0.2336555618964278,0.45290036988921695,0.054977514186436094,0.10893920245277082,-0.03690834342359116,6,0,0.514581444297868,0.24056682520925332,0.24485173049287867,0.654633386401453,0.2035029090236027,0.14186370457494435,2021
23,2022-02-20 19:30:00,Hertha,RB Leipzig,0.20711989421398347,0.2525419173872616,0.540338188398755,1.0458060593753513,1.8034653584115707,0.25827648044988105,0.2336555618964278,-0.1829204467900843,-0.2642236587914099,0.22945545202408907,0.10197808072495207,1,6,0.15271090267957826,0.2121735550503875,0.6351155422700342,0.29104326681801473,0.26243804516443864,0.4465186880175467,2021
24,2022-02-25 20:30:00,Hoffenheim,Stuttgart,0.5925941271226493,0.21929074872091892,0.1881151241564319,2.1720782775536924,1.1708655336700828,0.2596850777105546,0.23283238258113187,0.17182066141624597,0.11134631910371447,-0.09764629889299674,-0.004295531137003552,2,1,0.6156867714140902,0.21249366447034976,0.17181956411556007,0.5511204634920113,0.26659456308884016,0.18228497341914848,2021
24,2022-02-26 15:30:00,Freiburg,Hertha,0.5934396410699196,0.2362757372637302,0.17028462166635008,1.9450119405216655,0.9595700125372066,0.2596850777105546,0.23283238258113187,0.01795641104175735,0.1547942448038109,-0.1813990871666239,-0.11955598901004534,3,0,0.6784051602736978,0.19285307983586975,0.12874175989043254,0.5249535167038041,0.2539367755297104,0.2211097077664854,2021
24,2022-02-26 15:30:00,Greuther Furth,FC Koln,0.2346839649830153,0.24363954187626602,0.5216764931407188,1.2273747052971014,1.9042125956900315,0.2596850777105546,0.23283238258113187,-0.36638280523633143,0.07874284734365453,-0.07605781529388807,0.4604413251195102,1,1,0.2536029388677824,0.25978837640114294,0.4866086847310747,0.37246102490096505,0.22941498847135217,0.39812398662768284,2021
24,2022-02-26 15:30:00,Leverkusen,Bielefeld,0.6294755329051003,0.2272270085909932,0.14329745850390646,1.9957172506670169,0.8574245092443478,0.2596850777105546,0.23283238258113187,0.3253302480398822,-0.12684419845919254,-0.3782430847713424,-0.0352641326232885,3,0,0.715794476895391,0.17344748626398263,0.11075803684062632,0.649830530677031,0.197465785555394,0.152703683767575,2021
24,2022-02-26 15:30:00,M'gladbach,Wolfsburg,0.4278531193935868,0.26378056258403926,0.30836631802237396,1.626611289623557,1.3549081113191204,0.2596850777105546,0.23283238258113187,0.08908810768160887,-0.09510668062004109,-0.05236712980198695,0.09641568959895323,2,2,0.46171216069765164,0.2751751559458784,0.26311268335647,0.4369763095214359,0.29628477435442685,0.26673891612413725,2021
24,2022-02-26 15:30:00,Union Berlin,Mainz,0.4110914267294886,0.29975449822313854,0.289154075047373,1.3257152514382196,1.0736666399317718,0.2596850777105546,0.23283238258113187,-0.10965599110901289,-0.10090934298458955,-0.07276166025935875,-0.11584386067079806,3,1,0.3584833397165837,0.30792799693603984,0.3335886633473765,0.42501523166416,0.29506453923605086,0.27992022909978914,2021
24,2022-02-26 18:30:00,Ein Frankfurt,Bayern Munich,0.21451266770427102,0.19788307745800152,0.5876042548377273,1.5212154020395687,2.5250710073758507,0.2596850777105546,0.23283238258113187,0.13084866004414197,-0.20385649838771253,0.6431163550862009,0.02346775126816939,0,1,0.16324094259316932,0.18820720440153643,0.6485518530052944,0.16994583731199006,0.21738171229021191,0.6126724503977982,2021
24,2022-02-27 15:30:00,Bochum,RB Leipzig,0.20028892867356934,0.2625147817463297,0.537196289580101,0.9596726516284697,1.7032573831321802,0.2596850777105546,0.23283238258113187,-0.270338453469639,-0.26334204737890216,0.2772960764190299,-0.004438628735397004,0,1,0.20502448564974152,0.2517185438998135,0.5432569704504451,0.2821106871075829,0.27077914655792185,0.4471101663344952,2021
24,2022-02-27 17:30:00,Augsburg,Dortmund,0.19770536268084585,0.21395651566327467,0.5883381216558794,1.2683759111002584,2.256874805021307,0.2596850777105546,0.23283238258113187,-0.19746709219349334,-0.057313096160451625,0.4810730474139277,0.07322290153188143,1,1,0.23907905162024864,0.25097041806209347,0.5099505303176579,0.3283567336233578,0.1637791897663159,0.5078640766103263,2021
25,2022-03-04 20:30:00,Bielefeld,Augsburg,0.39769728807636595,0.3217784110641118,0.28052430085952235,1.1754228218996823,0.9456252035985337,0.24756458426529893,0.246791389577024,-0.39291877644858514,0.060190733897729616,-0.19770323518789323,-0.10577032821115975,0,1,0.3794211200962163,0.29627636847019356,0.32430251143359023,0.4146831528408571,0.297299916749637,0.28801693040950577,2021
25,2022-03-05 15:30:00,Bayern Munich,Leverkusen,0.67952631697762,0.16586570360486635,0.1546079794175137,2.953568888166893,1.432713981380601,0.24756458426529893,0.246791389577024,0.6323603906057537,-0.04370213270678599,0.3381566735299367,-0.22615072316206863,1,1,0.7062856393786459,0.15955954643770073,0.1341548141836534,0.7604459516496055,0.07415804656324149,0.1653960017871531,2021
25,2022-03-05 15:30:00,Bochum,Greuther Furth,0.6067464504403115,0.2380710781621697,0.1551824713975188,1.9030721524280494,0.867841306565328,0.24756458426529893,0.246791389577024,-0.2995547942365252,0.4486683230856455,-0.3730171795076889,-0.01629381233184625,2,1,0.5490429731138751,0.25284873761823196,0.1981082892678931,0.5387426380862043,0.2569224633587158,0.20433489855507994,2021
25,2022-03-05 15:30:00,Hertha,Ein Frankfurt,0.2968999848241477,0.258106345049657,0.4449936701261955,1.360742862189474,1.7021250490582793,0.24756458426529893,0.246791389577024,-0.1922083258434064,0.005883124822142924,0.11267648801253867,0.17163642700654835,1,4,0.2919734616885651,0.26535709639651356,0.44266944191492125,0.3344389690911881,0.37453511963569763,0.2910259112731142,2021
25,2022-03-05 15:30:00,RB Leipzig,Freiburg,0.5689158001554981,0.2434095363028352,0.1876746635416665,1.8875093965965193,1.0077415321750491,0.24756458426529893,0.246791389577024,0.27114509083539784,-0.13024288421978816,0.0358208237522374,-0.2756736877416961,1,1,0.6273711969659553,0.22427054470979244,0.14835825832425217,0.5941435405794944,0.20684467886907698,0.19901178055142874,2021
25,2022-03-05 15:30:00,Wolfsburg,Union Berlin,0.43095347353517843,0.2909177419474359,0.27812878451738554,1.4117523649711536,1.0895905124745113,0.24756458426529893,0.246791389577024,-0.0378363922182056,-0.1116878368493609,-0.07774791279760793,-0.08401472243967056,1,0,0.4294047381292415,0.2996469200652651,0.27094834180549326,0.4179089419528969,0.26393108894746814,0.31815996909963495,2021
25,2022-03-05 18:30:00,Stuttgart,M'gladbach,0.38984464724344964,0.25295637403754223,0.357198978719008,1.6589384855800289,1.5820701982345486,0.24756458426529893,0.246791389577024,-0.09648098739868943,0.10830294486084482,0.0984015635062583,0.11276809368334757,3,2,0.34033162073797296,0.27111163007940214,0.38855674918262495,0.3785139614706762,0.2198603273714532,0.4016257111578706,2021
25,2022-03-06 17:30:00,FC Koln,Hoffenheim,0.33980792423185374,0.25717196474660814,0.4030201110215382,1.4989389883497044,1.6458555583513224,0.24756458426529893,0.246791389577024,-0.08633964737851776,-0.003258809739584804,0.17127361696398152,0.07942214404707285,0,1,0.33304390544847995,0.26083926470084207,0.4061168298506781,0.39571118971021374,0.2857103619796704,0.3185784483101159,2021
25,2022-03-16 18:30:00,Mainz,Dortmund,0.2822764867212896,0.2411052623258463,0.4766182509528638,1.4446419053977717,1.9132626359662095,0.24756458426529893,0.246791389577024,-0.06790629305421128,-0.05858820626897977,0.47234087815596115,-0.07109549128400153,0,1,0.31825565557609126,0.27060720996724147,0.4111371344566673,0.2843171838489451,0.28158273434665576,0.4341000818043992,2021
26,2022-03-12 15:30:00,Freiburg,Wolfsburg,0.46732914642987056,0.27983900915865956,0.2528318444114698,1.5316370319868648,1.0695944900061665,0.24974289777168748,0.23748277195866427,0.03712011457965017,-0.09800866535315418,-0.042964380264279706,-0.13949892216780416,3,2,0.46944581096400234,0.27185421256389963,0.258699976472098,0.46850858016866237,0.27022399289952126,0.2612674269318163,2021
26,2022-03-12 15:30:00,Hoffenheim,Bayern Munich,0.23941751444046858,0.21172039441904514,0.5488620911404863,1.5211351400407083,2.3259529796086875,0.24974289777168748,0.23748277195866427,0.1632289337470223,-0.23099774467917716,0.6155882593164915,-0.021201318325575962,1,1,0.16089123946593664,0.1755710970814418,0.6635376634526216,0.326008180095219,0.2021786380234301,0.47181318188135085,2021
26,2022-03-12 15:30:00,Union Berlin,Stuttgart,0.5043154224563078,0.265447143559231,0.2302374339844614,1.6759951578365746,1.0678928420203095,0.24974289777168748,0.23748277195866427,-0.09377469864389638,0.12295614185027355,-0.06927941333802144,-0.11477608411655071,1,1,0.44889658475481703,0.28934900342629777,0.2617544118188852,0.5377418101659449,0.246501586974221,0.21575660285983406,2021
26,2022-03-12 18:30:00,M'gladbach,Hertha,0.5952549181122706,0.21561988342357624,0.18912519846415313,2.2221481453551797,1.2048712768316254,0.24974289777168748,0.23748277195866427,0.1082034564421939,0.20304523489944717,-0.19354058925039624,0.13017042850909524,2,0,0.6274220670631441,0.20959732808004597,0.16298060485680996,0.5379733449891265,0.21782537490949588,0.2442012801013775,2021
26,2022-03-13 15:30:00,Leverkusen,FC Koln,0.6666234137537892,0.1918733867901497,0.1415031994560612,2.443108192961389,1.073997136223297,0.24974289777168748,0.23748277195866427,0.33344668027480556,0.07259872821628846,-0.10983540433283524,-0.06852016381448946,0,1,0.5677972669267134,0.22847080502527276,0.20373192804801393,0.6943923182670912,0.19257948005762826,0.11302820167528056,2021
26,2022-03-13 17:30:00,Dortmund,Bielefeld,0.7138305782090111,0.18508757391515915,0.10108184787582973,2.3627081247946604,0.800919149835245,0.24974289777168748,0.23748277195866427,0.4744092142010082,-0.10182641227457023,-0.41647339544324113,-0.05526477587193365,1,0,0.721604138231617,0.17199525158567217,0.10640061018271073,0.7686644783438962,0.11959808126740133,0.11173744038870263,2021
26,2022-03-13 17:30:00,Ein Frankfurt,Bochum,0.5756768968229548,0.2446109401969843,0.17971216298006099,1.867462138718057,0.9610050365687799,0.24974289777168748,0.23748277195866427,0.14488611477357366,-0.007531420463424096,-0.29573287091407774,0.006214344083284163,2,1,0.6007154518994443,0.23385516375647464,0.16542938434408105,0.572953579972532,0.2319537258152025,0.19509269421226538,2021
26,2022-03-13 19:30:00,Greuther Furth,RB Leipzig,0.09184030349652245,0.16349510747033666,0.7446645890331409,0.8599511287309187,2.631506842307295,0.24974289777168748,0.23748277195866427,-0.3673322313183502,-0.2707731568183748,0.2624697764237055,0.4553439517677001,1,6,0.10228279386712096,0.17404721343392554,0.7236699926989535,0.31135853301361854,0.19886104247511588,0.48978042451126563,2021
26,2022-04-06 18:30:00,Augsburg,Mainz,0.35019654060052874,0.29457857430606466,0.35522488509340666,1.2528697426581616,1.263449383577743,0.24974289777168748,0.23748277195866427,-0.19514385702437673,-0.06664509857404562,-0.06401181794071636,0.048114506728125936,2,1,0.2943102241565922,0.2830239913718261,0.4226657844715817,0.40702885720071436,0.27822292885825506,0.3147482139410307,2021
27,2022-03-18 20:30:00,Bochum,M'gladbach,0.3445543379138569,0.27727494847342665,0.3781707136127163,1.3558567515714803,1.4298251210464317,0.2517346948359061,0.2296128214816292,-0.29569476168847547,0.11878078887478874,0.10719314179129204,-0.001375692808301082,0,2,0.3318537778666708,0.2688200993892026,0.39932612274412665,0.411438184950832,0.2658810079778302,0.32268080707133784,2021
27,2022-03-19 15:30:00,Greuther Furth,Freiburg,0.14299935418015214,0.20302902489509592,0.6539716209247519,1.0030125919047974,2.289499408357261,0.2517346948359061,0.2296128214816292,-0.35772421849288694,-0.12061523468158256,0.06297484954622735,0.513623650317149,0,0,0.1959276849203642,0.2437878827635066,0.5602844323161291,0.2976004690599935,0.19160431692316576,0.5107952140168407,2021
27,2022-03-19 15:30:00,Hertha,Hoffenheim,0.2504844760162646,0.24854849292844303,0.5009670310552923,1.2593839514697782,1.8453307287225587,0.2517346948359061,0.2296128214816292,-0.21354389410792393,-0.03718094821513998,0.15981081843890615,0.20111300491329945,3,0,0.2647560181271394,0.2509666421830176,0.484277339689843,0.30895388101534205,0.31348999140607925,0.3775561275785787,2021
27,2022-03-19 15:30:00,Mainz,Bielefeld,0.4825003520042397,0.31108601490483945,0.2064136330909208,1.3145267414404747,0.7705921238101133,0.2517346948359061,0.2296128214816292,-0.08555647273709593,-0.12231433516824186,-0.4335067243959642,-0.07882403813598811,4,0,0.6374649254203676,0.22809763919070022,0.13443743538893224,0.4005138255604452,0.3087850027415496,0.2907011716980053,2021
27,2022-03-19 15:30:00,Stuttgart,Augsburg,0.45355713617746773,0.27159650681136893,0.27484635701116333,1.5888871812510563,1.1934384689838515,0.2517346948359061,0.2296128214816292,-0.06983006889944444,0.05151643777387631,-0.19048834760763805,0.11559226313586805,3,2,0.5280700871053824,0.26116509742711846,0.21076481546749914,0.3889571039345559,0.23650814126644887,0.37453475479899534,2021
27,2022-03-19 18:30:00,Bayern Munich,Union Berlin,0.7355571327733075,0.16536700111012487,0.09907586611656766,2.6507709647774274,0.916844780380489,0.2517346948359061,0.2296128214816292,0.6050774980698513,-0.11157448659652272,-0.1008747134467626,-0.23767707138408942,4,0,0.8449438267720206,0.1035737594107638,0.05148241381721557,0.7780949656208038,0.0971625821897094,0.12474245218948686,2021
27,2022-03-20 15:30:00,RB Leipzig,Ein Frankfurt,0.6061081791716301,0.21491629363971954,0.17897552718865042,2.215330026904408,1.1499839546776414,0.2517346948359061,0.2296128214816292,0.3025745470235988,0.011479325402217015,0.15027493538024098,-0.2622616403925497,0,0,0.6855061346982492,0.18854785630207246,0.1259460089996783,0.49654431116939934,0.24952162666392727,0.2539340621666733,2021
27,2022-03-20 17:30:00,Wolfsburg,Leverkusen,0.3368497252998481,0.2588894959861316,0.40426077871402033,1.4765041146496518,1.6323886909913474,0.2517346948359061,0.2296128214816292,-0.025592604613803697,-0.06607770274678228,0.31108834838177846,-0.07277864653378387,0,2,0.30487651761017537,0.2720569491422245,0.4230665332476002,0.42059591778088307,0.2748129549681121,0.3045911272510048,2021
27,2022-03-20 19:30:00,FC Koln,Dortmund,0.22797917861386463,0.22670620669984237,0.545314614686293,1.3259857711802314,2.110052562329241,0.2517346948359061,0.2296128214816292,-0.1116421633878164,-0.08754919185693147,0.45337423380975844,0.04160392958854773,1,1,0.2682259277095077,0.24433812244275765,0.48743594984773475,0.28292812121135935,0.24249706692112838,0.47457481186751227,2021
28,2022-04-01 20:30:00,Union Berlin,FC Koln,0.4634892161142006,0.2844067441095634,0.2521040397762363,1.4922715512753826,1.0422106409771437,0.23984110784846996,0.2429274011637392,-0.11237719604503324,0.029908177129776992,-0.11055963198417192,-0.08793740231296224,1,0,0.41799569708059936,0.2967253405201785,0.28527896239922207,0.43514481448368403,0.2909760006099202,0.2738791849063958,2021
28,2022-04-02 15:30:00,Bielefeld,Stuttgart,0.3590262643102439,0.3080636332763921,0.33291010241336394,1.1897265873668421,1.1365976470512684,0.23984110784846996,0.2429274011637392,-0.44269735807079097,0.13365237126822987,-0.04009379922499701,-0.07170802890902139,1,1,0.2812395488127451,0.29504271685263445,0.4237177343346204,0.366247811896636,0.25622707836947956,0.3775251097338843,2021
28,2022-04-02 15:30:00,Ein Frankfurt,Greuther Furth,0.7987682066248141,0.13223463542908703,0.06899715794609892,3.001061428113185,0.8463947625337203,0.23984110784846996,0.2429274011637392,0.13674955758961974,0.4794479688615664,-0.3887377963953612,-0.017872717283106403,0,0,0.7416661435118338,0.16856048716178043,0.08977336932638584,0.5940602384119508,0.22164698272942024,0.184292778858629,2021
28,2022-04-02 15:30:00,Freiburg,Bayern Munich,0.2311902026391654,0.23029754441573755,0.5385122529450972,1.3125121055630924,2.0647728160006134,0.23984110784846996,0.2429274011637392,0.03537933918787308,-0.24620490947280907,0.6198339735363523,-0.13465487748867525,1,4,0.15514548504656678,0.19824145311505756,0.6466130618383757,0.33768444212278864,0.24932364898214399,0.41299190889506737,2021
28,2022-04-02 15:30:00,Hoffenheim,Bochum,0.5946675936725815,0.24067163471890624,0.16466077160851206,1.8904954171595292,0.9050496441396096,0.23984110784846996,0.2429274011637392,0.13755290933354786,0.016517501858144757,-0.32911675827135634,-0.010489830960943624,1,2,0.6492832000941995,0.20445513534881177,0.14626166455698864,0.5712979940165716,0.23481799352854046,0.193884012454888,2021
28,2022-04-02 15:30:00,Leverkusen,Hertha,0.7271384191311594,0.16650804482089995,0.10635353604794055,2.6789552087999597,0.9777980785309006,0.23984110784846996,0.2429274011637392,0.31670258641355364,0.18595577562402316,-0.17651910814685173,-0.0857740936353313,2,1,0.6655872185003614,0.19884763374284653,0.13556514775679213,0.6490673649095533,0.17931978927994718,0.1716128458104995,2021
28,2022-04-02 18:30:00,Dortmund,RB Leipzig,0.4571295741007865,0.2394848471738899,0.3033855787253237,1.9119057353917046,1.5377127228365337,0.23984110784846996,0.2429274011637392,0.4447419196533823,-0.27940991682512056,0.28133727409185905,-0.0908823144957009,1,4,0.4130627189034215,0.2573358649852866,0.3296014161112918,0.46363269710294136,0.23922282873378822,0.29714447416327044,2021
28,2022-04-03 15:30:00,Augsburg,Wolfsburg,0.3485002553607178,0.2889081433200191,0.36259160131926305,1.2855093049321447,1.315589398481071,0.23984110784846996,0.2429274011637392,-0.16985457961723924,-0.06175894332151789,-0.04123124639936459,0.0756749155364076,3,0,0.3669898619840192,0.28961248144522,0.3433976565707608,0.39495194169184017,0.2528633456328588,0.35218471267530105,2021
28,2022-04-03 17:30:00,M'gladbach,Mainz,0.43977066496164774,0.2599557254768573,0.300273609561495,1.6779985051343171,1.3578735869940812,0.23984110784846996,0.2429274011637392,0.11690765376135238,-0.08207444559049498,-0.03819939085864124,0.10427822018052867,1,1,0.403006947459835,0.2740447242726878,0.32294832826747716,0.456876899147131,0.29282769043895596,0.25029541041391307,2021
29,2022-04-08 20:30:00,Stuttgart,Dortmund,0.23897787009442406,0.21631728001705833,0.5447048498885176,1.473827816822037,2.257308537793214,0.24217917339861714,0.23247493664603006,-0.037684976941604706,-0.0491061597127027,0.43872588770943405,0.13326812999547982,0,2,0.2520985201771074,0.24502432700887222,0.5028771528140205,0.2925306402204158,0.2153911426394925,0.4920782171400917,2021
29,2022-04-09 15:30:00,Bayern Munich,Augsburg,0.8201603921648476,0.11798138522040001,0.0618582226147524,3.2292817848858726,0.8770046993922592,0.24217917339861714,0.23247493664603006,0.638970942803738,0.05863470204058628,-0.1270915170381638,-0.2463305844987215,1,0,0.8363241975176997,0.10397544077247077,0.059700361709829584,0.7835295318015869,0.09565893324486154,0.1208115349535516,2021
29,2022-04-09 15:30:00,FC Koln,Mainz,0.3691785363248339,0.29154293890189964,0.3392785247732666,1.3111513387127038,1.2477702314654149,0.24217917339861714,0.23247493664603006,-0.12537818346612653,-0.07837029084479469,-0.046140833599116256,0.025319803794805983,3,2,0.35793463491382393,0.29068630956637825,0.35137905551979787,0.3971786269669354,0.2912203784277441,0.3116009946053205,2021
29,2022-04-09 15:30:00,Greuther Furth,M'gladbach,0.18684345277128753,0.2179219323715346,0.5952346148571779,1.1738372727617146,2.1881660948383246,0.24217917339861714,0.23247493664603006,-0.41520052856442446,0.10082452108660502,0.10913212170031637,0.4317524982973513,0,2,0.20843870783031923,0.23733120198501695,0.5542300901846638,0.341806504446694,0.21659199526615705,0.441601500287149,2021
29,2022-04-09 15:30:00,Wolfsburg,Bielefeld,0.505428974195113,0.29711331783540545,0.19745770796948137,1.4154034528911528,0.7916055463014248,0.24217917339861714,0.23247493664603006,-0.05730467082203483,-0.06993482304989487,-0.4425294925605862,-0.033341739671854685,4,0,0.5679744027924227,0.25193615241973605,0.18008944478784134,0.4649227158736693,0.26368751098250026,0.2713897731438304,2021
29,2022-04-09 18:30:00,Hertha,Union Berlin,0.323924807179032,0.28986363596674214,0.38621155685422587,1.221462984396194,1.3539430446954486,0.24217917339861714,0.23247493664603006,-0.17300111005062935,-0.10160369213809504,-0.12020897264885651,0.1810509083765983,1,4,0.2797754583877542,0.30659099753035046,0.4136335440818953,0.37989696990128,0.22148613250667235,0.3986168975920476,2021
29,2022-04-10 15:30:00,Bochum,Leverkusen,0.23015326266548503,0.25898041686244944,0.5108663204720656,1.1061955752127173,1.7397544122486999,0.24217917339861714,0.23247493664603006,-0.2911455248804948,-0.08258186658221536,0.3104975262146616,0.0010672612658305094,0,0,0.25163655674588176,0.24902215096150895,0.4993412922926092,0.32816085655336363,0.23211185737163184,0.4397272860750045,2021
29,2022-04-10 17:30:00,Ein Frankfurt,Freiburg,0.4378961977645321,0.26794848533937543,0.29415531689609253,1.6030858373161652,1.2806483406315905,0.24217917339861714,0.23247493664603006,0.09948362282657879,-0.10220731275719595,0.03559072788100334,-0.030403435465653206,1,2,0.39915271144074266,0.28258599040052573,0.31826129815873166,0.42500785643941813,0.29434611139899697,0.280646032161585,2021
29,2022-04-10 19:30:00,RB Leipzig,Hoffenheim,0.6201693925033557,0.2134963416259824,0.16633426587066202,2.2099786032394513,1.0829929023526506,0.24217917339861714,0.23247493664603006,0.3111113570507731,0.007217366595268744,0.12809492204887796,-0.29054568114111373,3,0,0.6661303521096137,0.19070133340712597,0.14316831448326026,0.6018915809432145,0.22610675898429114,0.17200166007249434,2021
30,2022-04-16 15:30:00,Augsburg,Hertha,0.507587786149389,0.26049297405403926,0.2319192397965718,1.7242233050354128,1.1041414177212414,0.2394614474572479,0.2308303036264815,-0.14055946705930802,0.21504440711186795,-0.1720018282563566,0.031608416212444645,0,1,0.4925074651398515,0.26977234747828943,0.237720187381859,0.4524060849610853,0.29809025992268123,0.24950365511623354,2021
30,2022-04-16 15:30:00,Dortmund,Wolfsburg,0.6344696596447994,0.2009196075940813,0.16461073276111937,2.37975758144041,1.1672608175107673,0.2394614474572479,0.2308303036264815,0.43642696620346205,-0.03972009132918033,-0.014766278743670357,-0.07003534636928439,6,1,0.6077108845503365,0.21480608447193109,0.17748303097773233,0.6474315695753652,0.19540110792356533,0.15716732250106946,2021
30,2022-04-16 15:30:00,Freiburg,Bochum,0.5511986228899919,0.2705042829584424,0.17829709415156558,1.6224259843453666,0.8252405154383813,0.2394614474572479,0.2308303036264815,0.04716914909162634,-0.0335383498969168,-0.32330520356889014,-0.10823664515884884,3,0,0.5779791909539213,0.24167391863564464,0.18034689041043406,0.5718886724998623,0.2552010142997452,0.17291031320039255,2021
30,2022-04-16 15:30:00,Mainz,Stuttgart,0.5107024189980294,0.2557936208332298,0.2335039601687408,1.7718278247372081,1.1400020045018657,0.2394614474572479,0.2308303036264815,-0.03069562718802782,0.1324155591969031,-0.059686672595495364,-0.04874475412192429,0,0,0.4716938462698194,0.2652461240797045,0.26306002965047615,0.4461104074924685,0.29072869885094144,0.2631608936565901,2021
30,2022-04-16 18:30:00,M'gladbach,FC Koln,0.5020379485198381,0.2477052918570691,0.25025675962309285,1.8548968297677129,1.264563472562861,0.2394614474572479,0.2308303036264815,0.10773815261598796,0.03979917343708142,-0.09303042764384777,0.08829596183396622,1,3,0.45585919171270917,0.2578720896819883,0.2862687186053025,0.4584210200404967,0.27954947533175245,0.2620295046277509,2021
30,2022-04-17 15:30:00,Bielefeld,Bayern Munich,0.10173953978540931,0.18913294472438513,0.7091275154902057,0.7823710711374546,2.3112616761889124,0.2394614474572479,0.2308303036264815,-0.4558342537006065,-0.25988363284579485,0.6215008831873995,-0.023168775044684436,0,3,0.05699958008340685,0.10931960513145988,0.8336808147851333,0.0915602807536991,0.09657356676276826,0.8118661524835326,2021
30,2022-04-17 17:30:00,Hoffenheim,Greuther Furth,0.7713640084740331,0.14975843690463353,0.07887755462133336,2.7631036509433833,0.825093884856753,0.2394614474572479,0.2308303036264815,0.11517553991748987,0.43088726815006956,-0.45225292274059237,0.020533375987546617,0,0,0.8074909974497335,0.1266026728544378,0.06590632969582873,0.6559601235962947,0.19807166293552303,0.14596821346818226,2021
30,2022-04-17 17:30:00,Union Berlin,Ein Frankfurt,0.40552968262520905,0.27962817216023184,0.3148421452145591,1.4608834647434055,1.2630267312597179,0.2394614474572479,0.2308303036264815,-0.07388109308919576,-0.017369292443290035,0.09422952189193917,-0.100179961311918,2,0,0.4645158504862543,0.2763068420995823,0.25917730741416345,0.4379332546395111,0.28001945112632215,0.2820472942341668,2021
30,2022-04-17 19:30:00,Leverkusen,RB Leipzig,0.36792272031671724,0.25709330083189735,0.3749839788513852,1.571973738733922,1.5884087567777847,0.2394614474572479,0.2308303036264815,0.2894248269665677,-0.3073845898228216,0.32110853444850634,-0.09783724869095166,0,1,0.3768372587214451,0.28599256242252524,0.33717017885602973,0.41427538410794,0.22827528759461713,0.3574493282974428,2021
31,2022-04-22 20:30:00,Wolfsburg,Mainz,0.41990889961218847,0.2799335415728748,0.30015755881493666,1.4800709647717245,1.2195202657476356,0.232662210600302,0.2297160820169706,-0.007713070740461929,-0.0625751860802276,-0.05112137273970602,0.016916718754405077,5,0,0.38959487473793936,0.28639861327461613,0.3240065119874445,0.44186796325081645,0.3009144504232852,0.25721758632589836,2021
31,2022-04-23 15:30:00,Ein Frankfurt,Hoffenheim,0.45609925618023317,0.25465961338956233,0.28924113043020455,1.7486604675836228,1.3609162502287488,0.232662210600302,0.2297160820169706,0.08495055589313102,0.011521199225738545,0.08283058130015415,-0.007334605591999689,2,2,0.4090198331323262,0.25838618490886195,0.3325939819588119,0.403682722983421,0.28272891460950866,0.3135883624070704,2021
31,2022-04-23 15:30:00,FC Koln,Bielefeld,0.5188910906725746,0.28722824107518774,0.1938806682522376,1.4903114929265509,0.8177543606179437,0.232662210600302,0.2297160820169706,-0.05638576097828216,-0.007007377875307793,-0.4668996681999666,0.033044177480309765,3,1,0.6763211437400037,0.20007833835641778,0.12360051790357854,0.5166202227094313,0.2556448067334795,0.2277349705570893,2021
31,2022-04-23 15:30:00,Freiburg,M'gladbach,0.5206292655899225,0.24234839483617202,0.23702233957390556,1.9189805714750559,1.2470695131434297,0.232662210600302,0.2297160820169706,0.07343117850365567,0.11598462155690405,0.10376249204755661,-0.11562829320254872,3,3,0.5225118483412322,0.24526066350710904,0.2322274881516588,0.47828298049369633,0.26829538806152653,0.2534216314447771,2021
31,2022-04-23 15:30:00,Greuther Furth,Leverkusen,0.10820033641283028,0.18082909314554738,0.7109705704416222,0.8881544505163029,2.4614307717617603,0.232662210600302,0.2297160820169706,-0.4761671573556702,-0.10482075561416818,0.2766994703384354,0.39138111447065344,1,4,0.09652550507531726,0.1612008434927857,0.7422736514318969,0.3504491703647779,0.16871743822831267,0.4808333914069093,2021
31,2022-04-23 15:30:00,RB Leipzig,Union Berlin,0.6209790626700515,0.23221704403328866,0.14680389329665994,1.9492449666490428,0.8514757576346769,0.232662210600302,0.2297160820169706,0.3205378753173826,-0.11547406692918931,-0.0593390606429457,-0.33410739943031703,1,2,0.5931915107119562,0.2515628919773218,0.155245597310722,0.631027390067952,0.21100992834501678,0.15796268158703117,2021
31,2022-04-23 18:30:00,Bayern Munich,Dortmund,0.6308223404063964,0.1795129705603888,0.18966468903321476,2.806946885008517,1.559131350076605,0.232662210600302,0.2297160820169706,0.633724611154159,-0.06400552890469612,0.4788249996744721,-0.2673583709729566,3,1,0.729308799043675,0.15065533876958545,0.12003586218673953,0.6547571562580023,0.17512441331464065,0.17011843042735703,2021
31,2022-04-24 15:30:00,Bochum,Augsburg,0.3664109086466033,0.31394006638899535,0.3196490249644013,1.1700553773179598,1.076304297373193,0.232662210600302,0.2297160820169706,-0.3395084582641975,0.0341812443775026,-0.1640255053854213,0.004896520793307168,0,2,0.4320101734944137,0.29239712962121905,0.2755926968843673,0.39645485837101524,0.2911277497626535,0.3124173918663313,2021
31,2022-04-24 17:30:00,Hertha,Stuttgart,0.38092196201240003,0.2688937635051781,0.35018427448242184,1.5009699926850544,1.4317749496362857,0.232662210600302,0.2297160820169706,-0.16854875053399426,0.1122820188192818,-0.07435754685417392,0.20061023436648207,2,0,0.3040866273165531,0.29385741355361095,0.4020559591298359,0.40602364843541244,0.2790560765039644,0.31492027506062314,2021
32,2022-04-29 20:30:00,Union Berlin,Greuther Furth,0.7298724306140045,0.1835655723507759,0.08656199703521957,2.3013814583456322,0.6875248908296405,0.23781169657466544,0.23138441513994798,-0.04558918320696156,0.40990264818232747,-0.4765712544496316,-0.1358976873787106,1,1,0.7694984531203647,0.15951460470985998,0.07098694216977533,0.6011937189979191,0.2535784534369194,0.1452278275651616,2021
32,2022-04-30 15:30:00,Augsburg,FC Koln,0.39884008626450773,0.2846383159908646,0.3165215977446277,1.4124761539136248,1.235158519475104,0.23781169657466544,0.23138441513994798,-0.15370139049857223,0.029849580494867693,-0.03884985735110454,0.012237478469758992,1,4,0.30839771659139364,0.2709369770054334,0.42066530640317296,0.4228181713437687,0.2649359004826674,0.3122459281735639,2021
32,2022-04-30 15:30:00,Bielefeld,Hertha,0.3722548318779251,0.31081104611567795,0.31693412200639715,1.1978368904041206,1.0861242218583695,0.23781169657466544,0.23138441513994798,-0.4645230911783105,0.17584431830494954,-0.16554446827572755,0.010348371439663134,1,1,0.3505407594454238,0.2937252846729239,0.3557339558816523,0.3540809276924178,0.2586262326510642,0.38729283965651795,2021
32,2022-04-30 15:30:00,Dortmund,Bochum,0.7505172355810023,0.1629545061142104,0.08652825830478733,2.6012119405718064,0.811006120865952,0.23781169657466544,0.23138441513994798,0.4668430370650283,0.019938318631649788,-0.379364460889438,-0.06792691327346319,3,4,0.6812748930825463,0.18227658429722776,0.1364485226202259,0.7241283690989869,0.13549517954384604,0.14037645135716698,2021
32,2022-04-30 15:30:00,Mainz,Bayern Munich,0.16011611351506322,0.20329640177860953,0.6365874847063274,1.1181468533380448,2.334095184040661,0.23781169657466544,0.23138441513994798,-0.07421419144396948,-0.28330920055201997,0.6279288925093534,-0.01811627454277411,3,1,0.1965481168763758,0.21260171582654339,0.5908501672970807,0.10378456431143676,0.1323453951798672,0.763870040508696,2021
32,2022-04-30 15:30:00,Stuttgart,Wolfsburg,0.3551703923097801,0.2704997344071258,0.3743298732830941,1.4314265305895861,1.4743753044958126,0.23781169657466544,0.23138441513994798,-0.10549533703503251,-0.005029253815009954,0.03714424787609496,0.1132784332543705,1,1,0.4999187124044871,0.26012030564135913,0.23996098195415377,0.3703905246099467,0.2637320905337488,0.36587738485630455,2021
32,2022-04-30 18:30:00,Hoffenheim,Freiburg,0.41019851015476877,0.2652205688258262,0.32458092101940494,1.586403472477697,1.3920788769405679,0.23781169657466544,0.23138441513994798,0.08571889769382753,-0.09344552228314068,0.08295484668438217,0.01003168151660872,3,4,0.4058291771763063,0.2613628124749582,0.33280801034873564,0.40563246217540727,0.27556376238826313,0.31880377543632976,2021
32,2022-05-02 20:30:00,Leverkusen,Ein Frankfurt,0.5678320507136976,0.22459300721103065,0.2075749420752718,2.1250887364904996,1.2378961114680278,0.23781169657466544,0.23138441513994798,0.2892117388926283,-0.004594290754246805,0.08326100871758563,-0.10765945097426767,2,0,0.6559902093804607,0.1950602251925606,0.14894956542697865,0.5112933845218619,0.25979435804352463,0.22891225743461344,2021
32,2022-05-02 20:30:00,M'gladbach,RB Leipzig,0.2476902036722794,0.2396996270135412,0.5126101693141794,1.3138999601162258,1.9487867636781768,0.23781169657466544,0.23138441513994798,0.12247898622192321,-0.3186753146261562,0.304828071057575,0.12456723884107411,3,1,0.19550461716943732,0.2227210371930249,0.5817743456375377,0.3420678247313436,0.24537024257520904,0.4125619326934473,2021
33,2022-05-06 20:30:00,Bochum,Bielefeld,0.4374879171417085,0.3245567627423093,0.23795532011598236,1.2047192668852056,0.819121890337264,0.25047550485934705,0.22614598609757894,-0.2938583270149305,0.0034834023188236307,-0.4744929480218049,0.02449506521019246,2,1,0.43870909892474724,0.2683723258785465,0.2929185751967062,0.4228590221203392,0.29048991349594594,0.2866510643837149,2021
33,2022-05-07 15:30:00,FC Koln,Wolfsburg,0.4185782735162864,0.2681679632079097,0.3132537632758039,1.5743591305576574,1.3375290969425035,0.25047550485934705,0.22614598609757894,-0.004864114235916373,-0.017909088483416893,0.021271143844783912,0.019077305570630275,0,1,0.6412305955902776,0.1987284903688877,0.1600409140408347,0.4324661468995612,0.3147592568207253,0.25277459627971355,2021
33,2022-05-07 15:30:00,Freiburg,Union Berlin,0.46893778191225854,0.275393224416269,0.2556689936714725,1.569737584677249,1.1047364122479706,0.25047550485934705,0.22614598609757894,0.10995293688522595,-0.13566596596964536,-0.07369338332227553,-0.07717535597483638,1,4,0.5294429440420001,0.26040536106413587,0.21015169489386407,0.4826179749442302,0.24906616883598856,0.2683158562197813,2021
33,2022-05-07 15:30:00,Greuther Furth,Dortmund,0.08609008008216787,0.14150854104396404,0.7724013788738681,0.9784447249426699,2.9913230808420916,0.25047550485934705,0.22614598609757894,-0.47181396811918097,-0.02659850616272042,0.46293019581528444,0.38231009080672285,1,3,0.1305639386146042,0.16991831727503454,0.6995177441103612,0.3667865873306844,0.1324390206675297,0.5007743920017859,2021
33,2022-05-07 15:30:00,Hoffenheim,Leverkusen,0.3315816003769151,0.2478101218153381,0.4206082778077468,1.5561012678718102,1.7684607986816898,0.25047550485934705,0.22614598609757894,0.0979064495382124,-0.13234443467686496,0.27876264291098196,0.04087141522482326,2,4,0.3290670309356417,0.24387708891676999,0.42705588014758833,0.39382923050275503,0.27819704553036245,0.3279737239668825,2021
33,2022-05-07 18:30:00,Hertha,Mainz,0.3281367873213566,0.2798819215939743,0.39198129108466906,1.2967304120221879,1.4361096098850796,0.25047550485934705,0.22614598609757894,-0.17518419685263628,-0.041591265407842574,-0.055003394826128385,0.1664656876833646,1,2,0.3415355069686205,0.2864820222632309,0.3719824707681486,0.40466057086157253,0.2808060016003935,0.314533427538034,2021
33,2022-05-08 15:30:00,Ein Frankfurt,M'gladbach,0.47083673909193907,0.24229815044572925,0.2868651104623316,1.8945784841120321,1.452015826709845,0.25047550485934705,0.22614598609757894,0.05609420629063714,0.10628068071952418,0.13526737661557087,-0.012790065193807572,1,1,0.3623457426695542,0.2520252540877477,0.3856290032426982,0.4065380354962711,0.2827491390912951,0.3107128254124337,2021
33,2022-05-08 17:30:00,Bayern Munich,Stuttgart,0.8235874030310464,0.11576035484015679,0.0606522421287968,3.2659367087439763,0.880620085184634,0.25047550485934705,0.22614598609757894,0.6067567605868677,0.10016836398755181,-0.12190983240761348,-0.25569464985014495,2,2,0.7507040275550103,0.14427945274330528,0.1050165197016845,0.8223363940381856,0.08202584551066819,0.09563776045114618,2021
33,2022-05-08 19:30:00,RB Leipzig,Augsburg,0.6885669970156156,0.19884097349355065,0.11259202949083362,2.2348869289412066,0.8105394851611835,0.25047550485934705,0.22614598609757894,0.28518646385581997,0.04238268089525462,-0.16681127512623975,-0.2937194516858249,4,0,0.7844992660145239,0.14423529106096625,0.07126544292450993,0.65784476371063,0.20366845410548584,0.13848678218388402,2021
34,2022-05-14 15:30:00,Augsburg,Greuther Furth,0.6199363780632341,0.23182410500499842,0.14823951693176746,1.956286810804737,0.8617807405108269,0.26111712999258707,0.21350542762176358,-0.18201217944431405,0.3784378139840374,-0.4725959949219787,0.06272446289926174,2,1,0.5792969831165237,0.22280653196789368,0.1978964849155826,0.5504818394353255,0.24385790763713627,0.20566025292753828,2021
34,2022-05-14 15:30:00,Bielefeld,RB Leipzig,0.1400101503590787,0.248573470374138,0.6114163792667833,0.7369098477704837,1.775219498061375,0.26111712999258707,0.21350542762176358,-0.4706044607630287,-0.3093078143684406,0.2989042440695922,0.013902702099471361,1,1,0.10982106269635296,0.17388334926922555,0.7162955880344215,0.2919185349228331,0.20012181214921132,0.5079596529279555,2021
34,2022-05-14 15:30:00,Dortmund,Hertha,0.7612536371870945,0.1443555019898266,0.09439086082307888,3.0089862074185567,1.0494370801607755,0.26111712999258707,0.21350542762176358,0.45887121810170395,0.16810943814552776,-0.18349575572018287,-0.02936746799613219,2,1,0.6227413910819206,0.19732957659797482,0.17992903232010463,0.6735226975816987,0.16026848696932675,0.16620881544897456,2021
34,2022-05-14 15:30:00,Leverkusen,Freiburg,0.5547709282176037,0.227675882886472,0.21755318889592434,2.0926118840301102,1.265727432768888,0.26111712999258707,0.21350542762176358,0.30015533635269626,-0.0363649029444307,0.10057107614171,-0.12604120356311038,2,1,0.4326582616038756,0.24502585223484794,0.3223158861612765,0.5606499093307032,0.2325014949010304,0.20684859576826647,2021
34,2022-05-14 15:30:00,M'gladbach,Hoffenheim,0.45835176272702693,0.23629928595843813,0.3053489513145349,1.9503842254193169,1.5743225002519463,0.26111712999258707,0.21350542762176358,0.1251308814271662,0.06827295280114086,0.10082809334799374,0.09187979782208472,5,1,0.4636534800307139,0.22063510429047764,0.31571141567880845,0.4514890540703248,0.28582520870731243,0.2626857372223627,2021
34,2022-05-14 15:30:00,Mainz,Ein Frankfurt,0.4087909602699454,0.2759810633597375,0.3152279763703171,1.494588757098367,1.2884896111503437,0.26111712999258707,0.21350542762176358,-0.050024637205790985,-0.022746830271008982,0.04001595729690882,-0.04766239895883128,2,2,0.5100647016534867,0.24215192906781696,0.24778336927869637,0.4260667626515801,0.27397288870952313,0.2999603486388967,2021
34,2022-05-14 15:30:00,Stuttgart,FC Koln,0.38398017254403577,0.2751234873721269,0.3408963400838374,1.4576477987505434,1.3623189676545624,0.26111712999258707,0.21350542762176358,-0.10733488355607466,0.009536365703778122,-0.032934108517426806,0.0810053494759288,2,1,0.43051396974732686,0.24182522733917858,0.3276608029134945,0.30856814246725567,0.3236065529836554,0.36782530454908896,2021
34,2022-05-14 15:30:00,Union Berlin,Bochum,0.5387376400548023,0.2734382494739407,0.18782411047125713,1.601536676241387,0.8529500359589849,0.26111712999258707,0.21350542762176358,-0.031669444528247055,0.02801047789975367,-0.2757928459537306,-0.14437859173609213,3,2,0.7396596686646518,0.16408832240000806,0.09625200893534007,0.6479388547804165,0.18002419238509473,0.17203695283448878,2021
34,2022-05-14 15:30:00,Wolfsburg,Bayern Munich,0.2008196516782217,0.21491463338601416,0.5842657149357641,1.278394917253836,2.2475146700309856,0.26111712999258707,0.21350542762176358,0.011084615783111646,-0.2401018532407651,0.5918944781830591,-0.043186593567020815,2,2,0.15264578904609752,0.16640242861351012,0.6809517823403924,0.1322734212032733,0.27024034514013834,0.5974862336565884,2021
1,2022-08-05 20:30:00,Ein Frankfurt,Bayern Munich,0.21450085417126064,0.2147808306176368,0.5707183152111025,1.3567993978217765,2.263991155006367,0.26515732657306074,0.22254889831106217,0.04217728624599875,-0.22475496889711205,0.5721806221980558,-0.02020869523711942,1,6,0.1603483705559886,0.1884409000431598,0.6512107294008516,0.13800520997431787,0.18022925914825275,0.6817655308774294,2022
1,2022-08-06 15:30:00,Augsburg,Freiburg,0.3170238791082376,0.27448208204577407,0.40849403884598834,1.3037714688732192,1.5061020559895675,0.26515732657306074,0.22254889831106217,-0.17996019553536272,-0.04248483513464419,0.0873160101674815,0.05705155660246326,0,4,0.2775790453947466,0.27362492793898097,0.4487960266662725,0.3667109072475261,0.2658362708303967,0.36745282192207723,2022
1,2022-08-06 15:30:00,Bochum,Mainz,0.3780480664985477,0.29115104666387875,0.3308008868375738,1.330524916892179,1.23031324764187,0.26515732657306074,0.22254889831106217,-0.16142083562741466,-0.040711850531460786,-0.04697146075514599,-0.010917055977652494,1,2,0.2899122557659143,0.2797695529402846,0.4303181912938011,0.4334876695372511,0.2957841591850413,0.27072817127770754,2022
1,2022-08-06 15:30:00,M'gladbach,Hoffenheim,0.4970817213713142,0.2276849158095687,0.27523336281911714,2.0922228998203516,1.536510442737737,0.26515732657306074,0.22254889831106217,0.1524331574276476,0.09808770688629562,0.08629427892148943,0.07806229351575278,3,1,0.4682287713747163,0.241780599828254,0.2899906287970297,0.44399212062742105,0.3177938668941311,0.23821401247844787,2022
1,2022-08-06 15:30:00,Union Berlin,Hertha,0.5749767169111533,0.24548357691661643,0.17953970617223036,1.858252094727724,0.955256858223366,0.26515732657306074,0.22254889831106217,-0.014494148675795362,0.14642423567259635,-0.18434402197607205,-0.1265883177716172,3,1,0.5124372868411003,0.2647120791140491,0.22285063404485064,0.6048704867319005,0.2337319442743515,0.16139756899374785,2022
1,2022-08-06 15:30:00,Wolfsburg,Werder Bremen,0.5960109920212049,0.2361098194276301,0.167879188551165,1.9434423927505737,0.9475637842641871,0.26515732657306074,0.22254889831106217,0.013815489119552911,0.16293911588469445,-0.2696941516196467,-0.049324200760126995,2,2,0.46140604458261,0.26438693463686747,0.2742070207805225,0.6099484337355778,0.20461650105881712,0.1854350652056051,2022
1,2022-08-06 18:30:00,Dortmund,Leverkusen,0.493237187709481,0.21951198569179356,0.2872508265987256,2.201678879591083,1.670733136146355,0.26515732657306074,0.22254889831106217,0.4328729447504804,-0.13135897321689824,0.28468768136817263,-0.03658247416604017,1,0,0.46643754853182257,0.2402504961030744,0.2933119553651031,0.5194878316589121,0.24598939592961386,0.23452277241147412,2022
1,2022-08-07 15:30:00,Stuttgart,RB Leipzig,0.21317516739638126,0.24919725435782922,0.5376275782457894,1.09365165488963,1.8402499165381627,0.26515732657306074,0.22254889831106217,-0.0998385332419725,-0.29834545252458805,0.2769014423856749,0.06784261764440959,1,1,0.2530050245676374,0.2577658718041252,0.4892291036282376,0.24069079796555082,0.24043896042926274,0.5188702416051865,2022
1,2022-08-07 17:30:00,FC Koln,Schalke 04,0.6683966243432072,0.206155925870589,0.12544744978620365,2.191762376056126,0.8607659409534457,0.26515732657306074,0.22254889831106217,-0.04315446228716284,0.3401541955286692,-0.42578405230096034,0.010694068634259828,3,1,0.4765606378096461,0.26100459999928843,0.2624347621910653,0.6854407798447717,0.23516074082005956,0.07939847933516875,2022
2,2022-08-12 20:30:00,Freiburg,Dortmund,0.34954789901880257,0.23743872189626877,0.41301337908492863,1.7092085269388233,1.8655667932058406,0.27688214468893757,0.21027261834910002,0.11835047923409306,-0.0694748286489464,0.4124323907288161,-0.06574961792730208,1,3,0.3224706328154604,0.25971959075407347,0.41780977643046613,0.29422949790162983,0.4054642533730819,0.3003062487252882,2022
2,2022-08-13 15:30:00,Hertha,Ein Frankfurt,0.32312775296738244,0.26411476153980085,0.41275748549281666,1.3963297462799846,1.6003450032128064,0.27688214468893757,0.21027261834910002,-0.1864204826664132,0.03311290401280554,0.03466615938623377,0.1586709289344062,1,1,0.3174997705650219,0.26560922634525375,0.4168910030897244,0.42621816742962754,0.23767488899834185,0.3361069435720306,2022
2,2022-08-13 15:30:00,Hoffenheim,Bochum,0.4859870565165076,0.25608332819425655,0.2579296152892361,1.7593923960937061,1.235687402561745,0.27688214468893757,0.21027261834910002,0.07368291837156195,0.004130838542828513,-0.17219812000951654,0.10694339182006175,3,2,0.6061385372213112,0.21282197529103816,0.1810394874876506,0.3993461260625784,0.3631837156918659,0.2374701582455557,2022
2,2022-08-13 15:30:00,Leverkusen,Augsburg,0.6753719118028783,0.19822475873360124,0.1264033294635206,2.2976816300079825,0.9165500909001184,0.27688214468893757,0.21027261834910002,0.25614944137498635,0.08859642320853772,-0.20713576436116565,-0.15688493896815217,1,2,0.7346785818778883,0.16013792716473108,0.10518349095738072,0.5424803624582573,0.2702513662387712,0.1872682713029714,2022
2,2022-08-13 15:30:00,RB Leipzig,FC Koln,0.6374474484067303,0.21599290219949133,0.14655964939377847,2.1331800592463748,0.9420737399847032,0.27688214468893757,0.21027261834910002,0.26025470376371623,0.010204385086365035,-0.03376005570028287,-0.30279381621962825,2,2,0.6659802598878081,0.19257260526876374,0.14144713484342825,0.5277756048173112,0.23690909735956772,0.23531529782312105,2022
2,2022-08-13 15:30:00,Werder Bremen,Stuttgart,0.3511917046628926,0.2795014797664786,0.36930681557062883,1.3556720688715134,1.3953055295139831,0.27688214468893757,0.21027261834910002,-0.23296811888898397,0.050110679006436384,-0.10646915872526545,0.16270042290155742,2,2,0.41745498931949954,0.266707354287458,0.3158376563930424,0.3979695346057962,0.2061271526702188,0.395903312723985,2022
2,2022-08-13 18:30:00,Schalke 04,M'gladbach,0.17777495773226085,0.21523964070775908,0.60698540155998,1.140343601434821,2.2089599382557554,0.27688214468893757,0.21027261834910002,-0.42212419836240495,0.06629905708486632,0.1595615285939244,0.35607811529838546,2,2,0.297147589046921,0.25503843872743753,0.4478139722256415,0.28060227661304693,0.255800992347713,0.46359673103924015,2022
2,2022-08-14 15:30:00,Mainz,Union Berlin,0.3848231573588203,0.2863428026983066,0.32883403994287297,1.3760982805229427,1.2558936658162163,0.27688214468893757,0.21027261834910002,-0.03939684348400361,-0.12850575779486131,0.0001620251233368969,-0.04919676632456027,0,0,0.42490133634022587,0.29099303640270013,0.2841056272570741,0.31263030250594026,0.31904504930778266,0.368324648186277,2022
2,2022-08-14 17:30:00,Bayern Munich,Wolfsburg,0.7393811938995539,0.15565098920827775,0.10496781689216828,2.866785677216298,1.057993827171394,0.27688214468893757,0.21027261834910002,0.6022986797466265,-0.036262013747037636,0.011254615484032542,-0.23176226118545762,2,0,0.8302008609637144,0.1071527486092336,0.06264639042705193,0.7832883938426833,0.10624232059388208,0.11046928556343476,2022
3,2022-08-19 20:30:00,M'gladbach,Hertha,0.597313002843221,0.21646081880262463,0.18622617835415436,2.206563398182457,1.1813551087813972,0.28458187340095953,0.20291838003892018,0.1536281904336186,0.15030783790548763,-0.19555085435228728,0.07763115779753128,1,0,0.6336045425272343,0.2023275009750832,0.16406795649768247,0.5943489964308922,0.26477562073640865,0.14087538283269915,2022
3,2022-08-20 15:30:00,Augsburg,Mainz,0.3365692275969165,0.28937714268584647,0.374053629717237,1.2551887556727175,1.3350778431104833,0.28458187340095953,0.20291838003892018,-0.1891681900733106,-0.07104609916573994,-0.06612240855636013,0.07053013475373873,1,2,0.25238635605099796,0.2656698484747347,0.4819437954742674,0.35426260976413415,0.3122746310712763,0.3334627591645897,2022
3,2022-08-20 15:30:00,Dortmund,Werder Bremen,0.7665917923948458,0.14402150379199222,0.08938670381316219,2.970478826197137,0.9940549775958841,0.28458187340095953,0.20291838003892018,0.4207716502678562,0.1804512570539701,-0.21059814460879375,-0.07994649319464044,2,3,0.6810648346930014,0.1857449549162731,0.13319021039072562,0.723265839320661,0.16296741284446564,0.11376674783487337,2022
3,2022-08-20 15:30:00,Leverkusen,Hoffenheim,0.6022301628621137,0.20840362449900274,0.1893662126388836,2.3230471042245875,1.2651146085566256,0.28458187340095953,0.20291838003892018,0.23697463589980056,0.11840484156741253,0.089209662897741,-0.13862881857361103,0,3,0.5964190552345079,0.20920145510404312,0.19437948966144894,0.4979192300711298,0.2753320450757512,0.22674872485311895,2022
3,2022-08-20 15:30:00,Stuttgart,Freiburg,0.3316574506202769,0.26559013526358616,0.40275241411613694,1.409031652102459,1.570341913553326,0.28458187340095953,0.20291838003892018,-0.09670474638853006,-0.04789281015542794,0.10623189334275655,0.06047960823935265,0,1,0.35777133026529717,0.2690843526220686,0.3731443171126342,0.3615577458858542,0.2912665763974546,0.3471756777166911,2022
3,2022-08-20 15:30:00,Wolfsburg,Schalke 04,0.6878088527490211,0.19581099199900515,0.1163801552519737,2.2900310239670247,0.856955657081647,0.28458187340095953,0.20291838003892018,-0.009176348060445792,0.3502414596788003,-0.38806353291468126,-0.05088744423771695,0,0,0.5186658406964233,0.24730201167226373,0.234032147631313,0.5297489168011015,0.2745098042646897,0.1957412789342088,2022
3,2022-08-20 18:30:00,Union Berlin,RB Leipzig,0.2964938236656234,0.2813341856966835,0.42217199063769306,1.2000105011304278,1.4723156289340973,0.28458187340095953,0.20291838003892018,-0.024204473683675797,-0.28096547205851535,0.2558634493899156,-0.15360890363903654,2,1,0.28870994988456555,0.2762655554929894,0.43502449462244497,0.41572351755486187,0.3123688011814344,0.2719076812637038,2022
3,2022-08-21 15:30:00,Ein Frankfurt,FC Koln,0.4434859656018162,0.26029608951388317,0.29621794488430064,1.6794848589861653,1.3420886025195924,0.28458187340095953,0.20291838003892018,0.02262333593324718,0.00836352546511889,-0.01765885917572012,0.027304044886717446,1,1,0.4529482815416712,0.25606676183155813,0.2909849566267706,0.30269489322092785,0.23337880540103284,0.46392630137803936,2022
3,2022-08-21 17:30:00,Bochum,Bayern Munich,0.1406453601731186,0.18936178810609386,0.6699928517207877,1.0872525414257304,2.4779525074325344,0.28458187340095953,0.20291838003892018,-0.15180854195406412,-0.25203780151238453,0.5900455438779796,0.032805200059333045,0,7,0.07421029741034466,0.11820705430061047,0.8075826482890448,0.13694485023770486,0.20141170210763806,0.6616434476546571,2022
4,2022-08-26 20:30:00,Freiburg,Bochum,0.5833693495028733,0.23264429601485503,0.18398635448227169,2.0031446527048296,1.0551647398342783,0.2970695599539846,0.1741592814823122,0.09903955986378288,0.12444987080138213,-0.17527417995714903,-0.06809847375749693,1,0,0.6328219181842513,0.2100134277930152,0.15716465402273344,0.5392329548453154,0.2545853109648467,0.2061817341898379,2022
4,2022-08-27 15:30:00,Hertha,Dortmund,0.18268844667249481,0.20690216334741848,0.6104093899800866,1.2362346400378217,2.332835145326532,0.2970695599539846,0.1741592814823122,-0.21529696368434467,-0.04386169851514523,0.41313016976965433,0.13688459872147019,0,1,0.22380136220695407,0.2212230054995007,0.5549756322935452,0.2298572828956858,0.1942356298473518,0.5759070872569624,2022
4,2022-08-27 15:30:00,Hoffenheim,Augsburg,0.5340817879359592,0.23951435362088047,0.2264038584431602,1.951322578639485,1.2195980117173322,0.2970695599539846,0.1741592814823122,0.11383671424247184,0.08344183244853216,-0.18998860829592001,0.09144035419816138,1,0,0.6716332730602277,0.1879521683906312,0.14041455854914114,0.5968203670123727,0.22754698246181454,0.17563265052581267,2022
4,2022-08-27 15:30:00,Mainz,Leverkusen,0.3246428917085482,0.2690068823741101,0.4063502259173417,1.3640068871168127,1.547559602798453,0.2970695599539846,0.1741592814823122,-0.053690476477386694,-0.10711175634451259,0.2106874760662961,-0.07107779564517516,0,3,0.3986599922988062,0.26540623796688484,0.3359337697343088,0.4807502500811233,0.27744540107878785,0.24180434884008883,2022
4,2022-08-27 15:30:00,RB Leipzig,Wolfsburg,0.5819870239946048,0.23862828479972584,0.17938469120566927,1.93077710577862,0.9939004725903657,0.2970695599539846,0.1741592814823122,0.2529640527541242,-0.06627032683241539,-0.04130916491232464,-0.2618786005590902,2,0,0.6168916229419215,0.2133815813280261,0.16972679573005248,0.5504930234973551,0.21236876587537898,0.23713821062726592,2022
4,2022-08-27 15:30:00,Schalke 04,Union Berlin,0.1736865713444427,0.2502642321971718,0.5760491964583856,0.9005583783627403,1.8043084239311487,0.2970695599539846,0.1741592814823122,-0.4175975913633053,-0.15837153770894388,-0.007909180805020816,0.30101699458073755,1,6,0.30515923369750236,0.2818235275912228,0.41301723871127477,0.2742503313153972,0.2495638940952753,0.4761857745893274,2022
4,2022-08-27 18:30:00,Bayern Munich,M'gladbach,0.7621885871513152,0.137737229288177,0.10007418356050786,3.2094207303671394,1.1893352509343247,0.2970695599539846,0.1741592814823122,0.6327682601268058,0.06209336146479723,0.14169163179415548,-0.26536665336711457,1,1,0.814555146569952,0.11035305085563067,0.07509180257441744,0.818265943156923,0.06633849873505668,0.11539555810802034,2022
4,2022-08-28 15:30:00,FC Koln,Stuttgart,0.46936059357017346,0.26585626531282497,0.2647831411170015,1.6540303432341144,1.1955793066197251,0.2970695599539846,0.1741592814823122,-0.019327773273280717,0.051313873635453894,-0.12043893508961423,0.002000218467460053,0,0,0.4093512999512953,0.27135468608669433,0.3192940139620103,0.6007074938161135,0.22616162028365822,0.17313088590022824,2022
4,2022-08-28 17:30:00,Werder Bremen,Ein Frankfurt,0.32974055925463874,0.26215531840323086,0.40810412234213034,1.4303590351647764,1.609817628965311,0.2970695599539846,0.1741592814823122,-0.13682403726979533,0.023520682133429185,0.01559574912309752,0.16345558956872347,3,4,0.40456168110684443,0.26707832429616196,0.3283599945969936,0.451501357888656,0.2349540974283128,0.31354454468303133,2022
5,2022-09-02 20:30:00,Dortmund,Hoffenheim,0.6148158110700349,0.19380543376422465,0.19137875516574043,2.5531612734649354,1.413314364942708,0.30659265175081635,0.15742521468416706,0.3988845369895507,0.07442990301785748,0.10300628097068479,-0.06366137326691014,1,0,0.5350517446277319,0.23078135491172047,0.2341669004605477,0.6507487872998522,0.21139535900025103,0.1378558536998968,2022
5,2022-09-03 15:30:00,Bochum,Werder Bremen,0.4233921598954421,0.26204974129867936,0.3145580988058786,1.63566026415898,1.3867865734196407,0.30659265175081635,0.15742521468416706,-0.19749742107109686,0.22552610875731632,-0.0867331173235968,0.10712971865550956,0,2,0.3118502332544477,0.26315033381471203,0.42499943293084025,0.25375843001251946,0.39047634229700356,0.355765227690477,2022
5,2022-09-03 15:30:00,Leverkusen,Freiburg,0.4903060685697581,0.24821967715760024,0.2614742542726417,1.8438636613767152,1.30622042808598,0.30659265175081635,0.15742521468416706,0.2321305876955489,-0.08428526807624034,0.08769591270900452,-0.12715076677095075,2,3,0.5243312798571681,0.24666484373743386,0.22900387640539802,0.3822381857785505,0.21320610472923168,0.4045557094922179,2022
5,2022-09-03 15:30:00,Stuttgart,Schalke 04,0.6232056465772223,0.22453939929304026,0.15225495412973739,2.0452279492193397,0.9258218670059668,0.30659265175081635,0.15742521468416706,-0.14154746854709338,0.39303885200585803,-0.4086938627742302,0.025027779938215984,1,1,0.5615435486303675,0.2400598670394821,0.1983965843301505,0.5281882725063363,0.23711788508209075,0.23469384241157296,2022
5,2022-09-03 15:30:00,Union Berlin,Bayern Munich,0.21464447373007797,0.2224345656112075,0.5629209606587144,1.292559905412242,2.1589120783148403,0.30659265175081635,0.15742521468416706,0.06046600848275385,-0.2678592001099227,0.6143228997953364,-0.15131112417996706,1,1,0.1283803441066825,0.17483068679255492,0.6967889691007625,0.3024801590204993,0.2679298966729078,0.4295899443065929,2022
5,2022-09-03 15:30:00,Wolfsburg,FC Koln,0.41825928571603355,0.2810442513671835,0.300696462916783,1.4691350047507188,1.2140575912502936,0.30659265175081635,0.15742521468416706,-0.060908131250926666,-0.018435939729918496,-0.04886715593231819,-0.06375736505574367,2,4,0.4387325603582773,0.2753078244082026,0.28595961523352,0.37319241472833214,0.23170562250643628,0.3951019627652315,2022
5,2022-09-03 18:30:00,Ein Frankfurt,RB Leipzig,0.25317879302238316,0.24831941740987726,0.4985017895677395,1.2720751488181679,1.8468257712309128,0.30659265175081635,0.15742521468416706,0.05655549627609554,-0.2799238202786934,0.25695737444945027,0.049918339885724604,4,0,0.27868989082423534,0.2612717726477206,0.460038336528044,0.36704316919995755,0.2807059488021169,0.35225088199792565,2022
5,2022-09-04 15:30:00,Augsburg,Hertha,0.4267799233673854,0.28521985538373873,0.2880002212488758,1.4487079890815395,1.151406386589038,0.30659265175081635,0.15742521468416706,-0.21017509400161305,0.11682934477247332,-0.2370345290049936,0.0714260173014215,0,2,0.37830428823183865,0.2785196788721363,0.34317603289602505,0.3602011521177421,0.23631363051796186,0.403485217364296,2022
5,2022-09-04 17:30:00,M'gladbach,Mainz,0.46676221000670043,0.2563979470035417,0.2768398429897576,1.741939144246403,1.3039494307919726,0.30659265175081635,0.15742521468416706,0.1383493486696352,-0.047368271701059596,-0.07266153693482748,0.031466567869000324,0,1,0.40782433942333735,0.26368916192851394,0.3284864986481488,0.5169584375574188,0.26288089938225234,0.2201606630603288,2022
6,2022-09-09 20:30:00,Werder Bremen,Augsburg,0.43352359934765916,0.267006807932231,0.29946959272010987,1.6057363449952349,1.3039867651690498,0.3106354691611022,0.1464067412708258,-0.06847742888142089,0.0850176517517156,-0.23534892636206955,0.1901397712436851,0,1,0.6378416841200795,0.2070914558831427,0.15506685999677786,0.473650428790969,0.22189211497046105,0.30445745623856985,2022
6,2022-09-10 15:30:00,Bayern Munich,Stuttgart,0.7862130292849157,0.1378673414742082,0.07591962924087625,2.962607784158623,0.8865345514407911,0.3106354691611022,0.1464067412708258,0.6024949203883914,0.026532757817444505,-0.16016452026715958,-0.27090612800481156,2,2,0.7892266691402599,0.13046836535922995,0.08030496550051017,0.8120301374807688,0.10458607048576422,0.08338379203346698,2022
6,2022-09-10 15:30:00,Ein Frankfurt,Wolfsburg,0.4533492488959032,0.2579358712894016,0.2887148798146952,1.7134828597041862,1.3344038727565888,0.3106354691611022,0.1464067412708258,0.09813984484273133,-0.016653996082805333,-0.047635402676128764,0.025484588378805472,0,1,0.5021854875513412,0.25374980984737083,0.24406470260128796,0.46598666957573376,0.2919689767799206,0.24204435364434557,2022
6,2022-09-10 15:30:00,Hertha,Leverkusen,0.2174816108341886,0.24265822336491424,0.5398601658008971,1.1561333624092267,1.9130549592490669,0.3106354691611022,0.1464067412708258,-0.21759591851653762,-0.09436516291337586,0.23743799486051304,0.10062795537513651,2,2,0.24615159603641817,0.24180043146001687,0.512047972503565,0.3041111536366571,0.2088550146162942,0.4870338317470488,2022
6,2022-09-10 15:30:00,Hoffenheim,Mainz,0.42409544709301555,0.26694861590798774,0.3089559369989967,1.5931381408699727,1.333538905776108,0.3106354691611022,0.1464067412708258,0.08079138562152481,-0.07212785145278036,-0.07822153318435075,0.05542230392269877,4,1,0.39520652136047457,0.26900611958149956,0.3357873590580257,0.4250704350756902,0.28821319219103736,0.28671637273327244,2022
6,2022-09-10 15:30:00,RB Leipzig,Dortmund,0.4274530711082561,0.24297167376874615,0.3295752551229977,1.8308232891746372,1.5940856141342563,0.3106354691611022,0.1464067412708258,0.23442584028561417,-0.08670230023715175,0.3816467785713922,-0.22598195855947706,3,0,0.3970582072664795,0.25353057033901855,0.34941122239450195,0.43065295801966996,0.2389787878138822,0.33036825416644783,2022
6,2022-09-10 18:30:00,Schalke 04,Bochum,0.2784437960546572,0.2742507794852538,0.44730542446008914,1.1885103686309137,1.5598812090476948,0.3106354691611022,0.1464067412708258,-0.40502767813954094,0.1206861996196962,-0.23688896056218336,0.3708631617167677,3,1,0.4613121399460964,0.26216646204586896,0.2765213980080347,0.33939021294884253,0.21144002755092153,0.4491697595002358,2022
6,2022-09-11 15:30:00,FC Koln,Union Berlin,0.33726976670232084,0.27810033589089905,0.3846298974067801,1.3321534413014415,1.4360971952244967,0.3106354691611022,0.1464067412708258,-0.0009266756634207129,-0.16931877311262597,0.05672576099768937,-0.005432077126540109,0,1,0.3884243363613176,0.28301124212756773,0.3285644215111146,0.3706343797840499,0.33609500949198684,0.29327061072396327,2022
6,2022-09-11 17:30:00,Freiburg,M'gladbach,0.46026143784192985,0.24813307324548056,0.29160548891258964,1.820231309798466,1.4208409260069763,0.3106354691611022,0.1464067412708258,0.11321693684601615,0.0287044390309515,0.1165740385170084,-0.07596060993363656,0,0,0.44710092792443784,0.2633608205582305,0.28953825151733176,0.51250173759527,0.25649261554606667,0.23100564685866332,2022
7,2022-09-16 20:30:00,Mainz,Hertha,0.4885489570285379,0.27045454817430087,0.2409964947971612,1.6245412956158762,1.0803347663991978,0.304971646532778,0.15254455653736268,-0.07967371208970508,0.10738300533187475,-0.1981355792525924,-0.029565105286341996,1,1,0.5427966322155333,0.24322785798012503,0.21397550980434163,0.5763402296021389,0.23901387229334967,0.18464589810451137,2022
7,2022-09-17 15:30:00,Augsburg,Bayern Munich,0.10944438440386539,0.17054314000795995,0.7200124755881748,0.9745583965938261,2.6298351981888475,0.304971646532778,0.15254455653736268,-0.2401555446551872,-0.24313149557189917,0.5969502808128523,0.06499925459507046,1,0,0.06819684421477135,0.1128581461975898,0.8189450095876389,0.11700317414577048,0.11203035475952675,0.7709664710947028,2022
7,2022-09-17 15:30:00,Dortmund,Schalke 04,0.8201313430043473,0.11672166426275082,0.06314699273290203,3.280305463081253,0.9098991771298587,0.304971646532778,0.15254455653736268,0.36533554818416264,0.365084795793701,-0.33473360952536524,-0.0646595169795955,1,0,0.6738429893726432,0.18985258827562562,0.13630442235173124,0.6274074603525591,0.23238549297175518,0.14020704667568568,2022
7,2022-09-17 15:30:00,Leverkusen,Werder Bremen,0.6529756369256863,0.19540243338115215,0.1516219296931614,2.424347162112965,1.1207116718887122,0.304971646532778,0.15254455653736268,0.24057081031271307,0.18747526326286362,-0.11472949015050063,-0.076278251540721,1,1,0.5913087352792777,0.21478030294897532,0.19391096177174694,0.5133313777464176,0.2731937091049958,0.21347491314858663,2022
7,2022-09-17 15:30:00,Stuttgart,Ein Frankfurt,0.3482026598034529,0.27083081325310104,0.3809665269434461,1.4120992479786314,1.4854617779924237,0.304971646532778,0.15254455653736268,-0.13620419771558895,0.023765420183054844,0.07506011648728339,0.01569392250712033,1,3,0.37509945577798287,0.2881034976608001,0.336797046561217,0.363601659969391,0.2897973975406157,0.3466009424899933,2022
7,2022-09-17 18:30:00,M'gladbach,RB Leipzig,0.28764393795949306,0.2548022514852838,0.4575538105552232,1.3542485969040141,1.748793974056349,0.304971646532778,0.15254455653736268,0.09595479542671756,-0.2502242390101861,0.2516771846858009,0.0022775614564431875,3,0,0.3097859836723566,0.2652863396089242,0.4249276767187193,0.4044352593032677,0.29807763929755465,0.2974871013991776,2022
7,2022-09-18 15:30:00,Union Berlin,Wolfsburg,0.48553183790810317,0.27333892927316905,0.2411292328187276,1.5976672942935546,1.0643412859011352,0.304971646532778,0.15254455653736268,0.0503632104944573,-0.039334789215594315,-0.051622396980635935,-0.19099315263847588,2,0,0.4615042503877959,0.28654592262884043,0.25194982698336366,0.6192346188479197,0.2009887335172309,0.17977664763484943,2022
7,2022-09-18 17:30:00,Bochum,FC Koln,0.28644951552326886,0.273490011210053,0.4400604732666781,1.2191093367630366,1.558173398788699,0.304971646532778,0.15254455653736268,-0.24865851274091955,-0.010737150035243283,-0.01881814525274173,0.15736073573215328,1,1,0.28645415420526665,0.2565832664672843,0.45696257932744916,0.32259955145830277,0.3050049822648395,0.3723954662768577,2022
7,2022-09-18 19:30:00,Hoffenheim,Freiburg,0.38187403638034956,0.2561784157594095,0.36194754786024114,1.6120114627564377,1.5655160832416777,0.304971646532778,0.15254455653736268,0.11700919681458255,-0.09704264493447845,0.08670491337123265,0.05653897537699887,0,0,0.43633335334013557,0.2673909129103895,0.2962757337494748,0.41962349040241786,0.2983731033346538,0.2820034062629284,2022
8,2022-09-30 20:30:00,Bayern Munich,Leverkusen,0.64260240151978,0.18688979798508748,0.1705078004951324,2.6174270847654317,1.3346126933788527,0.29209381467387274,0.15868484400344768,0.5788051003668269,-0.06739195249274059,0.23100189197286564,-0.23445457420590765,4,0,0.7053655356563738,0.16231761903429248,0.13231684530933358,0.6758087351061536,0.20033264091605302,0.12385862397779332,2022
8,2022-10-01 15:30:00,Ein Frankfurt,Union Berlin,0.3552923933009351,0.27111504523211505,0.37359256146694986,1.4269967497818488,1.467950688852544,0.29209381467387274,0.15868484400344768,0.10263620411103494,-0.19784280195437967,0.0622305210276091,0.029543003226759783,2,0,0.3973084065185557,0.28668061667955674,0.31601097680188756,0.293787635909015,0.3255978008143291,0.3806145632766558,2022
8,2022-10-01 15:30:00,FC Koln,Dortmund,0.2853231651400631,0.24360465461259342,0.4710721802473435,1.4351819429942896,1.8801759298010532,0.29209381467387274,0.15868484400344768,-0.021322903784666027,-0.06816412417512588,0.3442583647356838,-0.004986827264592613,3,2,0.3084333276998479,0.2549715508985409,0.43659512140161116,0.33062816737327705,0.27704376586596835,0.3923280667607546,2022
8,2022-10-01 15:30:00,Freiburg,Mainz,0.48953013704387915,0.26776818350996856,0.24270167944615217,1.6492485952617537,1.102516754050593,0.29209381467387274,0.15868484400344768,0.0703677116226517,-0.02082658292316079,-0.07949151311720934,-0.1150067769154924,2,1,0.4432801992994549,0.275932343079776,0.28078745762076907,0.4788564814737381,0.2985027830116254,0.22264073551463653,2022
8,2022-10-01 15:30:00,RB Leipzig,Bochum,0.6961225361490619,0.1916333692842321,0.11224409456670585,2.3279847362856763,0.8508713153516293,0.29209381467387274,0.15868484400344768,0.23627222003753554,0.15795209455452314,-0.2441517799979129,-0.20943641232200583,4,0,0.7603813303656426,0.14923371904372426,0.090384950590633,0.5421082269877495,0.16896110406450235,0.288930668947748,2022
8,2022-10-01 15:30:00,Wolfsburg,Stuttgart,0.45590841782523145,0.275802930254817,0.26828865191995155,1.5554395158752028,1.1454343352551644,0.29209381467387274,0.15868484400344768,-0.06038248915971338,0.05136198304157269,-0.1332901444882523,-0.02301977300706932,3,2,0.3802836980540309,0.2903984603321691,0.3293178416138,0.4132237178584252,0.2606273911572468,0.3261488909843278,2022
8,2022-10-01 18:30:00,Werder Bremen,M'gladbach,0.286811021499933,0.25117409352170855,0.4620148849783584,1.3793264293445422,1.7902412084055397,0.29209381467387274,0.15868484400344768,-0.1166990693128465,-0.01248430403021069,0.12567291851902257,0.1645836308805422,5,1,0.36530031531185114,0.25186495424132893,0.38283473044682004,0.38460637742362547,0.19605011644666642,0.41934350612970817,2022
8,2022-10-02 15:30:00,Hertha,Hoffenheim,0.3037468726315866,0.2622531124480055,0.43400001492040774,1.351839678633517,1.6490482048978545,0.29209381467387274,0.15868484400344768,-0.19222335184578285,0.04291108286559574,0.10036437792523877,0.1077400833575414,1,1,0.328041020572064,0.2660777166862297,0.4058812627417064,0.34256632122951636,0.2549617436245811,0.4024719351459026,2022
8,2022-10-02 17:30:00,Schalke 04,Augsburg,0.2803675098084457,0.2834517921937362,0.4361806979978182,1.138721998971531,1.4735263560657146,0.29209381467387274,0.15868484400344768,-0.359696730573565,0.03882465191836373,-0.2335132594097253,0.32907785448050175,2,3,0.49597273002171705,0.2573191851994392,0.2467080847788438,0.39298052796857796,0.2314605386889334,0.3755589333424887,2022
9,2022-10-07 20:30:00,Hoffenheim,Werder Bremen,0.5190650635737086,0.23518005060805153,0.24575488581824004,2.0043064876122503,1.341112295331402,0.2876926632051286,0.18508292426154135,0.07866458222064006,0.14385793977176003,-0.026845909110562293,0.03265258669256597,1,2,0.4876712328767123,0.24383561643835616,0.2684931506849315,0.5562146651102011,0.269970932404557,0.1738144024852419,2022
9,2022-10-08 15:30:00,Augsburg,Wolfsburg,0.3419712087351116,0.2881760479290342,0.3698527433358543,1.2755103611237506,1.335129686312054,0.2876926632051286,0.18508292426154135,-0.21181260946386515,-0.017616596250062625,-0.04355868365722837,0.04489445089111674,1,1,0.33813559322033904,0.2807909604519774,0.3810734463276836,0.3980808606874939,0.3006804680501992,0.30123867126230697,2022
9,2022-10-08 15:30:00,Bochum,Ein Frankfurt,0.25391628596983634,0.25559304077760747,0.49049067325255613,1.2235069527852314,1.7668337406224182,0.2876926632051286,0.18508292426154135,-0.2716443127671207,0.0005900118863494731,0.10074749359999449,0.1807489407770002,3,0,0.24738528669802962,0.2552805618054135,0.49733415149655696,0.3440481346685057,0.27534507501207967,0.38060679031941463,2022
9,2022-10-08 15:30:00,Leverkusen,Schalke 04,0.7625131110446955,0.15095496575368228,0.08653192320162215,2.8094012763485408,0.9008545230495919,0.2876926632051286,0.18508292426154135,0.20597525950401877,0.3542205447574497,-0.3400393797439023,-0.05206477952553258,4,0,0.6834759672171539,0.18616076928093683,0.13036326350190947,0.5215496197743916,0.2555654241509247,0.22288495607468367,2022
9,2022-10-08 15:30:00,Mainz,RB Leipzig,0.255437853480135,0.2649353815216043,0.47962676499826096,1.167564531398817,1.669873392858898,0.2876926632051286,0.18508292426154135,-0.0895320225236384,-0.2283235827628819,0.24424693708828402,-0.019191789398016246,1,1,0.30106383379906704,0.26826637704442,0.4306697891565129,0.36537173664954703,0.25924474398604663,0.3753835193644064,2022
9,2022-10-08 18:30:00,Dortmund,Bayern Munich,0.288916233663792,0.21549732735686883,0.4955864389793392,1.7220041751851642,2.2618206167513275,0.2876926632051286,0.18508292426154135,0.3357480702880402,-0.2650348271381939,0.5786220743480859,-0.05014466594321957,2,2,0.22937086796337922,0.2164266880557393,0.5542024439808816,0.3147498807474265,0.2813906648909604,0.40385945436161325,2022
9,2022-10-09 15:30:00,M'gladbach,FC Koln,0.4591074585241651,0.25259753318043715,0.28829500829539767,1.7726435406424237,1.3734973865476934,0.2876926632051286,0.18508292426154135,0.10762669689135375,-0.007930326185990213,-0.006220548333745326,0.035888208911664006,5,2,0.46555203228596137,0.25237820697607377,0.28206976073796486,0.44117355839229816,0.27647845231060925,0.2823479892970927,2022
9,2022-10-09 17:30:00,Hertha,Freiburg,0.26956588100250967,0.27477811190638735,0.4556560070911031,1.1559283887913339,1.5637962012639608,0.2876926632051286,0.18508292426154135,-0.20843871814215875,-0.11943304840548649,0.06387475515802185,0.09554890917218004,2,2,0.3018928752360337,0.28070741030718926,0.4173997144567771,0.3330179932114099,0.31042981319829094,0.3565521935902992,2022
9,2022-10-09 19:30:00,Stuttgart,Union Berlin,0.28900011673594106,0.2829311131332705,0.4280687701307884,1.168030957243611,1.467740659425902,0.2876926632051286,0.18508292426154135,-0.12359913225467484,-0.19385706666780456,0.0315274648685527,0.06450412399556661,0,1,0.3379661207360034,0.316773525706353,0.34526035355764373,0.27666206395595055,0.24688991355177484,0.4764480224922747,2022
10,2022-10-14 20:30:00,Schalke 04,Hoffenheim,0.20046312548426432,0.23004923747481162,0.569487637040924,1.1598323173115594,2.0507109196810083,0.2811967605059458,0.199343061589919,-0.3704846227107447,0.038220241242451714,0.063199425307155,0.3737903373077286,0,3,0.27429914085340695,0.2573852528115079,0.4683156063350851,0.45633291421329747,0.18585870062857304,0.3578083851581294,2022
10,2022-10-15 15:30:00,Ein Frankfurt,Leverkusen,0.3625850353976809,0.2493170054668433,0.38809795913547585,1.6292599823106955,1.6899812365124396,0.2811967605059458,0.199343061589919,0.0740385653510001,-0.06645247429914829,0.21770980624470326,0.025810859467337,5,1,0.37595686613858753,0.2715835718564867,0.35245956200492573,0.39170593131467213,0.3062324155713972,0.30206165311393063,2022
10,2022-10-15 15:30:00,Stuttgart,Bochum,0.4791673354884489,0.2704979711333131,0.2503346933782381,1.6190732964286862,1.1145751894446643,0.2811967605059458,0.199343061589919,-0.14945485969529712,0.1507689839253038,-0.2293000091457945,0.05657658494075545,4,1,0.5562177854138278,0.24405474257953672,0.19972747200663546,0.38496647250372473,0.21317220563927616,0.401861321856999,2022
10,2022-10-15 15:30:00,Werder Bremen,Mainz,0.4069338732933075,0.26920138277837463,0.3238647439283179,1.546912134073087,1.36041301734821,0.2811967605059458,0.199343061589919,-0.012270457118862864,-0.03200859262479007,-0.09375625373520927,0.12034783609960999,0,2,0.428253320255547,0.26721098534050847,0.3045356944039445,0.40728188633553103,0.3259413377846677,0.2667767758798013,2022
10,2022-10-15 15:30:00,Wolfsburg,M'gladbach,0.39232320814345567,0.259064528444219,0.34861226341232526,1.6079153807057072,1.5068051379694671,0.2811967605059458,0.199343061589919,-0.05216107814042027,0.0465598014774052,0.14995087726429118,-0.021156031085332587,2,2,0.3291170088078632,0.2667772968331148,0.4041056943590219,0.4089826094539432,0.26573229272337895,0.3252850978226777,2022
10,2022-10-15 18:30:00,RB Leipzig,Hertha,0.6801953645714527,0.1994029989544668,0.12040163647408067,2.2591449688398866,0.8650181542843453,0.2811967605059458,0.199343061589919,0.23312586757213188,0.10132071965871847,-0.19350674639935916,-0.23269479876512136,3,2,0.6518978971035577,0.20089935193757444,0.1472027509588679,0.5642888169994956,0.2447818733921879,0.19092930960831647,2022
10,2022-10-16 15:30:00,FC Koln,Augsburg,0.4975659971218286,0.2638433807502389,0.2385906221279325,1.6890842697237103,1.1103080069350235,0.2811967605059458,0.199343061589919,0.004415553230714644,0.03923115451893825,-0.2185876467752821,0.04202834682733697,3,2,0.5876156294440306,0.22120403602627478,0.19118033452969457,0.5142819557884913,0.2897032748535122,0.19601476935799644,2022
10,2022-10-16 17:30:00,Union Berlin,Dortmund,0.38349720449240277,0.26229839098665525,0.3542044045209418,1.5614388146374085,1.4942744206998435,0.2811967605059458,0.199343061589919,0.020015478602792618,-0.05494758743499555,0.33489798926238884,-0.21445399806448495,2,0,0.32399797698824123,0.2923884182576811,0.38361360475407763,0.3701466303254684,0.2820812967432576,0.3477720729312739,2022
10,2022-10-16 19:30:00,Bayern Munich,Freiburg,0.6865381284292119,0.18067024923096023,0.1327916223398278,2.583167821737723,1.0957542865170475,0.2811967605059458,0.199343061589919,0.575079618053876,-0.10660295650985345,0.07010712958467456,-0.2598609178334663,5,0,0.6656498450748204,0.18504551677755626,0.14930463814762326,0.7217837770693739,0.18105918624772627,0.09715703668289968,2022
11,2022-10-21 20:30:00,Mainz,FC Koln,0.432460415002106,0.2709924781479335,0.29654710684996033,1.569870246499108,1.2673258512616397,0.27954985409076516,0.21207823377154464,-0.08920609895028038,0.0485709814908868,0.020117289523091775,-0.06275809202460353,5,0,0.45697335888695456,0.2680569982297778,0.2749696428832678,0.4464235026412352,0.2510465832237064,0.3025299141350584,2022
11,2022-10-22 15:30:00,Augsburg,RB Leipzig,0.21738770937147228,0.2559553800199937,0.5266569106085338,1.0707798924200596,1.7708094915580954,0.27954985409076516,0.21207823377154464,-0.2054781478502007,-0.21776268561545048,0.23830406196225956,0.0535828658480433,3,3,0.19468456330909364,0.22598137254081554,0.5793340641500908,0.31813684256577357,0.23516030333212778,0.44670285410209853,2022
11,2022-10-22 15:30:00,Dortmund,Stuttgart,0.6366973721345168,0.20299653649723007,0.16030609136825313,2.3388279508313787,1.121733969427699,0.27954985409076516,0.21207823377154464,0.3096936898100264,0.04832815050404616,-0.11026818306991693,-0.054405995930797965,5,0,0.611065235342692,0.21607486925406,0.17285989540324803,0.6496715746490769,0.18702302425314524,0.16330540109777789,2022
11,2022-10-22 15:30:00,Freiburg,Werder Bremen,0.5495928361381848,0.23864654627514034,0.21176061758667497,1.9565478700053012,1.156406052915094,0.27954985409076516,0.21207823377154464,0.049708230258871174,0.1298453114112887,-0.058544843891367424,-0.07568804477848891,2,0,0.48858046625698476,0.2546855621977899,0.25673397154522526,0.7323335533061771,0.1592670073653316,0.10839943932849132,2022
11,2022-10-22 15:30:00,Hoffenheim,Bayern Munich,0.18734542413903005,0.2013326297055507,0.6113219461554191,1.3144188368844512,2.424507117102021,0.27954985409076516,0.21207823377154464,0.06749362572913094,-0.2857270947873157,0.5890219528627206,0.01705644609816311,0,2,0.18869262260713118,0.20606688978508972,0.6052404876077792,0.21393137490029412,0.2663953763985492,0.5196732487011567,2022
11,2022-10-22 15:30:00,Leverkusen,Wolfsburg,0.5335516879563114,0.23860090965028224,0.22784740239340606,1.9623179729455782,1.2329397464654557,0.27954985409076516,0.21207823377154464,0.20465354516181153,-0.0221552192906828,-0.04988348796588996,-0.020265010561329615,2,2,0.535688328613318,0.24337109345630437,0.22094057793037772,0.46447555295685505,0.2273893946072287,0.30813505243591616,2022
11,2022-10-22 18:30:00,M'gladbach,Ein Frankfurt,0.45611575789808717,0.23856573774312456,0.3053185043587882,1.9212385319500478,1.55308714782343,0.27954985409076516,0.21207823377154464,0.1507822977330883,0.010559661200876667,0.11403319048771277,0.04666161380464455,1,3,0.3621500299905191,0.26149797805854924,0.37635199195093166,0.43870271295509183,0.2954703173130631,0.26582696973184516,2022
11,2022-10-23 15:30:00,Bochum,Union Berlin,0.22306255894623866,0.2710637973848671,0.5058736436688943,1.008155099248091,1.6248727867929857,0.27954985409076516,0.21207823377154464,-0.23374790646709628,-0.24975815528087214,0.021738077130218657,0.18414159644581218,2,1,0.20241276266067956,0.2778787926700081,0.5197084446693123,0.2595505813089005,0.2187764931531861,0.5216729255379134,2022
11,2022-10-23 17:30:00,Hertha,Schalke 04,0.6054117193629172,0.22936697884696317,0.16522130179011985,2.014280980235597,0.9724425263532538,0.27954985409076516,0.21207823377154464,-0.17641937904441068,0.3850535892705014,-0.41320752947389344,0.10571337128163708,2,1,0.541943226402031,0.24346180475421184,0.21459496884375723,0.5815477575075241,0.22380628117435133,0.19464596131812464,2022
12,2022-10-28 20:30:00,Werder Bremen,Hertha,0.46104199735767554,0.26402982175171824,0.27492818089060644,1.663664662572891,1.243471749577591,0.2754994705229055,0.2266549230321051,-0.0936201086684813,0.10048851230751807,-0.18079625447298742,0.12320404947934395,1,0,0.4614127211445268,0.2512404345498994,0.2873468443055736,0.4383455287327763,0.2621744969293896,0.299479974337834,2022
12,2022-10-29 15:30:00,Bayern Munich,Mainz,0.7434049669688491,0.1605602375166148,0.09603479551453592,2.711755604345942,0.9240918164059421,0.2754994705229055,0.2266549230321051,0.5787081127303721,-0.08326625665957385,-0.0388976357903007,-0.31554567860507143,6,2,0.7847892001968793,0.13224348401107636,0.08296731579204443,0.8059069121084392,0.09382708837424636,0.10026599951731453,2022
12,2022-10-29 15:30:00,RB Leipzig,Leverkusen,0.5392629177282242,0.22813891066424571,0.23259817160753007,2.0928598117583084,1.336926964684073,0.2754994705229055,0.2266549230321051,0.2497840427953867,-0.013406974700569625,0.2013084040089917,-0.18643420416887727,2,0,0.5679283798137349,0.2312768582855932,0.20079476190067194,0.5193461420864627,0.23358086392568753,0.24707299398784985,2022
12,2022-10-29 15:30:00,Stuttgart,Augsburg,0.44201638164546053,0.27454223760900853,0.283441380745531,1.55163037089987,1.202780661050469,0.2754994705229055,0.2266549230321051,-0.1327364884383155,0.06988832519902113,-0.1737854416065761,0.08292206481135055,2,1,0.607749309972399,0.21923376935077407,0.1730169206768271,0.3654365095573976,0.2640775009789509,0.3704859894636515,2022
12,2022-10-29 15:30:00,Wolfsburg,Bochum,0.5586324222203052,0.2451704034880467,0.1961971742916482,1.8752257028061132,1.0389863988309314,0.2754994705229055,0.2266549230321051,-0.0449028046726496,0.17147743812547184,-0.2134531943002683,-0.023800654825559694,4,0,0.5387513421923199,0.2452627593612096,0.21598589844647056,0.48282559694134347,0.2665780727972521,0.2505963302614043,2022
12,2022-10-29 18:30:00,Ein Frankfurt,Dortmund,0.36365001498161675,0.23778845580374905,0.39856152921463417,1.7457907276686875,1.8317812686419352,0.2754994705229055,0.2266549230321051,0.12756503128142269,-0.07251183275339405,0.33374697165057987,-0.00395757789578406,1,2,0.36046304541406937,0.26055209260908274,0.3789848619768477,0.34163648570526817,0.3044605311429878,0.35390298315174407,2022
12,2022-10-30 15:30:00,Union Berlin,M'gladbach,0.500034891013799,0.2551235256507446,0.24484158333545636,1.7758046379555843,1.1906981644500014,0.2754994705229055,0.2266549230321051,0.008448121562968147,0.06365112225029435,0.13458148543418222,-0.23554112805546676,2,1,0.4948363774992682,0.27272232168993754,0.23244130081079423,0.5587893273694212,0.21436259231277785,0.2268480803178009,2022
12,2022-10-30 17:30:00,Schalke 04,Freiburg,0.16767314232323055,0.2289387105095018,0.6033881471672677,0.9888914021946825,2.0231907152600037,0.2754994705229055,0.2266549230321051,-0.41614288056386345,-0.09718227204731755,0.04584211516482631,0.38333424153933604,0,2,0.22994197446344658,0.2585293550724156,0.5115286704641379,0.24135056763044405,0.15584258724019304,0.6028068451293629,2022
12,2022-10-30 19:30:00,FC Koln,Hoffenheim,0.4038627012257226,0.25615600737302247,0.3399812914012551,1.6568628846905311,1.507962474487857,0.2754994705229055,0.2266549230321051,-0.003438825789683636,0.006210418124561764,0.04427956744332376,0.09098034701804393,1,1,0.2980683662252002,0.26367586242998475,0.43825577134481497,0.4665151419630284,0.2873552220637963,0.2461296359731753,2022
13,2022-11-04 20:30:00,M'gladbach,Stuttgart,0.5527031356652945,0.23094456510010233,0.21635229923460308,2.0508913358811625,1.2345278614884545,0.26502933053992256,0.23928992300017518,0.13467394364739355,0.0792812994563804,-0.12170231470927112,0.06736158276471436,3,1,0.42718209638961385,0.25768357020821214,0.31513433340217417,0.5790146427305833,0.24806839338418796,0.1729169638852287,2022
13,2022-11-05 15:30:00,Augsburg,Ein Frankfurt,0.3247233581768666,0.2652894905796289,0.4099871512435047,1.3919612299789677,1.5854492923364847,0.26502933053992256,0.23928992300017518,-0.1737037032833459,9.815924099748501e-05,0.11938051000486323,0.07645799181231046,1,2,0.22196394569598657,0.2344766191053191,0.5435594351986944,0.3145098250555272,0.33243655262154453,0.3530536223229282,2022
13,2022-11-05 15:30:00,Dortmund,Bochum,0.758881720288681,0.15049853869707866,0.09061974101424036,2.8529630062840403,0.9498594239896331,0.26502933053992256,0.23928992300017518,0.3385628861761708,0.2054759658288681,-0.23411899287405552,-0.08235161775051537,3,0,0.7589433242433605,0.15275856047070835,0.08829811528593114,0.6542453992115395,0.19061859494795977,0.15513600584050083,2022
13,2022-11-05 15:30:00,Hertha,Bayern Munich,0.11542350421676423,0.17248607714888953,0.7120904186343464,1.0134352730862,2.6317592225437334,0.26502933053992256,0.23928992300017518,-0.1997095378842549,-0.291263895525177,0.6102299223465171,0.09239327559555398,2,3,0.0947583137594264,0.145671075946759,0.7595706102938147,0.0852040846616419,0.15449447225653717,0.7603014430818209,2022
13,2022-11-05 15:30:00,Hoffenheim,RB Leipzig,0.3108094404537938,0.25946622894151844,0.42972433060468773,1.3951050989136187,1.6688296324970397,0.26502933053992256,0.23928992300017518,0.03694600668270086,-0.20829550806433988,0.24881519149578996,-0.0017219601594323903,1,3,0.34607867799299524,0.2626405309700265,0.3912807910369782,0.32000087695096224,0.3111781403224193,0.3688209827266184,2022
13,2022-11-05 15:30:00,Mainz,Wolfsburg,0.4357708048882215,0.2715931194693084,0.2926360756424701,1.5689901908873003,1.2510972415647352,0.26502933053992256,0.23928992300017518,-0.01653689782548823,-0.03735013380779444,-0.00979477327901279,-0.03121359773010381,0,3,0.4749048753600512,0.2672166708154049,0.25787845382454394,0.4156924469813209,0.3237100401767605,0.26059751284191845,2022
13,2022-11-05 18:30:00,Werder Bremen,Schalke 04,0.6515655591965411,0.21048938611074525,0.13794505469271373,2.1775739362319735,0.919931283996437,0.26502933053992256,0.23928992300017518,-0.11125096650357448,0.38514309677310093,-0.44657843404832204,0.09809280047159305,2,1,0.6111863202684676,0.21371102958162455,0.17510265014990772,0.6125876410942632,0.2647529487694228,0.122659410136314,2022
13,2022-11-06 15:30:00,Leverkusen,Union Berlin,0.42649383540801533,0.26958426444238065,0.30392190014960396,1.5738158041319712,1.2996148727206818,0.26502933053992256,0.23928992300017518,0.18695277711068906,-0.23776891156189275,0.013488005583474372,-0.016449367300447097,5,0,0.41325557923068296,0.30054951216776943,0.28619490860154756,0.3480933496776776,0.2757815446044832,0.37612510571783914,2022
13,2022-11-06 17:30:00,Freiburg,FC Koln,0.5346736335060727,0.24517227447195986,0.22015409202196756,1.885648156459901,1.1514970955435349,0.26502933053992256,0.23928992300017518,0.046301761440608165,0.08365059639739827,-0.012599303236322839,-0.11136710935250717,2,0,0.5804797103635542,0.23532961230954894,0.18419067732689698,0.5129006464526817,0.2737824731155034,0.21331688043181482,2022
14,2022-11-08 18:30:00,Wolfsburg,Dortmund,0.3336766157492003,0.2521703121583955,0.41415307209240426,1.5240047851722476,1.7136182065435543,0.2643096527679304,0.2436185026971412,0.013528210390912664,-0.10011476871965637,0.33707819373376263,-0.06278080111315446,2,0,0.3207118515713745,0.26416761327779886,0.41512053515082675,0.29935535806601604,0.3083931106978217,0.3922515312361623,2022
14,2022-11-08 20:30:00,Bayern Munich,Werder Bremen,0.8350465877980584,0.10874185879575214,0.05621155340618931,3.3750476144195414,0.8814058183488813,0.2643096527679304,0.2436185026971412,0.6119270003635259,0.09655427637253956,-0.11639102621213236,-0.2741557518937457,6,1,0.8214462118912872,0.11240842899564982,0.06614535911306303,0.861206646083305,0.09597930298225789,0.042814050934437214,2022
14,2022-11-08 20:30:00,Bochum,M'gladbach,0.27435864861245385,0.24706413704767977,0.47857721433986633,1.3654279699632965,1.8485413285589456,0.2643096527679304,0.2436185026971412,-0.2587575745344015,0.0622973296742881,0.14474839305923565,0.20533881120706052,2,1,0.34944093036669827,0.27222735368510487,0.37833171594819687,0.34264860781376166,0.2907350031462223,0.3666163890400161,2022
14,2022-11-08 20:30:00,Stuttgart,Hertha,0.46039700570644804,0.26985912737378365,0.26974386691976826,1.6104958734232946,1.1872085309255171,0.2643096527679304,0.2436185026971412,-0.12636251454801326,0.09497648657339791,-0.18315057196534323,0.09044569835519997,2,1,0.4610438054755934,0.26417937063064306,0.2747768238937634,0.44418591735321183,0.24268134451593273,0.31313273813085535,2022
14,2022-11-09 18:30:00,FC Koln,Leverkusen,0.3286171656526533,0.247529695299366,0.4238531390479808,1.5495279712711638,1.7768080145189544,0.2643096527679304,0.2436185026971412,-0.032826517559108155,-0.037151288018670736,0.22810329643021368,0.08240555503753179,1,2,0.31152514151248234,0.2657887633956913,0.42268609509182625,0.4165407352586772,0.29618535322584083,0.28727391151548193,2022
14,2022-11-09 20:30:00,Ein Frankfurt,Hoffenheim,0.49923055867452015,0.24292632375065723,0.25784311757482253,1.9070335744111249,1.3319462887623215,0.2643096527679304,0.2436185026971412,0.12321649467365366,0.014404282203507913,0.03110047972417681,-0.008768884938945077,4,2,0.5783948526921775,0.22485607856417203,0.1967490687436505,0.46158540249698393,0.28883897028768585,0.2495756272153303,2022
14,2022-11-09 20:30:00,RB Leipzig,Freiburg,0.5487972284500287,0.24414212502045618,0.20706064652951528,1.8925241884234114,1.0973869200900117,0.2643096527679304,0.2436185026971412,0.2628486497617613,-0.13286531777777075,0.04544565493381793,-0.2168234811294848,3,1,0.5394609078282674,0.25269484629850414,0.20784424587322853,0.48753769570386524,0.27933429552370737,0.2331280087724274,2022
14,2022-11-09 20:30:00,Schalke 04,Mainz,0.20668530854410896,0.25055309642993717,0.5427615950259538,1.0557426506307932,1.823876834528574,0.2643096527679304,0.2436185026971412,-0.444370943905716,-0.00931275802963002,-0.041775434753633815,0.37843014642842254,1,0,0.27497639282341835,0.2636449480642115,0.4613786591123702,0.3023368006809139,0.19516802581635534,0.5024951735027308,2022
14,2022-11-09 20:30:00,Union Berlin,Augsburg,0.570557860985392,0.2522439357308091,0.17719820328379887,1.7882358385164174,0.9074559581782661,0.2643096527679304,0.2436185026971412,-0.0053242737903193334,0.07862568711468416,-0.1810305276721637,-0.1803893700496019,2,2,0.5486576289992269,0.262336298018756,0.18900607298201713,0.6048089479593124,0.24498029160227122,0.15021076043841639,2022
15,2022-11-11 20:30:00,M'gladbach,Dortmund,0.3499343942284697,0.23518122812141268,0.4148843776501175,1.7336582288174656,1.894778003305259,0.25828144961711824,0.26042342211275565,0.1296385448743283,-0.09810965754717234,0.31477397804224816,0.06604625536100558,4,2,0.28905553404404216,0.24368479199155957,0.46725967396439827,0.33186811660199056,0.3053917500927341,0.36274013330527527,2022
15,2022-11-12 15:30:00,Augsburg,Bochum,0.5097859205523527,0.2607095947261204,0.2295044847215268,1.722522611708203,1.0930072041002215,0.25828144961711824,0.26042342211275565,-0.16415613875182947,0.18924111810312674,-0.24712793868937433,0.07777928937048183,0,1,0.3873364325408894,0.2838934683608299,0.3287700990982807,0.49309718878631,0.21678975600583356,0.2901130552078564,2022
15,2022-11-12 15:30:00,Hertha,FC Koln,0.396346010673719,0.27160882810518283,0.3320451612210981,1.5086056284554323,1.3650692795969452,0.25828144961711824,0.26042342211275565,-0.18966726345662313,0.08214819107023616,-0.04320728240585262,0.09613101442117873,2,0,0.3821787075676504,0.27885713837058207,0.3389641540617676,0.39694900211043005,0.2716889028208617,0.33136209506870834,2022
15,2022-11-12 15:30:00,Hoffenheim,Wolfsburg,0.41563016393681546,0.2656085836272295,0.31876125243595504,1.5919041854577325,1.3724196927091048,0.25828144961711824,0.26042342211275565,0.03887976390035191,-0.09265373503321224,0.01713163972752019,0.04116229165767934,1,2,0.4506891254130884,0.26445394962255603,0.28485692496435555,0.34620115605472246,0.32230594731546947,0.3314928966298081,2022
15,2022-11-12 15:30:00,Leverkusen,Stuttgart,0.6352253499742982,0.20594742525346899,0.15882722477223252,2.293884252703803,1.0895569776356382,0.25828144961711824,0.26042342211275565,0.22684044356053537,0.08470124560665683,-0.12249134090073847,-0.050018937631594367,2,0,0.5322236448997012,0.2475458813486982,0.22023047375160051,0.5903774269238852,0.19458474996506522,0.21503782311104963,2022
15,2022-11-12 15:30:00,Werder Bremen,RB Leipzig,0.22082927911123346,0.23813843858784275,0.5410322823009237,1.2033877250438147,1.9660610764013573,0.25828144961711824,0.26042342211275565,-0.11360786594509896,-0.21995632226218748,0.2725095333740615,0.1452411045795058,1,2,0.2588224025396477,0.24621310600566493,0.49496449145468724,0.20701074114900428,0.24124695480092,0.5517423040500757,2022
15,2022-11-12 18:30:00,Schalke 04,Bayern Munich,0.04757495315987298,0.10056768515596036,0.8518573616841667,0.8146751158216239,3.4354996693205426,0.25828144961711824,0.26042342211275565,-0.4499619146919308,-0.27370883314734656,0.6299222677551854,0.3459586618630228,0,2,0.07967904459787273,0.13659264788206754,0.7837283075200596,0.09400919174025922,0.08556395424198425,0.8204268540177564,2022
15,2022-11-13 15:30:00,Mainz,Ein Frankfurt,0.3863005745445628,0.2631720925932917,0.35052733286214544,1.559713658632873,1.4779018261358343,0.25828144961711824,0.26042342211275565,-0.07370856605737494,-0.0004940534172270675,0.14776801965956973,-0.015426072410240516,1,1,0.3533254156769596,0.2725653206650831,0.37410926365795727,0.3467323343031349,0.3086585451275195,0.3446091205693456,2022
15,2022-11-13 17:30:00,Freiburg,Union Berlin,0.4377230436346806,0.28212174329345285,0.2801552130718665,1.4856083850318447,1.14590336758349,0.25828144961711824,0.26042342211275565,0.04190067669168436,-0.16478117317552424,-0.0022743761545169325,-0.11981378020568466,4,1,0.45866366694490524,0.30922808513382316,0.23210824792127163,0.4759457330554209,0.21532215398094065,0.30873211296363834,2022
16,2023-01-20 20:30:00,RB Leipzig,Bayern Munich,0.33400358752393344,0.23653828798638424,0.42945812448968224,1.6703021836556748,1.9057627081481603,0.2535954555500508,0.2701953425061058,0.2656377631800827,-0.27642400287993274,0.6053654800853943,-0.2140786354528382,1,1,0.260835298147366,0.23129491498368837,0.5078697868689455,0.20572570184843936,0.26924020618905337,0.5250340919625073,2022
16,2023-01-21 15:30:00,Bochum,Hertha,0.39896650310591597,0.2815701675986467,0.31946332929543725,1.4354258410201175,1.2627589309939453,0.2535954555500508,0.2701953425061058,-0.24265321513821814,0.08032397559521091,-0.18070370224878504,0.1604072016938326,3,1,0.40942537469663726,0.27850446999713113,0.31207015530623167,0.42051772839646606,0.27495385162994784,0.3045284199735861,2022
16,2023-01-21 15:30:00,Ein Frankfurt,Schalke 04,0.7649584278959427,0.15509246903293036,0.07994910307112704,2.6790185900250045,0.7978677696037587,0.2535954555500508,0.2701953425061058,0.13497938759120123,0.32668034405677315,-0.4739537043762055,-0.005454148687237324,3,0,0.7108766434488727,0.17804888101224087,0.11107447553888636,0.6754377430279938,0.22167829345977974,0.10288396351222659,2022
16,2023-01-21 15:30:00,Stuttgart,Mainz,0.3963419432142218,0.27984835291107674,0.3238097038747015,1.4439760428071649,1.2856751313407493,0.2535954555500508,0.2701953425061058,-0.13726404293163794,-0.019126305645277862,-0.08201818776401106,0.07970670662951261,1,1,0.4148697050194122,0.276979485143018,0.3081508098375699,0.3443931421439292,0.3070657173267635,0.34854114052930735,2022
16,2023-01-21 15:30:00,Union Berlin,Hoffenheim,0.5009277434536256,0.2557170455262211,0.24335521102015334,1.770066086276717,1.1807598086555757,0.2535954555500508,0.2701953425061058,-0.0038561363842166394,0.05108222109629517,0.0299150165781199,-0.11735233522856775,3,1,0.42614513638703033,0.2959341224909933,0.27792074112197634,0.47437942590218557,0.2762294546570007,0.24939111944081382,2022
16,2023-01-21 15:30:00,Wolfsburg,Freiburg,0.4260351053803356,0.2733166483438022,0.3006482462758622,1.541765723511148,1.2641764182920654,0.2535954555500508,0.2701953425061058,0.02222686663605081,-0.1130893313717577,0.07434710351407076,-0.09352170164504615,6,0,0.42050441332867494,0.2844955674745931,0.29500001919673197,0.39764459855220785,0.28099552061153693,0.32135988083625516,2022
16,2023-01-21 18:30:00,FC Koln,Werder Bremen,0.5072699144351048,0.24820688207668973,0.24452320348820544,1.8510864435624115,1.237109367857427,0.2535954555500508,0.2701953425061058,-0.06471833378364852,0.1567002692345594,-0.12808137602833444,0.08726342376971666,7,1,0.47457500293961496,0.2583939369105181,0.26703106014986694,0.5279239918310468,0.22036167979168966,0.2517143283772636,2022
16,2023-01-22 15:30:00,Dortmund,Augsburg,0.6887553964001638,0.1849302912475639,0.1263143123522721,2.4874384156578073,1.0089031631508214,0.2535954555500508,0.2701953425061058,0.3102655015817744,0.07719713258170757,-0.18701252378147606,-0.057719168094171054,4,3,0.7491398458255302,0.1551616509153202,0.09569850325914957,0.7151415142221286,0.13981640561389314,0.1450420801639783,2022
16,2023-01-22 17:30:00,M'gladbach,Leverkusen,0.40823529712604517,0.23767974428265917,0.3540849585912956,1.8533645278502897,1.7200104872763733,0.2535954555500508,0.2701953425061058,0.1533122521145077,-0.060100399144035026,0.2163214378409334,0.0724134946694946,2,3,0.3440035652815343,0.25939728300958936,0.3965991517088764,0.36354102808308325,0.33061578573893247,0.30584318617798434,2022
17,2023-01-24 18:30:00,Schalke 04,RB Leipzig,0.1106934479057591,0.19609701527182838,0.6932095368224125,0.8120811533614842,2.261951868103353,0.2514053246735031,0.2951312448136249,-0.5124886177350189,-0.24220295300308928,0.24372920547308585,0.321093568852052,1,6,0.15772432932469935,0.2205960089863883,0.6216796616889124,0.243970415900637,0.12153690362198366,0.6344926804773793,2022
17,2023-01-24 20:30:00,Bayern Munich,FC Koln,0.817301347282043,0.11642412422082439,0.06627452849713278,3.3354553102609135,0.9621530390987039,0.2514053246735031,0.2951312448136249,0.582871617913293,0.07520100746436749,0.010638718413162596,-0.3006257997534751,1,1,0.7921479543101165,0.12529399015885503,0.0825580555310285,0.8113262484690457,0.08504406514397955,0.10362968638697473,2022
17,2023-01-24 20:30:00,Hertha,Wolfsburg,0.3004332663896847,0.27450162127891464,0.42506511233140065,1.2556173346407054,1.5306659882982276,0.2514053246735031,0.2951312448136249,-0.19540911274012937,-0.12350010499433614,0.080311840263302,0.0939857622272965,0,5,0.32302936630602785,0.2805255023183926,0.3964451313755797,0.30735137720120054,0.2865330834690059,0.40611553932979355,2022
17,2023-01-24 20:30:00,Hoffenheim,Stuttgart,0.5275118639982803,0.24676725557391357,0.2257208804278062,1.868834672922163,1.1658541012936132,0.2514053246735031,0.2951312448136249,0.016313927601293625,0.06246456996687759,-0.1563914451329099,0.058440073023109655,2,2,0.4517410178258059,0.2623810843262215,0.2858778978479727,0.4197124967523952,0.2694349487499937,0.31085255449761096,2022
17,2023-01-25 18:30:00,Mainz,Dortmund,0.333293486904811,0.2530581102998532,0.4136484027953359,1.515241976053462,1.7040831703728203,0.2514053246735031,0.2951312448136249,-0.09631079446927888,-0.034650628643122953,0.319050336596767,-0.037428425150024626,1,2,0.3042102592421235,0.2562198707520559,0.43956987000582065,0.293360724554207,0.2510074621694085,0.45563181327638447,2022
17,2023-01-25 20:30:00,Augsburg,M'gladbach,0.3683021765998179,0.2536915706761387,0.3780062527240435,1.6032611454758507,1.6260687530652078,0.2514053246735031,0.2951312448136249,-0.156517564878983,0.08202076621608637,0.1449752396931533,0.08978472942297643,1,0,0.30245194593493174,0.2611333740858973,0.43641467997917094,0.4107525733145732,0.24839331132898038,0.3408541153564464,2022
17,2023-01-25 20:30:00,Freiburg,Ein Frankfurt,0.4514479925244073,0.2532270223920523,0.2953249850835403,1.7577775132416265,1.393074810227009,0.2514053246735031,0.2951312448136249,0.04626361848652949,-0.028749953465030408,0.1287585432366584,-0.04865047015609539,1,1,0.40880959362894137,0.279273995647678,0.3119164107233806,0.46937581016261404,0.2846679893957932,0.2459562004415928,2022
17,2023-01-25 20:30:00,Leverkusen,Bochum,0.698286357695417,0.182362477768147,0.11935116453643609,2.4945722838524924,0.971049778496264,0.2514053246735031,0.2951312448136249,0.22164356264282872,0.14593715306020194,-0.21314760456185786,-0.06763526692979453,2,0,0.654764576320492,0.20083115156048703,0.14440427211902088,0.6051831699623466,0.18913349654748868,0.20568333349016477,2022
17,2023-01-25 20:30:00,Werder Bremen,Union Berlin,0.29253451838600597,0.2622182200177288,0.4452472615962653,1.3158867623651502,1.6636824092940248,0.2514053246735031,0.2951312448136249,-0.14182647675454496,-0.1301993103666911,0.007729662569655688,0.2498984771405448,1,2,0.32574195713669274,0.3030637196145179,0.37119432324878937,0.27713283414509504,0.33380868739506164,0.3890584784598433,2022
18,2023-01-27 20:30:00,RB Leipzig,Stuttgart,0.7060125083651053,0.18304967315573648,0.11093781847915818,2.442833453504323,0.8961024798019919,0.26341603502496175,0.27222751690684266,0.29121465415116055,0.06630041092742464,-0.13930295399723314,-0.2338135787962228,2,1,0.7219659364708968,0.18015285093926695,0.09788121258983616,0.6944185578651384,0.16818360787427405,0.13739783426058746,2022
18,2023-01-28 15:30:00,Freiburg,Augsburg,0.5612081588869837,0.24387196705347156,0.1949198740595447,1.888262059214871,1.0406715734528245,0.26341603502496175,0.27222751690684266,0.034576836451553294,0.0654364722580181,-0.16739062612547423,-0.056159160444321704,3,1,0.5799405152597857,0.2374446278358924,0.18261485690432183,0.5870621971637243,0.2559413097529853,0.1569964930832903,2022
18,2023-01-28 15:30:00,Hertha,Union Berlin,0.2888127480909026,0.27715671974177175,0.43403053216732557,1.2030775962792621,1.520709085288708,0.26341603502496175,0.27222751690684266,-0.21632025156700305,-0.13444036314216792,0.013329541482767169,0.1424311530509502,0,2,0.25592754542318946,0.3018013507348932,0.44227110384191726,0.3058579885805589,0.2290038395207308,0.4651381718987103,2022
18,2023-01-28 15:30:00,Hoffenheim,M'gladbach,0.43982397187381655,0.24099197143876577,0.3191840566874177,1.8718312036087172,1.5787361205387278,0.26341603502496175,0.27222751690684266,0.018668791655252752,0.07260486139043613,0.1218679767539838,0.07134059144057298,1,4,0.47255813953488374,0.25178294573643406,0.27565891472868215,0.4059195090534423,0.26990234662564927,0.32417814432090847,2022
18,2023-01-28 15:30:00,Mainz,Bochum,0.5430396653540576,0.25622271580533834,0.20073761884060426,1.7640999173292586,0.9958293174989086,0.26341603502496175,0.27222751690684266,-0.10507561442839373,0.1370726609539684,-0.2357975134057365,-0.03179792567491629,5,2,0.5285932424376699,0.2544557895777081,0.21695096798462188,0.4651714677028625,0.2693410578668457,0.2654874744302919,2022
18,2023-01-28 15:30:00,Werder Bremen,Wolfsburg,0.24268656495477442,0.24214607290619777,0.5151673621390278,1.2734454148257646,1.920732649426393,0.26341603502496175,0.27222751690684266,-0.15185584400447302,-0.14206155573620133,0.13213647072451973,0.2571541957468438,2,1,0.2748690628965408,0.25718311783081166,0.46794781927264756,0.18014308234631687,0.48971454117910923,0.330142376474574,2022
18,2023-01-28 18:30:00,Bayern Munich,Ein Frankfurt,0.7341517247814566,0.1568621979222536,0.10898607729628985,2.8720722405023094,1.0883285761026422,0.26341603502496175,0.27222751690684266,0.5603539705990563,-0.040963718282982536,0.1221549143388129,-0.3009278464285328,1,1,0.7066756009716056,0.16802077225898318,0.12530362676941117,0.7826331152843752,0.13529389263942188,0.08207299207620303,2022
18,2023-01-29 15:30:00,Schalke 04,FC Koln,0.19701163600608873,0.23986225935461486,0.5631261046392965,1.0760002522955112,1.9337030360488774,0.26341603502496175,0.27222751690684266,-0.5039514307152705,0.04155857499841352,0.010130979385869434,0.38588982173468195,0,0,0.25651041666666663,0.25651041666666663,0.4869791666666667,0.31740957570310624,0.17965490895682124,0.5029355153400725,2022
18,2023-01-29 17:30:00,Leverkusen,Dortmund,0.46013334067179723,0.2299536341740289,0.3099130251541736,2.029840452513152,1.6531530681090245,0.26341603502496175,0.27222751690684266,0.2144534651580441,-0.042139821945994665,0.32162773353769225,-0.08235935382395172,0,2,0.3861524857310196,0.2564052505253971,0.35744226374358334,0.4348908246838786,0.20519543001505644,0.35991374530106496,2022
19,2023-02-03 20:30:00,Augsburg,Leverkusen,0.2890488993159332,0.2581468221058816,0.45280427857818517,1.3339819402852733,1.7108441087070827,0.2673960312651447,0.26516177466337965,-0.168159489451553,-0.07622990709221565,0.18678997761788996,0.08280087065877437,1,0,0.2486919136167435,0.2526289887663489,0.4986790976169076,0.3706079874268507,0.2696084611452758,0.35978355142787344,2022
19,2023-02-04 15:30:00,Bochum,Hoffenheim,0.35858939356737196,0.2586020200861173,0.3828085863465107,1.536185555037549,1.5923045706098242,0.2673960312651447,0.26516177466337965,-0.20977538790790123,0.10652001346953863,0.006639006933794003,0.19114734412234238,5,2,0.3446865301545436,0.28100544100575686,0.3743080288396996,0.4159426280123388,0.28044434411809405,0.3036130278695672,2022
19,2023-02-04 15:30:00,Dortmund,Freiburg,0.5804591354366238,0.21652112156078973,0.20301974300258635,2.227934170255831,1.2775877377977884,0.2673960312651447,0.26516177466337965,0.32246274974185063,-0.05394578060565584,0.05094450394838575,-0.07336681518235481,5,1,0.5706479668503257,0.2304539866126315,0.19889804653704296,0.6732090287342702,0.18858897248565012,0.13820199878007958,2022
19,2023-02-04 15:30:00,Ein Frankfurt,Hertha,0.6516094052686614,0.20739292792559438,0.14099766680574422,2.225818706394636,0.9600264442867437,0.2673960312651447,0.26516177466337965,0.11938830632763966,0.1481786936122956,-0.2379963057964918,-0.07019417423627111,3,0,0.6316076098061543,0.2172044269016639,0.1511879632921818,0.6491300463053553,0.23141770355816804,0.11945225013647666,2022
19,2023-02-04 15:30:00,FC Koln,RB Leipzig,0.27561278503739084,0.25295886080338253,0.47142835415922674,1.3248865097158562,1.7806517811559024,0.2673960312651447,0.26516177466337965,-0.021372801006141317,-0.22985820219726574,0.28435259686451775,0.025230838339464084,0,0,0.2568155186288489,0.265328740240855,0.47785574113029605,0.30292535282469973,0.2776947172370039,0.4193799299382963,2022
19,2023-02-04 15:30:00,Union Berlin,Mainz,0.5137052277711633,0.2617566493761472,0.2245381228526892,1.7128540017311285,1.0664438386223694,0.2673960312651447,0.26516177466337965,0.018890794695604604,-0.013287614493419076,-0.049433784360501144,-0.15363264888151523,2,1,0.4976009957373342,0.28413311295060795,0.2182658913120579,0.6436992441296482,0.2254166880968273,0.1308840677735246,2022
19,2023-02-04 18:30:00,M'gladbach,Schalke 04,0.783988655273297,0.14285313457198315,0.07315821015471988,2.8350374854539453,0.8117145164249567,0.2673960312651447,0.26516177466337965,0.15424150973788364,0.35525584380823666,-0.5388739265652026,0.06287131390315182,0,0,0.5983540473473149,0.2161098139403395,0.1855361387123457,0.607142473791211,0.23819945439654602,0.15465807181224306,2022
19,2023-02-05 15:30:00,Stuttgart,Werder Bremen,0.5215402398061098,0.24467653838829764,0.2337832218055925,1.892432000024051,1.2160112909116414,0.2673960312651447,0.26516177466337965,-0.1385695125420745,0.2438744810023873,-0.13283168144321683,0.06101171896811806,0,2,0.5235588092192388,0.2541412787456783,0.2222999120350829,0.5076350891159007,0.2248879603098327,0.2674769505742665,2022
19,2023-02-05 17:30:00,Wolfsburg,Bayern Munich,0.2668791966944435,0.2368975655953974,0.49622323771015914,1.4185107875760021,1.9760598873015014,0.2673960312651447,0.26516177466337965,0.11944727360575923,-0.30239749937855925,0.5418201991976141,-0.12811132425752433,2,4,0.17454620239838214,0.21006654555603976,0.615387252045578,0.2757467578233885,0.3735543457460495,0.3506988964305621,2022
20,2023-02-10 20:30:00,Schalke 04,Wolfsburg,0.146447869920741,0.22582996557989882,0.6277221644993602,0.8838269017578103,2.0181523126365963,0.26113371988315814,0.2735382013361315,-0.5645177181871568,-0.09364825104156019,0.12923030450236048,0.31181837172272364,0,0,0.2583398854318769,0.2611479276648321,0.4805121869032911,0.2593125208891742,0.19778786900492773,0.542899610105898,2022
20,2023-02-11 15:30:00,Bayern Munich,Bochum,0.8662375376041473,0.0902318354969539,0.04353062689889846,3.6597908022250913,0.8530022444264603,0.26113371988315814,0.2735382013361315,0.5621293255410628,0.2006047411573528,-0.13228004400182056,-0.28784677616018056,3,0,0.8492128469617314,0.09832074969946275,0.05246640333880571,0.742245688875588,0.14768322290773964,0.11007108821667244,2022
20,2023-02-11 15:30:00,Freiburg,Stuttgart,0.5604348501537291,0.24044422282212993,0.1991209270241409,1.9287407001933843,1.0827208600076232,0.26113371988315814,0.2735382013361315,0.04966682837280896,0.07252855341601312,-0.1711916404674508,-0.010464891611356206,2,1,0.4639581032767349,0.2770300558695867,0.2590118408536786,0.6330992373985339,0.23752239522297008,0.1293783673784961,2022
20,2023-02-11 15:30:00,Hoffenheim,Leverkusen,0.3377989985553551,0.24541683684953947,0.4167841645951053,1.5966477022069365,1.7864911944982589,0.26113371988315814,0.2735382013361315,0.015316991126688738,-0.08208266719399264,0.162822768631863,0.15629698104190556,1,3,0.3616252874550516,0.2669378862829768,0.3714368262619716,0.2675230182321671,0.36641214719211934,0.3660648345757135,2022
20,2023-02-11 15:30:00,Mainz,Augsburg,0.5130830638474346,0.26069996690786207,0.2262169692447032,1.7230950717148243,1.0796003428272096,0.26113371988315814,0.2735382013361315,-0.049444915852300576,0.058895128668639156,-0.1741496557590761,-0.010393144412207298,3,1,0.5273978939174985,0.24675171386371395,0.22585039221878758,0.4505919024030235,0.30625064352364795,0.24315745407332862,2022
20,2023-02-11 15:30:00,Werder Bremen,Dortmund,0.2224317055992066,0.21353374990597027,0.5640345444948232,1.4118853672231608,2.2886384569391964,0.26113371988315814,0.2735382013361315,-0.11514411095049168,-0.0746018591795493,0.3543834654319251,0.21243989514144562,0,2,0.21795511221945138,0.21995012468827932,0.5620947630922694,0.2298771812507144,0.2542742861313982,0.5158485326178874,2022
20,2023-02-11 18:30:00,RB Leipzig,Union Berlin,0.5668069295229494,0.24213990480870815,0.19105316566834224,1.903996603813835,1.0321637809275408,0.26113371988315814,0.2735382013361315,0.26216061672957425,-0.15287738529250228,0.023289189118786538,-0.2527655520853076,1,2,0.5247676418348072,0.27516469471567256,0.20006766344952026,0.46946097443700874,0.2978468483503449,0.23269217721264643,2022
20,2023-02-12 15:30:00,Hertha,M'gladbach,0.3021732281414319,0.2568839264461274,0.4409428454124406,1.3874906653545458,1.7087681138705033,0.26113371988315814,0.2735382013361315,-0.2559504781393867,0.04877539586351931,0.11528251064096583,0.15935647913145612,4,1,0.3392772903104066,0.2749315973205019,0.3857911123690914,0.36524847563125185,0.23556530165670797,0.3991862227120402,2022
20,2023-02-12 17:30:00,FC Koln,Ein Frankfurt,0.373435828085558,0.2662271358123078,0.3603370361021342,1.506927179935302,1.477214794311478,0.26113371988315814,0.2735382013361315,-0.04136935346045079,-0.0832299704928027,0.12992117528721606,-0.0008964761203560061,3,0,0.3426636568848759,0.2781038374717833,0.37923250564334093,0.40728381557078225,0.2648450219694943,0.3278711624597236,2022
21,2023-02-17 20:30:00,Augsburg,Hoffenheim,0.4384752617874616,0.2562325232327869,0.30529221497975156,1.7118042154939124,1.4027380102591125,0.2528299392768637,0.2828162815960225,-0.1729724424085162,0.17487413260686843,0.0071212493195885185,0.07847485970469115,1,0,0.3646847970077145,0.26642250448063587,0.36889269851164963,0.4841289224656781,0.2474193447658042,0.2684517327685177,2022
21,2023-02-18 15:30:00,Bochum,Freiburg,0.33060378630655385,0.2589409614733369,0.41045525222010926,1.4584578637284915,1.6429797885408055,0.2528299392768637,0.2828162815960225,-0.14980973928041016,-0.008456861825754764,0.05265908036131804,0.19102251778364934,0,2,0.33757801172539875,0.28197692744121544,0.38044506083338586,0.34848652741306013,0.22872082111552364,0.42279265147141615,2022
21,2023-02-18 15:30:00,M'gladbach,Bayern Munich,0.20167629520514196,0.2008874578455061,0.597436246949352,1.410048137292315,2.4568246394163746,0.2528299392768637,0.2828162815960225,0.10911501332604871,-0.30113739046798427,0.55615593354778,0.08988384633840091,3,2,0.13871109391048064,0.18336285556928297,0.6779260505202365,0.14088676916995627,0.14361391106418145,0.7154993197658623,2022
21,2023-02-18 15:30:00,Stuttgart,FC Koln,0.3714561155879953,0.27779217410420604,0.3507517103077986,1.4123566093781543,1.366852465541262,0.2528299392768637,0.2828162815960225,-0.1707197698907477,-0.019666787581217673,-0.01610847067250704,0.07578915759342353,3,0,0.41788873147758165,0.28268943599954055,0.2994218325228778,0.3685959584168349,0.2683146951053778,0.3630893464777873,2022
21,2023-02-18 15:30:00,Wolfsburg,RB Leipzig,0.36916279609050984,0.2657073141714974,0.3651298897379928,1.501737225900538,1.4925756149017149,0.2528299392768637,0.2828162815960225,0.10286552444499047,-0.2318891567483956,0.2534317137051716,-0.10575842473002409,0,3,0.315606936416185,0.2635838150289017,0.42080924855491336,0.3387306646220224,0.26623286865454676,0.3950364667234309,2022
21,2023-02-18 18:30:00,Ein Frankfurt,Werder Bremen,0.657301542867383,0.1982264037394197,0.1444720533931973,2.3606377947563963,1.0476813124091917,0.2528299392768637,0.2828162815960225,0.11286030844876085,0.2104253052197959,-0.1479775110666191,-0.05827297976910561,2,0,0.6146248840871958,0.213544503157244,0.17183061275556014,0.5916880822034059,0.2273906862884235,0.18092123150817052,2022
21,2023-02-19 15:30:00,Union Berlin,Schalke 04,0.7589038195556632,0.17111575780311153,0.06998042264122517,2.354840150975346,0.6029373968300598,0.2528299392768637,0.2828162815960225,0.03913053555703864,0.2816960922911562,-0.5924431475772279,-0.1663286988631788,0,0,0.5746279558354427,0.26436051962677387,0.16101152453778345,0.7445619299660786,0.12611536851717325,0.12932270151674824,2022
21,2023-02-19 17:30:00,Dortmund,Hertha,0.7554834651102641,0.15221227956256161,0.09230425532717418,2.8344575837386983,0.9536225019143048,0.2528299392768637,0.2828162815960225,0.35174301834743127,0.15446135116653614,-0.2042714902712329,-0.09604583514897458,4,1,0.6706224573680993,0.19373537657300646,0.1356421660588942,0.6306520411711707,0.1618524321712662,0.2074955266575631,2022
21,2023-02-19 19:30:00,Leverkusen,Mainz,0.5672244247470593,0.23187177184341184,0.20090380340952896,2.029100649724638,1.149232851118301,0.2528299392768637,0.2828162815960225,0.18018437290957345,-0.008237928587709255,-0.025885060086709703,-0.08785024539993788,2,3,0.4932571053423422,0.26137265092868667,0.2453702437289712,0.5712733812930879,0.20719216978597868,0.22153444892093344,2022
22,2023-02-24 20:30:00,Mainz,M'gladbach,0.4621729909325619,0.24394258912128955,0.29388441994614856,1.8675616469168532,1.464027452618114,0.24952347572151576,0.2814893681928264,0.006316257132560413,0.08730454683034562,0.1352267623776381,-0.0035590709475174015,4,0,0.438794095627591,0.2618417082900339,0.29936419608237513,0.4360746235521948,0.2751609629917311,0.288764413456074,2022
22,2023-02-25 15:30:00,FC Koln,Wolfsburg,0.3916981259034279,0.26872367700653205,0.3395781970900398,1.5236105284389383,1.4062900092915154,0.24952347572151576,0.2814893681928264,-0.031483922162573265,-0.07844605591512151,0.0856889064392665,0.0057426554568317575,0,2,0.40628930817610065,0.28036338225017465,0.31334730957372464,0.354463016555138,0.3026249616413334,0.34291202180352864,2022
22,2023-02-25 15:30:00,Hertha,Augsburg,0.4089239902236303,0.27794898990916245,0.31312701986720737,1.4792773922308857,1.2693971122910568,0.24952347572151576,0.2814893681928264,-0.1979557434185129,0.05849661955544294,-0.18325636939506326,0.17227496669988568,2,0,0.45229095053125923,0.27189000160141225,0.27581904786732864,0.3689833104774933,0.2500574426862798,0.38095924683622695,2022
22,2023-02-25 15:30:00,Hoffenheim,Dortmund,0.2603714520252184,0.2210776204876796,0.5185509274871021,1.5333053748477727,2.1903237523953827,0.24952347572151576,0.2814893681928264,-0.012064084237780473,-0.09152297881079044,0.3676641556954668,0.16686173362934267,0,1,0.21367296458081153,0.21907618897251024,0.5672508464466782,0.19108110911188675,0.1448646328732139,0.6640542580148994,2022
22,2023-02-25 15:30:00,RB Leipzig,Ein Frankfurt,0.5876055646834146,0.22630595317996502,0.18608848213662038,2.0809311261343533,1.1088920609167139,0.24952347572151576,0.2814893681928264,0.2737366404367838,-0.07193403401094749,0.10892177165179007,-0.25508387384410913,2,1,0.582373466807793,0.23494284113272823,0.1826836920594788,0.6850928544378009,0.1567991328412953,0.15810801272090383,2022
22,2023-02-25 15:30:00,Werder Bremen,Bochum,0.464241091751262,0.25577343873606617,0.2799854695126718,1.745814625376984,1.3198406204522828,0.24952347572151576,0.2814893681928264,-0.17060012231863017,0.19680855915250028,-0.17813540662275346,0.20612291812800135,3,0,0.4999160380947158,0.25462390206957525,0.2454600598357088,0.4311224286816433,0.26723359639678995,0.30164397492156686,2022
22,2023-02-25 18:30:00,Schalke 04,Stuttgart,0.24614475504639183,0.2926225845231998,0.46123266043040856,0.9803395750259303,1.428397856096254,0.24952347572151576,0.2814893681928264,-0.6096302932819004,0.058761187159501266,-0.13767076759888755,0.24470072770167003,2,1,0.3017446333100097,0.28643221908233757,0.41182314760765276,0.3689306082565258,0.22262936670596772,0.40844002503750654,2022
22,2023-02-26 15:30:00,Freiburg,Leverkusen,0.4174574594833916,0.2533175553949993,0.32922498512160925,1.7081418222597564,1.5010271781152804,0.24952347572151576,0.2814893681928264,0.05995436985337251,-0.055561087738549744,0.1847170320103577,-0.02809084857206708,1,1,0.4047737905894099,0.273308798774046,0.32191741063654417,0.5111136226347673,0.26879690516875543,0.2200894721964773,2022
22,2023-02-26 17:30:00,Bayern Munich,Union Berlin,0.6923043934185421,0.18424179385708755,0.12345381272437043,2.4851087357548014,0.9908638112821357,0.24952347572151576,0.2814893681928264,0.5556843417504441,-0.1763807702305184,0.007052533402679819,-0.26575418876789486,3,0,0.6644671952534235,0.21029291454174281,0.12523989020483375,0.6884375800318613,0.18400583941554707,0.12755658055259161,2022
23,2023-03-03 20:30:00,Dortmund,RB Leipzig,0.46446293882759504,0.2413524320343948,0.29418462913801013,1.8989055114879738,1.4874911796254209,0.23597770465820453,0.29894946773607767,0.35695635958493577,-0.2506058583706784,0.27538611292530357,-0.1142728888270235,2,1,0.41842435907717807,0.26323950062822465,0.3183361402945973,0.5101808839921982,0.23875480849720085,0.2510643075106009,2022
23,2023-03-04 15:30:00,Augsburg,Werder Bremen,0.4802902381936282,0.26333902253175107,0.25637073927462073,1.6852382629378084,1.181256819098169,0.23597770465820453,0.29894946773607767,-0.20242271272577786,0.18940249647643081,-0.13956885855222756,0.07017012648469469,2,1,0.4280540518015373,0.26560694627020603,0.30633900192825675,0.4668701401225059,0.26566455696280766,0.26746530291468634,2022
23,2023-03-04 15:30:00,Bochum,Schalke 04,0.5729386399923211,0.25302049954619216,0.17404086046148665,1.7778335186511562,0.8882121727753648,0.23597770465820453,0.29894946773607767,-0.20194151458366508,0.24240984084268616,-0.5723634860591714,0.21784115017657463,0,2,0.3679243776645855,0.29164737253900075,0.34042824979641373,0.4429566976798014,0.3094680250703824,0.24757527724981615,2022
23,2023-03-04 15:30:00,M'gladbach,Freiburg,0.4543179986242306,0.24317132779093695,0.3025106735848323,1.867113184836454,1.5016598765109328,0.23597770465820453,0.29894946773607767,0.11998634710514422,-0.03052003286927895,0.051290642653250645,0.11930273332418657,0,0,0.4123175878472395,0.2706197125870614,0.317062699565699,0.44857413724525536,0.24483422528917642,0.3065916374655684,2022
23,2023-03-04 15:30:00,Mainz,Hoffenheim,0.566626772735143,0.2281458509036029,0.20522737636125435,2.0781514959348844,1.1985763370589748,0.23597770465820453,0.29894946773607767,0.039535043422809946,0.15701657888726347,-0.03590485261163047,-0.01893838534953432,1,0,0.4968789610886567,0.2584842034773874,0.24463683543395595,0.6052288142412552,0.2277854912150044,0.16698569454374038,2022
23,2023-03-04 15:30:00,Union Berlin,FC Koln,0.5293708753178935,0.2599467549125142,0.2106823697695922,1.7302205615095867,1.0186204199863635,0.23597770465820453,0.29894946773607767,-0.004284812732176224,0.01760653292321467,-0.05276356237960943,-0.16476495990105325,0,0,0.4782441438537757,0.29396658383672447,0.2277892723094998,0.5920410473356653,0.27081369086937834,0.13714526179495645,2022
23,2023-03-04 18:30:00,Stuttgart,Bayern Munich,0.1541648085197594,0.1978185102277276,0.648016681252513,1.1197099391271936,2.396410683984057,0.23597770465820453,0.29894946773607767,-0.14312673251698307,-0.2787307710343129,0.5602163915775348,0.07777797332950012,1,2,0.14237504855626051,0.19938414476239802,0.6582408066813414,0.14343675211858237,0.1056658848032983,0.7508973630781194,2022
23,2023-03-05 15:30:00,Leverkusen,Hertha,0.6789063512572946,0.19141101751983158,0.12968263122287393,2.4052954187924342,0.987658850378966,0.23597770465820453,0.29894946773607767,0.18061182152947788,0.1621337373470614,-0.18711628298988664,-0.061279355668687766,4,1,0.637085035243884,0.2176828138646529,0.14523215089146294,0.6078371456077148,0.189148446485679,0.20301440790660613,2022
23,2023-03-05 17:30:00,Wolfsburg,Ein Frankfurt,0.47500841895307927,0.2557446483212513,0.2692469327256696,1.7553299599969965,1.2808741772485608,0.23597770465820453,0.29894946773607767,0.09717493237431513,-0.0694452541283954,0.11051480800262181,-0.09894971685875315,2,2,0.3955864419499077,0.2743034926987899,0.33011006535130233,0.3866616293702734,0.24111360358278747,0.3722247670469392,2022
24,2023-03-10 20:30:00,FC Koln,Bochum,0.6012286707633612,0.22958104142398303,0.16919028781265588,2.0182255394721977,0.9934811362127126,0.23065472223819602,0.2978378999773405,-0.06528700129478014,0.23901305862689248,-0.2336232846224893,-0.003571641990345618,0,2,0.5542272878062652,0.25625562769536986,0.189517084498365,0.5259689179019671,0.2719610461371999,0.2020700359608331,2022
24,2023-03-11 15:30:00,Bayern Munich,Augsburg,0.8319550379590005,0.1140387862646239,0.05400617577637555,3.200923789491021,0.7915672857650891,0.23065472223819602,0.2978378999773405,0.5600820527895566,0.07486477735526131,-0.1911676175701747,-0.2732274974999635,5,3,0.8731771866260912,0.0857584736864911,0.04106433968741772,0.7402577390888591,0.16748908728627532,0.0922531736248656,2022
24,2023-03-11 15:30:00,Ein Frankfurt,Stuttgart,0.6047001330907941,0.2246066690574023,0.17069319785180362,2.0789951141549676,1.0334656364303068,0.23065472223819602,0.2978378999773405,0.12542806819310068,0.07796396837066656,-0.13914268970959248,-0.05859418264629086,1,1,0.4550515486782912,0.2802370241127306,0.2647114272089783,0.626673995246241,0.2326384215619432,0.1406875831918157,2022
24,2023-03-11 15:30:00,Hertha,Mainz,0.32397869507487265,0.26749331288572353,0.4085279920394038,1.3733248039021968,1.564028736960283,0.23065472223819602,0.2978378999773405,-0.1798397353645334,-0.0314182229277921,0.028352190452699527,0.18825810327894985,1,1,0.3084736492557722,0.28460366449193264,0.4069226862522952,0.4669431855057616,0.2546173547301613,0.2784394597640772,2022
24,2023-03-11 15:30:00,RB Leipzig,M'gladbach,0.6692804511783026,0.18944823366473398,0.14127131515696337,2.478952870922615,1.0913554129721985,0.23065472223819602,0.2978378999773405,0.27502148911941166,0.10432213021129452,0.09883008117130587,-0.24206438153229137,3,0,0.6924573074835425,0.18030020459005444,0.12724248792640327,0.656225607256832,0.21679294993623716,0.12698144280693088,2022
24,2023-03-11 18:30:00,Schalke 04,Dortmund,0.12525039663538054,0.20154185490637072,0.6732077484582488,0.8871804106052023,2.2496628195012978,0.23065472223819602,0.2978378999773405,-0.5322987588584793,-0.11590078656799195,0.3614134633212099,0.21871216142766778,2,2,0.22417264499481987,0.2539828371483863,0.5218445178567938,0.1588798299345909,0.1461965063308287,0.6949236637345804,2022
24,2023-03-12 15:30:00,Freiburg,Hoffenheim,0.5715531803065113,0.2313259180097203,0.1971209016837685,2.0323259301357246,1.1333844050702975,0.23065472223819602,0.2978378999773405,0.032500080683171645,0.1481882126438738,-0.05092166206324997,-0.05452485493893865,2,1,0.5169902912621358,0.2584951456310679,0.22451456310679613,0.6644717813787415,0.17750425586083565,0.15802396276042285,2022
24,2023-03-12 17:30:00,Werder Bremen,Leverkusen,0.27499779976390626,0.24353957310887625,0.48146262712721755,1.3961200680510442,1.8895723141522542,0.23065472223819602,0.2978378999773405,-0.14164205545334152,-0.05315355748799157,0.20592279809625771,0.19977299432159068,2,3,0.2711055010561415,0.2665744898964288,0.4623200090474297,0.29906881894374215,0.25664866503173833,0.4442825160245195,2022
24,2023-03-12 19:30:00,Wolfsburg,Union Berlin,0.466255539596907,0.27374436001085695,0.260000100392236,1.581721480112475,1.1295557306411914,0.23065472223819602,0.2978378999773405,0.10704020470031696,-0.17701902862468313,-0.026294151099367644,-0.0825361744463432,1,1,0.35430663881338575,0.31468023841978343,0.331013122766831,0.4444390661715498,0.213137441348741,0.34242349247970927,2022
25,2023-03-17 20:30:00,M'gladbach,Werder Bremen,0.6012189305874925,0.21066117245496518,0.18811989695754222,2.288859204783347,1.23866650997275,0.2367268288281521,0.2930123432080609,0.0804071252046171,0.21790723235041584,-0.13110528140546135,0.10841385835869814,2,2,0.5089740155371015,0.23921778730243773,0.25180819716046077,0.5357439908385907,0.24320619017634584,0.2210498189850635,2022
25,2023-03-18 15:30:00,Augsburg,Schalke 04,0.5891511340154483,0.24879090352520394,0.16205796245934792,1.8056218034207805,0.8498619833836811,0.2367268288281521,0.2930123432080609,-0.15458435971312603,0.21575020956869265,-0.4981547396796729,0.09874659568011909,1,1,0.39697696982076286,0.28305162641066234,0.31997140376857475,0.43546858438507896,0.2956913907025036,0.26884002491241754,2022
25,2023-03-18 15:30:00,Bochum,RB Leipzig,0.17753139012801517,0.22731644850437882,0.5951521613676061,1.0545440475637926,2.057186229292575,0.2367268288281521,0.2930123432080609,-0.21559101847217949,-0.26103966245772364,0.277031775138743,0.2075805370213794,1,0,0.16170415679288166,0.22173354214522756,0.6165623010618907,0.2544197718260073,0.16703541002228056,0.5785448181517121,2022
25,2023-03-18 15:30:00,Hoffenheim,Hertha,0.5288071045975449,0.24222401235196264,0.2289688830504924,1.9202659573429293,1.2119103347976732,0.2367268288281521,0.2930123432080609,-0.0558821512380803,0.17860667509806677,-0.19029529240234824,0.14576636729453704,3,1,0.49329758713136734,0.26005361930294907,0.24664879356568367,0.41643006192202414,0.20497915979413028,0.37859077828384563,2022
25,2023-03-18 15:30:00,Stuttgart,Wolfsburg,0.33364110482365195,0.2744124874700005,0.3919464077063475,1.3490007711749403,1.4781953316711984,0.2367268288281521,0.2930123432080609,-0.14361374202790214,-0.08676128111870395,0.09343122366630739,0.06066392075203241,0,1,0.4627988630663769,0.27687677645878617,0.260324360474837,0.4110182545110871,0.27065251164155224,0.3183292338473606,2022
25,2023-03-18 18:30:00,Dortmund,FC Koln,0.6747454942349754,0.19013550509046243,0.13511900067456217,2.445320347479876,1.038829250811193,0.2367268288281521,0.2930123432080609,0.35541506569405007,0.009021898078171966,-0.09947711155724984,-0.09915535859057742,6,1,0.6211730645300912,0.21070628180095607,0.16812065366895262,0.7351052562964994,0.17125352429618868,0.09364121940731206,2022
25,2023-03-19 15:30:00,Union Berlin,Ein Frankfurt,0.44929894513776736,0.27571634134917355,0.274984713513059,1.5497185271409826,1.1681047737982928,0.2367268288281521,0.2930123432080609,-0.0318794993390644,-0.05978635364934758,0.1065827285045386,-0.18792697335535338,2,0,0.40912315633929236,0.3105071512281926,0.2803696924325151,0.3963790312169565,0.30308851400813824,0.3005324547749053,2022
25,2023-03-19 17:30:00,Leverkusen,Bayern Munich,0.29640703742591823,0.22246790119502088,0.4811250613790611,1.6779262164527398,2.150679417422374,0.2367268288281521,0.2930123432080609,0.21719236364071223,-0.22937289972337732,0.5739267255815135,-0.04486975408670884,2,1,0.20981934890154644,0.21942206509841353,0.5707585860000399,0.24093006215057292,0.17131757016724689,0.5877523676821802,2022
25,2023-03-19 19:30:00,Mainz,Freiburg,0.4507089647764782,0.266598632711619,0.28269240251190275,1.6299202490903248,1.2525234503871232,0.2367268288281521,0.2930123432080609,0.017010323575982624,-0.05821840892893736,0.02910018512666672,-0.040666737289236,1,1,0.46873086426868193,0.2829026518071335,0.2483664839241847,0.457797599025672,0.20907433678404186,0.3331280641902861,2022
26,2023-03-31 20:30:00,Ein Frankfurt,Bochum,0.6517353596823487,0.20711954990972037,0.141145090407931,2.2297907427568293,0.9628060654996815,0.22757509287447064,0.3060151366582241,0.09020390959809298,0.17811360460946593,-0.21602892201159513,-0.04944944410167972,1,1,0.6196821562039938,0.2223396625268959,0.15797818126911028,0.6113735981179312,0.22791048086391125,0.1607159210181575,2022
26,2023-04-01 15:30:00,Freiburg,Hertha,0.6282507125736395,0.21828057208312981,0.1534687153432307,2.1217924392779013,0.9711253863817066,0.22757509287447064,0.3060151366582241,0.02682434060556668,0.19184665154556368,-0.1910324724387013,-0.06584230827719174,1,1,0.5185537613636,0.27646237997771184,0.20498385865868807,0.6265077563949891,0.2095148404860566,0.1639774031189543,2022
26,2023-04-01 15:30:00,RB Leipzig,Mainz,0.6223069285882399,0.22076009358087526,0.15693297783088478,2.0993840903376624,0.9767727885178903,0.22757509287447064,0.3060151366582241,0.2512923472874704,-0.04323856542420272,0.008749672054756196,-0.25982597928557183,0,3,0.6333694285080138,0.218353387453676,0.1482771840383102,0.4844168337577954,0.30067383928409736,0.21490932695810716,2022
26,2023-04-01 15:30:00,Schalke 04,Leverkusen,0.17747501235147384,0.2392299310898101,0.5832950565587163,0.9804150088207434,1.9220691474528169,0.22757509287447064,0.3060151366582241,-0.49139979313928506,-0.06196975496408162,0.22066981544404288,0.20515737840492232,0,3,0.22669104204753196,0.25776965265082263,0.5155393053016453,0.26119191642022227,0.28895991042299785,0.44984817315677994,2022
26,2023-04-01 15:30:00,Union Berlin,Stuttgart,0.5732712292622408,0.2550236059082844,0.17170516482947473,1.7565520269367607,0.866985089479761,0.22757509287447064,0.3060151366582241,-0.025483605445864026,0.055246187860521094,-0.16692502446360483,-0.20338356859222428,3,0,0.4482472805158034,0.3045235493027998,0.24722917018139678,0.6414544203969761,0.2043680328809945,0.15417754672202938,2022
26,2023-04-01 15:30:00,Wolfsburg,Augsburg,0.618014325211254,0.22445780978323904,0.15752786500550695,2.0568820535177412,0.9575937259615596,0.22757509287447064,0.3060151366582241,0.08619212347499831,0.10140891694175663,-0.16591433756565718,-0.10499243190495006,2,2,0.6078310190492329,0.22128410370916776,0.17088487724159931,0.5893773206371723,0.23779515188902636,0.1728275274738013,2022
26,2023-04-01 18:30:00,Bayern Munich,Dortmund,0.6297522155478325,0.18333173287505924,0.18691605157710828,2.7268286730576556,1.4938620281123796,0.22757509287447064,0.3060151366582241,0.5641937216814172,-0.09464467548578231,0.39327345797177443,-0.21948381906126221,4,2,0.63569737800437,0.19589857975236702,0.16840404224326289,0.5577235443864094,0.22868557182468485,0.2135908837889057,2022
26,2023-04-02 15:30:00,FC Koln,M'gladbach,0.4389950875647918,0.2524352143143499,0.3085696981208584,1.74991187109152,1.4438377894089105,0.22757509287447064,0.3060151366582241,-0.09487017524821896,0.1208453730065967,0.07722008848514383,0.06250951859670513,0,0,0.4285411027967945,0.2742663057899485,0.29719259141325693,0.30982945907058057,0.2935800227361433,0.3965905181932762,2022
26,2023-04-02 17:30:00,Werder Bremen,Hoffenheim,0.4294221727020776,0.2501947436750427,0.3203830836228797,1.7585137695207635,1.5005446103684208,0.22757509287447064,0.3060151366582241,-0.11426702561587317,0.14514579924928622,-0.03804569019756377,0.21629871311494228,1,2,0.4383728813559322,0.26110734463276836,0.3005197740112994,0.4306443980559185,0.2660712400603188,0.30328436188376257,2022
27,2023-04-08 15:30:00,Augsburg,FC Koln,0.42860576099202763,0.27548741399630455,0.29590682501166776,1.5273725999732606,1.2354922821470236,0.23384824120924624,0.2904981462246265,-0.14348696754105905,0.04268958441964546,-0.123202649356753,0.10082390782990476,1,3,0.2788232716613658,0.28717127380691565,0.4340054545317187,0.4218824471993528,0.26310690383147123,0.31501064896917597,2022
27,2023-04-08 15:30:00,Dortmund,Union Berlin,0.5637443524325247,0.23156775302183805,0.2046878945456373,2.035758632629395,1.1708619342576894,0.23384824120924624,0.2904981462246265,0.40165190380831084,-0.21512974937058768,-0.004236152850631274,-0.07187191482946635,2,1,0.5749456674096053,0.2382529192491416,0.18680141334125305,0.5764098580327486,0.2486354128273234,0.1749547291399281,2022
27,2023-04-08 15:30:00,Freiburg,Bayern Munich,0.2429229661646978,0.22717590299366475,0.5299011308416375,1.3948085783996846,2.107174204580108,0.23384824120924624,0.2904981462246265,0.015407040110061885,-0.20699624147127405,0.5781007634169907,-0.06660119425649746,0,1,0.1483689131800956,0.20062463102968903,0.6510064557902153,0.26216512136007675,0.29149565074696343,0.4463392278929599,2022
27,2023-04-08 15:30:00,Leverkusen,Ein Frankfurt,0.5443627910574511,0.2321118830829639,0.223525325859585,2.039652194402586,1.261063761268304,0.23384824120924624,0.2904981462246265,0.2358121818551116,-0.04737926890834165,0.07505295431510323,-0.07694557576889112,3,1,0.5109740276932038,0.24886817929099048,0.24015779301580578,0.49438369734456394,0.19614422862983744,0.3094720740255985,2022
27,2023-04-08 15:30:00,Mainz,Werder Bremen,0.631197861352716,0.21208228245031685,0.15671985619696727,2.206982396193851,1.032197502511146,0.23384824120924624,0.2904981462246265,0.04088817466042515,0.22639158879772034,-0.12858312237468825,-0.0735750916834239,2,2,0.5614254988406461,0.2430474944348113,0.1955270067245427,0.5438532047623283,0.29066599545235494,0.16548079978531668,2022
27,2023-04-08 18:30:00,Hertha,RB Leipzig,0.2126543085502099,0.24402309125883442,0.5433226001909558,1.1244921793618874,1.8961957142745558,0.23384824120924624,0.2904981462246265,-0.1859200924679472,-0.22109475734220774,0.2288301700992461,0.17717121202537398,0,1,0.18419281343025073,0.2479701700185029,0.5678370165512464,0.30561339477982635,0.19205205914774023,0.5023345460724336,2022
27,2023-04-09 15:30:00,M'gladbach,Wolfsburg,0.3984760014268459,0.2564502551099279,0.34507374346322617,1.6438579824798571,1.5194417001907592,0.23384824120924624,0.2904981462246265,0.05823182974735724,-0.08553230963155616,0.08697333462524211,0.0975213890455294,2,0,0.38811722954711037,0.2659521962913347,0.3459305741615549,0.3662820177234667,0.27631887213575845,0.3573991101407748,2022
27,2023-04-09 17:30:00,Bochum,Stuttgart,0.41339131106789234,0.27960995089607377,0.30699873803603395,1.4731652218555227,1.2412590455060417,0.23384824120924624,0.2904981462246265,-0.2124488610483001,0.07551577171270948,-0.17958995222382568,0.1618679347820223,2,3,0.3140516560125815,0.2920966770208205,0.3938516669665981,0.4454309324767335,0.24047480590910422,0.3140942616141623,2022
27,2023-04-09 19:30:00,Hoffenheim,Schalke 04,0.640608796957489,0.22081055000651717,0.13858065303599384,2.0562594430559735,0.8637129780914201,0.23384824120924624,0.2904981462246265,-0.02740718304801788,0.22394932350279195,-0.5164701690449363,0.13610716118346042,2,0,0.4980068047076081,0.25427331563113326,0.24771987966125866,0.4516211187122617,0.2656483543198355,0.28273052696790263,2022
28,2023-04-14 20:30:00,Schalke 04,Hertha,0.31985210278676657,0.29876379865273994,0.3813840985604935,1.158511691804184,1.2864654493004244,0.2343796976839982,0.28844784508171095,-0.5423379443677032,0.16664655863314795,-0.2055930906009718,0.22311188894187695,5,2,0.4133644704435878,0.2897297798879528,0.2969057496684594,0.40041965177451505,0.21523244197183602,0.38434790625364895,2022
28,2023-04-15 15:30:00,Bayern Munich,Hoffenheim,0.8184321348248667,0.11528374172935753,0.06628412344577589,3.3656588786150996,0.9751166289643669,0.2343796976839982,0.28844784508171095,0.564743365677096,0.12605283893863015,-0.028484673382847957,-0.23109321998864338,1,1,0.8071705864370861,0.11961805701869645,0.0732113565442174,0.7646543479071612,0.1281204971435956,0.10722515494924326,2022
28,2023-04-15 15:30:00,FC Koln,Mainz,0.3818109998055511,0.2753785055276516,0.34281049466679725,1.451460143373301,1.3652166026903672,0.2343796976839982,0.28844784508171095,-0.09423013223042652,-0.056027365352713875,0.03910776708207139,0.037825634571638254,1,1,0.35353214722173726,0.2967924198898535,0.34967543288840924,0.3745920685291106,0.2762641634137622,0.34914376805712716,2022
28,2023-04-15 15:30:00,RB Leipzig,Augsburg,0.7039028258537523,0.18698080574422168,0.10911636840202601,2.3773786143311533,0.8551916052122471,0.2343796976839982,0.28844784508171095,0.21611202378966557,0.12705889156649777,-0.15071682082826837,-0.24009261234423845,3,2,0.7881763108418635,0.14017129726342176,0.07165239189471485,0.6055523743141128,0.2350396999547191,0.1594079257311681,2022
28,2023-04-15 15:30:00,Stuttgart,Dortmund,0.24119874482127346,0.2306734564734642,0.5281277987052624,1.3570514150049608,2.0614164653789278,0.2343796976839982,0.28844784508171095,-0.14562852131107923,-0.07188475259087297,0.402326271084981,0.08668738229368822,3,3,0.32944440410725956,0.2591035718789527,0.41145202401378766,0.24580307245718008,0.16232683823978092,0.591870089303039,2022
28,2023-04-15 18:30:00,Ein Frankfurt,M'gladbach,0.5177317148243423,0.23853216889047502,0.24373611628518285,1.9635026007317593,1.3055779176322375,0.2343796976839982,0.28844784508171095,0.07231272925989803,0.07958964754815391,0.06417440269502608,-0.0319083088726045,1,1,0.5035583570557136,0.2453233021553477,0.2511183407889386,0.41782978611486915,0.32372852094764104,0.2584416929374898,2022
28,2023-04-16 15:30:00,Werder Bremen,Freiburg,0.32686197101140274,0.2661534295347797,0.4069845994538175,1.3914529963227764,1.5728856432532352,0.2343796976839982,0.28844784508171095,-0.10928759352892305,-0.08319142696631826,-0.005899493500630497,0.22443171747457777,1,2,0.348784729822774,0.2933204914411707,0.3578947787360553,0.35518950431751184,0.15750355011458778,0.4873069455679004,2022
28,2023-04-16 17:30:00,Union Berlin,Bochum,0.6407474537867772,0.22298923746223356,0.13626330875098913,2.0258202030735646,0.8374906377724969,0.2343796976839982,0.28844784508171095,-0.00649282654359206,0.18963994088525957,-0.1987158103334297,-0.21300908147507533,1,1,0.5576890957155775,0.2585512788762246,0.18375962540819793,0.6540333640979774,0.21458034324561967,0.131386292656403,2022
28,2023-04-16 19:30:00,Wolfsburg,Leverkusen,0.40890939003972837,0.2559732234270505,0.335117386533221,1.6678226696141312,1.4958030977981593,0.2343796976839982,0.28844784508171095,0.0657661322380002,-0.07707468989977775,0.24757503096737205,-0.07929147688051846,0,0,0.3494575413981565,0.2691899828697284,0.38135247573211517,0.34968744864518386,0.30379215002595905,0.34652040132885714,2022
29,2023-04-21 20:30:00,Augsburg,Stuttgart,0.4419676726956405,0.2653209209139794,0.29271140639038035,1.6314283791206223,1.2943382114549156,0.24194606460899876,0.2845470805101175,-0.13646643151158183,0.09942922368798292,-0.11976327023169038,0.13581673652645818,1,1,0.30018691588785046,0.26317757009345794,0.43663551401869155,0.40901740384310514,0.23094713066663755,0.36003546549025733,2022
29,2023-04-22 15:30:00,Bochum,Wolfsburg,0.29178498593489144,0.2715383518823955,0.43667666218271317,1.2487898525233354,1.570581339518038,0.24194606460899876,0.2845470805101175,-0.19969636462316526,-0.1046218160919626,0.03555156916613798,0.17394819699617284,1,5,0.30582910084548837,0.26297941913362044,0.4311914800208912,0.3661982707501664,0.27728225172693977,0.35651947752289387,2022
29,2023-04-22 15:30:00,Hertha,Werder Bremen,0.45090290163512303,0.2528768918836493,0.29622020648122777,1.7606642866998141,1.3989080191050083,0.24194606460899876,0.2845470805101175,-0.1932848160700888,0.23248284441501968,-0.12003771657635474,0.2137835978873793,2,4,0.4112906034165877,0.2785776470815841,0.31013174950182826,0.3910974107979975,0.18921561314865526,0.41968697605334715,2022
29,2023-04-22 15:30:00,Hoffenheim,FC Koln,0.4630492749105728,0.2620758454554993,0.274874879633928,1.6837448853195724,1.256662334648749,0.24194606460899876,0.2845470805101175,-0.03636936673732125,0.03089663268391066,-0.10604145535996548,0.09255465630772257,1,3,0.41649984601170315,0.27448413920542036,0.3090160147828765,0.39745212401783164,0.2715781139078376,0.33096976207433076,2022
29,2023-04-22 15:30:00,Mainz,Bayern Munich,0.2483507085657069,0.23151938049058346,0.5201299109437096,1.3830533263960252,2.0503121062809773,0.24194606460899876,0.2845470805101175,0.02839884105980906,-0.2305983757465147,0.5392758785563164,-0.06322991463706117,3,1,0.16522793800366198,0.20733786604779178,0.6274341959485464,0.2618357821680592,0.2108430388200853,0.5273211790118555,2022
29,2023-04-22 18:30:00,Dortmund,Ein Frankfurt,0.6226486211325202,0.1984455211162572,0.1789058577512226,2.451309767803231,1.2849007969628166,0.24194606460899876,0.2845470805101175,0.4057914575030556,-0.03566212180936888,0.053851806035248334,-0.04511635608434631,4,0,0.6020349552802166,0.207598260441454,0.19036678427832937,0.7610470378062053,0.1251797718666731,0.11377319032712158,2022
29,2023-04-23 15:30:00,Freiburg,Schalke 04,0.6831641044215165,0.20641511314164948,0.11042078243683383,2.1335783179292642,0.7535798924432553,0.24194606460899876,0.2845470805101175,-0.00364627147111533,0.2349536579856486,-0.4355188313312606,-0.0893474713557426,4,0,0.5295165386394605,0.26258217395545846,0.207901287405081,0.64077358247501,0.19538676111436856,0.16383965641062126,2022
29,2023-04-23 17:30:00,Leverkusen,RB Leipzig,0.43053593726356254,0.2563338833379262,0.31313017939851123,1.6996724495546414,1.4269647194288566,0.24194606460899876,0.2845470805101175,0.2222425633734273,-0.21830015272748332,0.21853204531125944,-0.10492849532694762,2,0,0.3662851196670136,0.27159209157127995,0.3621227887617066,0.4828275383051013,0.2220058981285687,0.29516656356633014,2022
29,2023-04-23 19:30:00,M'gladbach,Union Berlin,0.3896495112054854,0.2777265615828257,0.3326239272116889,1.4482707056241284,1.32302781138763,0.24194606460899876,0.2845470805101175,0.054447341952184564,-0.21057025918313235,-0.027615960749331113,0.06559280250921755,0,1,0.38387223974763407,0.2908123028391167,0.3253154574132492,0.3303390887604634,0.2868086748271053,0.3828522364124312,2022
30,2023-04-28 20:30:00,Bochum,Dortmund,0.18408321886700404,0.20163234111332812,0.6142844400196679,1.2905697023304434,2.4134813718307964,0.24723365563670358,0.2832741909381039,-0.20667431004802606,-0.06874978592937876,0.4152392307646457,0.21859737136566584,1,1,0.1578134651019148,0.18715256331068564,0.6550339715873997,0.24528718907619693,0.20574240044233214,0.5489704104814709,2022
30,2023-04-29 15:30:00,Ein Frankfurt,Augsburg,0.5743637684821867,0.23440026019126384,0.19123597132654951,1.9906567697322646,1.081965979687972,0.24723365563670358,0.2832741909381039,0.0322495198616683,0.12570725289167983,-0.1517743512723859,-0.016679566497212427,1,1,0.610308990026619,0.21483971173582778,0.17485129823755327,0.5367223477968699,0.22187055634242162,0.24140709586070852,2022
30,2023-04-29 15:30:00,FC Koln,Freiburg,0.3792731306520034,0.27992337313194626,0.3408034962160502,1.4121981415940603,1.3281561684850005,0.24723365563670358,0.2832741909381039,-0.08176739366114234,-0.10359299677953954,0.017256117377756987,0.01930186787657911,0,1,0.3833577750283616,0.2895451473023879,0.32709707766925045,0.33434412224881693,0.28941874102262566,0.3762371367285573,2022
30,2023-04-29 15:30:00,RB Leipzig,Hoffenheim,0.6631878974719039,0.20000472968245445,0.13680737284564165,2.310658618569326,0.9801760302077202,0.24723365563670358,0.2832741909381039,0.19653480592138212,0.11048994766337242,-0.05071398046087327,-0.21654277596262944,1,0,0.6992256198113787,0.1790540372227269,0.12172034296589439,0.6457241252256478,0.22399398893768416,0.1302818858366681,2022
30,2023-04-29 15:30:00,Stuttgart,M'gladbach,0.39916917202165436,0.26385722163540115,0.3369736063429444,1.5788155707708373,1.4369620865728896,0.24723365563670358,0.2832741909381039,-0.12957388097054096,0.055740961562343705,0.028565687161868424,0.08673188021531793,2,1,0.5578327778171761,0.23175661300616976,0.21041060917665413,0.38069699148089575,0.28668970491193063,0.3326133036071736,2022
30,2023-04-29 15:30:00,Union Berlin,Leverkusen,0.40002332986080175,0.2822902731945453,0.317686396944653,1.4317828257402732,1.2533271351070245,0.24723365563670358,0.2832741909381039,-0.039316540449465566,-0.13227090709072828,0.2177296348594047,-0.23916156716797474,0,0,0.3281063138658762,0.29489309804509733,0.3770005880890264,0.42921878038962646,0.2496232516354464,0.32115796797492724,2022
30,2023-04-29 18:30:00,Schalke 04,Werder Bremen,0.3219638589236896,0.26930698123606545,0.40872915984024494,1.3543181441821563,1.549021037584106,0.24723365563670358,0.2832741909381039,-0.46023560962136506,0.23302587609753575,-0.06999508026528645,0.2603845673681869,2,1,0.3999491482329012,0.2644291889143148,0.3356216628527842,0.37890140807924005,0.2375372464662911,0.3835613454544688,2022
30,2023-04-30 15:30:00,Bayern Munich,Hertha,0.865536149878477,0.09038261207775246,0.04408123804377061,3.668706308318857,0.8630259103182242,0.24723365563670358,0.2832741909381039,0.5268042759690006,0.24252697283306865,-0.1897962258986589,-0.20474799454373852,2,0,0.8773604651236766,0.08089660617234236,0.04174292870398115,0.7725085654698801,0.1455235106441833,0.08196792388593668,2022
30,2023-04-30 17:30:00,Wolfsburg,Mainz,0.4777461735508697,0.262053800639066,0.2602000258100644,1.6957247920054153,1.2038539478038952,0.24723365563670358,0.2832741909381039,0.07941394063027409,-0.08181153186711848,0.04665702633840239,-0.10836264825733981,3,0,0.42373380781304887,0.2649795437288212,0.3112866484581298,0.41166345387191156,0.2765401787547529,0.3117963673733355,2022
31,2023-05-05 20:30:00,Leverkusen,FC Koln,0.6253071345598318,0.21817970039906143,0.1565131650411068,2.129772887415918,0.9905441804823457,0.23455359389735828,0.2907948867102848,0.20809755029554822,0.02256931750689685,-0.09705850172881078,-0.14699590178435856,1,2,0.5941274160474672,0.228619100711852,0.17725348324068083,0.6186879074642101,0.2760709847272835,0.10524110780850648,2022
31,2023-05-05 20:30:00,Mainz,Schalke 04,0.7053399568131699,0.1917566535515746,0.10290338963525537,2.2824400464062795,0.7766155716190983,0.23455359389735828,0.2907948867102848,0.03777507572001679,0.2621215101796448,-0.4344690413489906,-0.05289436341786309,2,3,0.566986597001363,0.2350920036347115,0.19792139936392547,0.5915951996208137,0.28453913920583385,0.12386566117335238,2022
31,2023-05-06 15:30:00,Augsburg,Union Berlin,0.3011145076528649,0.29428254376342505,0.40460294858371015,1.1360777874502483,1.353247330890632,0.23455359389735828,0.2907948867102848,-0.1451967815842372,-0.2525699062005667,-0.05417872268629828,0.12213226311219229,1,0,0.2965081625860187,0.29468909410389593,0.40880274331008537,0.30969391107989364,0.19547807002618495,0.4948280188939215,2022
31,2023-05-06 15:30:00,Freiburg,RB Leipzig,0.3642567116387746,0.2806632213127925,0.35508006704843276,1.3762905379916344,1.3562735985937997,0.23455359389735828,0.2907948867102848,0.01952869029424628,-0.22548530688283897,0.18698539661438193,-0.1167980524716545,0,1,0.23620484319174279,0.2497022628026995,0.5140928940055578,0.508833252002243,0.1996530946911946,0.2915136533065623,2022
31,2023-05-06 15:30:00,Hertha,Stuttgart,0.38650904397449015,0.26847880277594816,0.3450121532495616,1.5155812590921194,1.4220812481941258,0.23455359389735828,0.2907948867102848,-0.19885876984585263,0.08930932398500589,-0.1145350526588268,0.23210292507436928,2,1,0.31868569814547554,0.2748550004062697,0.4064593014482548,0.3638793384847104,0.25774380569195277,0.3783768558233368,2022
31,2023-05-06 15:30:00,Hoffenheim,Ein Frankfurt,0.398822550942251,0.26390847213112856,0.3372689769266205,1.5777291347959357,1.4373565751047517,0.23455359389735828,0.2907948867102848,-0.05915324391439656,-0.010208679956420897,0.02585341750805375,0.1023987034660431,3,1,0.38417512029176504,0.2547580373287567,0.3610668423794784,0.3541743525777977,0.28019371783490643,0.3656319295872958,2022
31,2023-05-06 15:30:00,M'gladbach,Bochum,0.6020058838296949,0.22016711646332068,0.1778269997069844,2.1453547914060387,1.1049333600417515,0.23455359389735828,0.2907948867102848,0.030150342458414275,0.2078061195551021,-0.20534192785834637,0.07057335945760088,2,0,0.4619711491566204,0.2562399973988721,0.28178885344450744,0.4936428197958275,0.2538865408335102,0.2524706393706624,2022
31,2023-05-06 18:30:00,Werder Bremen,Bayern Munich,0.148763508196507,0.17606526378806844,0.6751712280154247,1.2706792058445058,2.730603489478192,0.23455359389735828,0.2907948867102848,-0.07434417084401665,-0.21145274450024468,0.5183412163314495,0.2516278329551691,1,2,0.09736773605778616,0.1437821305394677,0.7588501334027462,0.1486388192073697,0.10181376189295369,0.7495474188996766,2022
31,2023-05-07 17:30:00,Dortmund,Wolfsburg,0.579661643377145,0.21415960262454634,0.20617875399830862,2.2643355778223397,1.3154071324162802,0.23455359389735828,0.2907948867102848,0.40895685695251005,-0.117023964783461,0.10396268692814996,-0.06437005671373855,6,0,0.6414563210416778,0.18610918405464544,0.17243449490367685,0.6928834048053164,0.18552077259371763,0.12159582260096585,2022
32,2023-05-12 20:30:00,FC Koln,Hertha,0.5764521009588186,0.2365419959116149,0.18700590312956644,1.9620530753955974,1.04624549960226,0.2297643307635929,0.3003787736182936,-0.08249216630660823,0.2263404743817162,-0.19148028867134187,0.006923999264619259,5,2,0.5031441256440332,0.2535633984116368,0.24329247594432993,0.5078080977468853,0.27905092505204865,0.21314097720106606,2022
32,2023-05-13 15:30:00,Bayern Munich,Schalke 04,0.88935341988018,0.07946364926207164,0.031182930857748453,3.6692242282068137,0.696446098599686,0.2297643307635929,0.3003787736182936,0.5097185854523417,0.26011856792793925,-0.37687114236979646,-0.21465806609592644,6,0,0.842535777735069,0.1009979796654026,0.05646624259952843,0.6543048982317696,0.2232224305007889,0.12247267126744156,2022
32,2023-05-13 15:30:00,Bochum,Augsburg,0.4015516877262033,0.27384246489026787,0.32460584738352866,1.4997324612408647,1.3291041477570857,0.2297643307635929,0.3003787736182936,-0.228278560370854,0.10342218901648625,-0.14979555452591034,0.2045363659287178,3,2,0.42481224364582504,0.26448365582357153,0.31070410053060343,0.3589341653733914,0.28892302889937094,0.35214280572723766,2022
32,2023-05-13 15:30:00,Ein Frankfurt,Mainz,0.455300019946402,0.2590445364827166,0.28565544357088135,1.7049051996531581,1.3157302629799303,0.2297643307635929,0.3003787736182936,0.02092129860081149,-0.01755489516947861,0.03435816658887453,0.010269347201503434,3,0,0.4631568159524472,0.2578656867194706,0.2789774973280822,0.375895505656039,0.2491811543563881,0.3749233399875729,2022
32,2023-05-13 15:30:00,Union Berlin,Freiburg,0.4522272086926286,0.29684691841693484,0.25092587289043666,1.3909239321683398,0.975265567603204,0.2297643307635929,0.3003787736182936,-0.07619335751001965,-0.12398152114238556,1.3044325072599377e-05,-0.2548228431319166,4,2,0.453259924659519,0.30408577223993044,0.2426543031005506,0.42281191715039573,0.2699703484459989,0.3072177344036054,2022
32,2023-05-13 15:30:00,Wolfsburg,Hoffenheim,0.5718773161498618,0.23036628205301232,0.19775640179712578,2.0444338901180727,1.1434105128068672,0.2297643307635929,0.3003787736182936,0.08766534185122832,0.0973124785900332,-0.03648763692816023,-0.05926121969126858,2,1,0.49162011173184367,0.2420856610800745,0.266294227188082,0.5596007106460775,0.26625345016200225,0.17414583919192023,2022
32,2023-05-13 18:30:00,Dortmund,M'gladbach,0.7038691394835899,0.16697701457268876,0.12915384594372145,2.804099893327761,1.1878008234512953,0.2297643307635929,0.3003787736182936,0.4443896755231098,0.056549813927988746,0.024943314641212837,-0.08260409554789215,5,2,0.7882353593601107,0.1250516434875598,0.08671299715232958,0.722234268879702,0.18053549650978298,0.0972302346105151,2022
32,2023-05-14 15:30:00,Stuttgart,Leverkusen,0.29062493889201874,0.2607380033895018,0.4486370577184795,1.3202731712473048,1.681458192096644,0.2297643307635929,0.3003787736182936,-0.12164179077866513,-0.13066265050108283,0.19377441535405998,0.09612264231418945,1,1,0.37141545869293807,0.2709763487365379,0.357608192570524,0.32489576884340254,0.1735932317742039,0.5015109993823935,2022
32,2023-05-14 17:30:00,RB Leipzig,Werder Bremen,0.7287974484273878,0.1699318454482292,0.10127070612438294,2.5899611561724987,0.9035332545394287,0.2297643307635929,0.3003787736182936,0.1809689960744617,0.2405307775258368,-0.08222077864510051,-0.24898591539324438,2,1,0.7738343321207609,0.14049115253729774,0.08567451534194138,0.7263258095550096,0.16737719726980055,0.10629699317518986,2022
33,2023-05-19 20:30:00,Freiburg,Wolfsburg,0.45081455499305007,0.2678450372369999,0.28134040776995,1.618909564835409,1.2396130146944164,0.22871639040122316,0.3174111954081855,0.005427559080466542,-0.06980233041085554,0.07623214674070339,-0.090149291157473,2,0,0.43844273002333456,0.256735181484252,0.3048220884924135,0.4953660646428373,0.26136702354777896,0.2432669118093838,2022
33,2023-05-20 15:30:00,Hertha,Bochum,0.4701300391821732,0.25411726374696875,0.27575269707085814,1.7677459353603524,1.3167670299369367,0.22871639040122316,0.3174111954081855,-0.18149568550189105,0.205073351862595,-0.20577113885899045,0.2522342610662495,1,1,0.40359709771849694,0.25211577232808996,0.34428712995341315,0.37209766113508824,0.3150618834779195,0.31284045538699234,2022
33,2023-05-20 15:30:00,Hoffenheim,Union Berlin,0.35060813262046386,0.2889389279043238,0.3604529394752124,1.2899588198436787,1.3109730350332036,0.22871639040122316,0.3174111954081855,-0.04855820846237038,-0.24295908208479422,-0.04506647391634638,0.08711971984198637,4,2,0.4098733633827002,0.2800600987336338,0.310066537883666,0.35274985352569393,0.2557150421881329,0.3915351042861731,2022
33,2023-05-20 15:30:00,Schalke 04,Ein Frankfurt,0.23995132448797774,0.260474058136018,0.4995746173760043,1.1364687930446207,1.7221953977098912,0.22871639040122316,0.3174111954081855,-0.40080753731640384,-0.01739414338521924,0.029333311055990175,0.2855501694871795,2,2,0.33673897617067383,0.2566059043011819,0.4066551195281443,0.3902172007299495,0.2333954800480227,0.3763873192220278,2022
33,2023-05-20 15:30:00,Werder Bremen,FC Koln,0.39040102902328816,0.2596550969311756,0.3499438740455363,1.5987724224927955,1.5053375245832716,0.22871639040122316,0.3174111954081855,-0.09115628964092316,0.01426480265912047,-0.04499130561461054,0.2252920570958267,1,1,0.38562232172024824,0.2574261611483695,0.3569515171313823,0.4385646255779249,0.20870667889385394,0.3527286955282211,2022
33,2023-05-20 18:30:00,Bayern Munich,RB Leipzig,0.6072164361289873,0.2126977250398983,0.18008583883111434,2.2470603597129606,1.1736026043530163,0.22871639040122316,0.3174111954081855,0.5188588542641268,-0.25536358487556243,0.16421727370589892,-0.23285549714824558,1,3,0.6235303676231623,0.1979869620906536,0.17848267028618403,0.7474871915444751,0.10891849687041806,0.14359431158510697,2022
33,2023-05-21 15:30:00,Mainz,Stuttgart,0.547133901844532,0.2456893041340248,0.20717679402144312,1.8757268224968402,1.08808011562547,0.22871639040122316,0.3174111954081855,0.005817522893068678,0.07705111427242134,-0.13611215964672083,-0.00818944934655078,1,4,0.34054854403158713,0.2783614185997321,0.3810900373686808,0.5642438294709221,0.2473579994763995,0.18839817105267836,2022
33,2023-05-21 17:30:00,Augsburg,Dortmund,0.22521054279526037,0.21845703547470924,0.5563324217300304,1.3822699883914256,2.220208576054537,0.22871639040122316,0.3174111954081855,-0.14603279386893447,-0.07636772504484507,0.45617690539674777,0.11270784885061313,0,3,0.14555955469992468,0.1730978488323429,0.6813425964677325,0.19285229211600458,0.21439721530759223,0.5927504925764031,2022
33,2023-05-21 19:30:00,Leverkusen,M'gladbach,0.6141202629192248,0.21348817577261886,0.1723915613081563,2.2222328693987836,1.1205417579488413,0.22871639040122316,0.3174111954081855,0.17460932345946475,0.07777557816687287,0.029452551197244988,-0.1443566607882994,2,2,0.7365324267782427,0.15905185295875676,0.10441572026300061,0.573845810328954,0.17422793242590082,0.25192625724514517,2022
34,2023-05-27 15:30:00,Bochum,Leverkusen,0.24445755776149497,0.2510015140693845,0.5045409281691206,1.2172119449113012,1.82024617932423,0.2405515534631844,0.3046235144611224,-0.21491406924225806,-0.13369804625598422,0.16803101718365276,0.19038918465956411,3,0,0.23624346803892698,0.2205300263574387,0.5432265056036344,0.3344896693579595,0.25692047044224997,0.4085898601997906,2022
34,2023-05-27 15:30:00,Dortmund,Mainz,0.7143234944651555,0.16434036061076515,0.12133614492407932,2.8092270768453487,1.1397528352692678,0.2405515534631844,0.3046235144611224,0.4581544394092416,0.029579876554847655,-0.008735952778984734,-0.10100417295204349,2,2,0.8026106540128445,0.12009136967773235,0.07729797630942323,0.6863159235577404,0.18943101159084624,0.12425306485141326,2022
34,2023-05-27 15:30:00,Ein Frankfurt,Freiburg,0.43637770144557886,0.26958307247271807,0.29403922608170313,1.5869604583189212,1.2690651763108258,0.2405515534631844,0.3046235144611224,0.029039451794859155,-0.11239399447842077,0.005998389441487625,-0.008269395120299007,2,1,0.45673430839889834,0.2439770609421963,0.2992886306589054,0.43402687575235727,0.2693272045504545,0.2966459196971882,2022
34,2023-05-27 15:30:00,FC Koln,Bayern Munich,0.2287370686036699,0.22679960011262498,0.5444633312837053,1.328984273141923,2.109111231639287,0.2405515534631844,0.3046235144611224,-0.056542205302244526,-0.20421791656373842,0.5038187516340905,0.0018963364212368616,1,2,0.15564169042782014,0.1749902003895967,0.6693681091825833,0.18817040020979672,0.1967643898222876,0.6150652099679156,2022
34,2023-05-27 15:30:00,M'gladbach,Augsburg,0.5640423921742145,0.23308966946444254,0.20286793836134293,2.016126794112923,1.1507862195007477,0.2405515534631844,0.3046235144611224,0.03787337551592739,0.1181297986963689,-0.1714960854308422,0.07138990987862297,2,0,0.4783084482885614,0.24463103843766112,0.2770605132737776,0.539997898227366,0.27115686459101146,0.18884523718162255,2022
34,2023-05-27 15:30:00,RB Leipzig,Schalke 04,0.8049170206122035,0.1376036437254644,0.057479335662331904,2.756456766818404,0.6570929719247084,0.2405515534631844,0.3046235144611224,0.1813712520954656,0.28739975481936303,-0.38217989914907635,-0.2783014150443428,4,2,0.6234565536003371,0.19435690132480146,0.18218654507486134,0.6896868161961296,0.13242459387226752,0.17788858993160286,2022
34,2023-05-27 15:30:00,Stuttgart,Hoffenheim,0.4560646672122406,0.25650794012057093,0.28742739266718853,1.7303370461975047,1.3406131858716086,0.2405515534631844,0.3046235144611224,-0.09183893952077718,0.09498008552197187,-0.011511615431165266,0.06408717265993398,1,1,0.6263974956877276,0.200919951447007,0.17268255286526546,0.45261322841197976,0.25466521947664505,0.29272155211137524,2022
34,2023-05-27 15:30:00,Union Berlin,Werder Bremen,0.6236470796787321,0.22343698960459485,0.1529159307166731,2.0593473812988523,0.9362676919883121,0.2405515534631844,0.3046235144611224,-0.03674030861312036,0.21395436810220445,-0.10765626550439103,-0.19874913563830815,1,0,0.655168561917741,0.2036147539152387,0.14121668416702038,0.6586443668838403,0.21271347451903974,0.12864215859711992,2022
34,2023-05-27 15:30:00,Wolfsburg,Hertha,0.666838845404162,0.19853261207619838,0.13462854251963946,2.3233375763526434,0.9745722996126931,0.2405515534631844,0.3046235144611224,0.05450352295152136,0.2433261714905186,-0.19780944342361276,-0.06849868133030916,1,2,0.7657448518696002,0.14159483207647933,0.09266031605392064,0.6293872550491194,0.2173096382944729,0.1533031066564077,2022
1,2023-08-18 20:30:00,Werder Bremen,Bayern Munich,0.18963205911919057,0.20216476217326598,0.6082031787075435,1.3215667199603514,2.4161009064072143,0.24469074291073328,0.30672901349719295,-0.04705041513332601,-0.2255513994351495,0.5145011259397103,0.12296317624697994,0,4,0.11025417374405119,0.1583650859232735,0.7313807403326753,0.12715964188261963,0.09589001707593824,0.7769503410414421,2023
1,2023-08-19 15:30:00,Augsburg,M'gladbach,0.37655319582050717,0.26540355563672546,0.35804324854276737,1.5204695185571055,1.4783888858974823,0.24469074291073328,0.30672901349719295,-0.16379291791505168,0.03139234245501602,0.05704138613903835,0.08922077517132951,4,4,0.3432756788095468,0.26096434438109967,0.39575997680935354,0.37577480307384703,0.2988480787511507,0.32537711817500214,2023
1,2023-08-19 15:30:00,Hoffenheim,Freiburg,0.39949185522706165,0.2687051225168363,0.3318030222561021,1.5381425553597052,1.3858568001237324,0.24469074291073328,0.30672901349719295,0.004241755447805001,-0.12508595627717395,0.022531236278408962,0.059096597426767004,1,2,0.4354947779697949,0.26035013900368176,0.30415508302652344,0.34752866110971437,0.23606501201424684,0.4164063268760389,2023
1,2023-08-19 15:30:00,Leverkusen,RB Leipzig,0.40531170051217674,0.26651865917365497,0.3281696403141682,1.5668703809653495,1.3923387368512918,0.24469074291073328,0.30672901349719295,0.16314101020673297,-0.2654805246165615,0.2129805935246932,-0.1266864586877509,3,2,0.39275675171996083,0.2662017983879735,0.34104144989206564,0.3778595781345005,0.22167996228099895,0.4004604595845005,2023
1,2023-08-19 15:30:00,Stuttgart,Bochum,0.5289076670618046,0.24936000336953126,0.22173232956866412,1.8401951700370534,1.1309872376692498,0.24469074291073328,0.30672901349719295,-0.08014815289122061,0.13860003315140432,-0.1554369116816256,0.03383708172914056,5,0,0.5419412822049131,0.2372678250449371,0.22079089275014976,0.4214948176883071,0.27231743209002285,0.3061877502216701,2023
1,2023-08-19 15:30:00,Wolfsburg,Heidenheim,0.7160409998529906,0.17867057108551196,0.10528842906149753,2.4778461677397368,0.8778491897529461,0.24469074291073328,0.30672901349719295,0.05596994567095642,0.3,-0.3,-0.07497120866840042,2,0,0.5850617444995216,0.22418253761196624,0.190755717888512,0.3499610739117852,0.30787079643877924,0.3421681296494355,2023
1,2023-08-19 18:30:00,Dortmund,FC Koln,0.7034777426526766,0.17181418258119688,0.12470807476612661,2.6932445085343897,1.1024203212203827,0.24469074291073328,0.30672901349719295,0.46224442853009895,-0.022917581121525137,-0.03877909886439787,-0.1084035893210665,1,0,0.6554810124199044,0.19333379356223443,0.15118519401786107,0.731200731866324,0.18938698125980513,0.07941228687387093,2023
1,2023-08-20 15:30:00,Union Berlin,Mainz,0.5112838246995549,0.2655399208212319,0.22317625447921322,1.6764232526523435,1.039096087719669,0.24469074291073328,0.30672901349719295,-0.02940420780540972,-0.005353041042755771,0.024100867441411208,-0.23044042154900932,4,1,0.44580002752494907,0.28869580095742187,0.26550417151762895,0.5893152712029325,0.20528292135072695,0.20540180744634048,2023
1,2023-08-20 17:30:00,Ein Frankfurt,Darmstadt,0.7075383865181875,0.18104840922347337,0.11141320425833903,2.4749556540946793,0.9139175706778255,0.24469074291073328,0.30672901349719295,0.05480272191470315,0.3,-0.3,-0.034705639759675104,1,0,0.6479800706539528,0.2044798517202239,0.1475400776258231,0.5458660268482444,0.250497576896433,0.20363639625532254,2023
2,2023-08-25 20:30:00,RB Leipzig,Stuttgart,0.6420596721826112,0.2111599719712066,0.146780355846182,2.193809344057931,0.9740426289410117,0.23040536194780062,0.3117291506235777,0.22357669109526387,0.01992825562193226,-0.022926878729322045,-0.2337786926359337,5,1,0.606335575641136,0.21625512630090185,0.17740929805796204,0.5769014364326878,0.22367909235551794,0.19941947121179432,2023
2,2023-08-26 15:30:00,Bochum,Dortmund,0.18548520882518657,0.2049848937663226,0.6095298974084908,1.2701588584192867,2.3660176165214164,0.23040536194780062,0.3117291506235777,-0.17562273728468566,-0.12736979726919823,0.44297983738580304,0.1878230118928504,1,1,0.16706138797809184,0.2009629667100477,0.6319756453118606,0.25878931841874575,0.23718196076640477,0.5040287208148494,2023
2,2023-08-26 15:30:00,Darmstadt,Union Berlin,0.21837238776685924,0.28146196599315276,0.5001656462399879,0.9370102042187518,1.5345728339132534,0.23040536194780062,0.3117291506235777,-0.38096916495272376,-0.2262264541135021,0.011153677878776306,0.18669301838877916,1,4,0.24169462027537228,0.2820951873008744,0.47621019242375334,0.2847956962579304,0.21279552811151922,0.5024087756305504,2023
2,2023-08-26 15:30:00,FC Koln,Wolfsburg,0.41330081385506834,0.2774987502433194,0.3092004359016124,1.4895553882784351,1.26132721967627,0.23040536194780062,0.3117291506235777,-0.05732727906805429,-0.086329555203805,0.050480201762552426,-0.048721048180279,1,2,0.4456310106790961,0.2644403799634197,0.28992860935748427,0.26324762106626753,0.27515597316011153,0.4615964057736209,2023
2,2023-08-26 15:30:00,Freiburg,Werder Bremen,0.6041358646150492,0.22540890386770115,0.17045523151724978,2.0690143030680903,1.0269029256306494,0.23040536194780062,0.3117291506235777,0.03402558626946407,0.1509122129330285,-0.073214093796991,-0.130643863940011,1,0,0.5495394023493934,0.23863373551152317,0.21182686213908336,0.5718102080263439,0.3260716088856097,0.10211818308804656,2023
2,2023-08-26 15:30:00,Heidenheim,Hoffenheim,0.28416057151434354,0.2657084449850504,0.45013098350060604,1.2635025505570836,1.637310129105993,0.23040536194780062,0.3117291506235777,-0.3779373552949622,0.06969050921196662,-0.002182982793878407,0.2648323509594341,2,3,0.31173945916260104,0.25521070390111605,0.4330498369362829,0.4106706376355953,0.23225358685439018,0.35707577551001457,2023
2,2023-08-26 18:30:00,M'gladbach,Leverkusen,0.389913989887778,0.24881716835412918,0.3612688417580927,1.6988087905357596,1.630536216464712,0.23040536194780062,0.3117291506235777,0.09967258770964905,-0.11187980628142051,0.18517661487347248,0.07332695105583192,0,3,0.22482764609377665,0.23759563587194177,0.5375767180342815,0.2469943625607802,0.2988500484043731,0.4541555890348467,2023
2,2023-08-27 15:30:00,Mainz,Ein Frankfurt,0.44382765221400167,0.2595692248755653,0.29660312291043295,1.6867591209196682,1.3487645378774986,0.23040536194780062,0.3117291506235777,0.02837641681646393,-0.04770192148434584,0.03557356216103504,0.033210092201778736,1,1,0.3708122197154928,0.2824716614891548,0.34671611879535247,0.2506658686646682,0.2718310505060554,0.47750308082927645,2023
2,2023-08-27 17:30:00,Bayern Munich,Augsburg,0.8308647144688943,0.11139763250232201,0.05773765302878373,3.3306368906504087,0.87872586209687,0.23040536194780062,0.3117291506235777,0.5312507592108817,0.1297782723761024,-0.1129321518209636,-0.24675551481442828,3,1,0.8765721973943529,0.08028554680547778,0.04314225580016949,0.7642413206168249,0.15818739954666125,0.07757127983651366,2023
3,2023-09-01 20:30:00,Dortmund,Heidenheim,0.8818254151611067,0.08138867291980456,0.03678591191908899,3.778628558638144,0.8110763636041283,0.25319561958956904,0.30116403501100575,0.422397654762344,0.35260381926013373,-0.31827691883324943,-0.14431177024799716,2,2,0.7626011048387741,0.14101351790657804,0.09638537725464788,0.6706769274720292,0.22461417316392973,0.104708899364041,2023
3,2023-09-02 15:30:00,Augsburg,Bochum,0.5066477362731562,0.25190029117367635,0.24145197255316736,1.8113350083478204,1.1986188304427603,0.25319561958956904,0.30116403501100575,-0.11529297688126106,0.15499746935746447,-0.18595971471066006,0.11393401440402431,2,2,0.43254733470911283,0.26453308073119297,0.30291958455969414,0.43070468893109876,0.2511898276833948,0.31810548338550637,2023
3,2023-09-02 15:30:00,Hoffenheim,Wolfsburg,0.3977088294660933,0.26220559474768695,0.3400855757862197,1.5905150790187534,1.4584578005968567,0.25319561958956904,0.30116403501100575,0.015345581368090519,-0.10564732312829682,0.05456991071566214,0.06961404617492159,3,1,0.37627036896682403,0.2518344989148035,0.3718951321183725,0.30364946864391296,0.2801686332802217,0.41618189807586525,2023
3,2023-09-02 15:30:00,Leverkusen,Darmstadt,0.8189078603439104,0.12359778074478285,0.05749435891130674,3.0347654254718415,0.7606017019206113,0.25319561958956904,0.30116403501100575,0.1996370123501707,0.3561374647785961,-0.37486138462271684,-0.15197968085463645,5,1,0.7828969437368909,0.1408752612623904,0.07622779500071883,0.7612817109189064,0.14147163396560347,0.09724665511549024,2023
3,2023-09-02 15:30:00,Stuttgart,Freiburg,0.37880034677402763,0.2751752242322471,0.34602442899372526,1.4470684182812965,1.3745397992734263,0.25319561958956904,0.30116403501100575,-0.023401205164771628,-0.16141872005608868,0.012848245399351114,0.052075118670426836,5,0,0.4244394924735095,0.26208558824866973,0.31347491927782073,0.33299863022009185,0.24810014309292183,0.41890122668698626,2023
3,2023-09-02 15:30:00,Werder Bremen,Mainz,0.39665863252639016,0.26128649680344873,0.34205487067016094,1.596621974403767,1.4711473860962216,0.25319561958956904,0.30116403501100575,-0.10074415937660129,0.01427463616013447,0.012765394739264586,0.12008161676230732,4,0,0.3573816122854391,0.2741979611500351,0.36842042656452595,0.3655871300945855,0.19940184251909368,0.4350110273863208,2023
3,2023-09-02 18:30:00,M'gladbach,Bayern Munich,0.22165110545792258,0.2090726291097895,0.5692762654322879,1.4497398295712167,2.354400391259044,0.25319561958956904,0.30116403501100575,0.07095757907759964,-0.25393312122671907,0.5229091812429315,0.08018128328667241,1,2,0.09538370629704625,0.13925743437545468,0.765358859327499,0.12986702153855892,0.20625071584568197,0.663882262615759,2023
3,2023-09-03 15:30:00,Ein Frankfurt,FC Koln,0.4961624002288638,0.2633613850875568,0.24047621468357938,1.6931384341731084,1.1206084336793873,0.25319561958956904,0.30116403501100575,0.01931986767761602,-0.04709565390945164,-0.06870904113355542,-0.07061479629621212,1,1,0.4406879295791632,0.28292686603159295,0.27638520438924397,0.5386924614950629,0.2898757606237817,0.1714317778811555,2023
3,2023-09-03 17:30:00,Union Berlin,RB Leipzig,0.3848953830617431,0.2794210739607697,0.33568354297748704,1.4266530644095332,1.319031154564721,0.25319561958956904,0.30116403501100575,0.04263490125284943,-0.2416633692656634,0.2568432041477073,-0.23314133044425653,0,3,0.27477804843310044,0.26638205250875574,0.4588398990581439,0.4326926907367401,0.24382691868243345,0.32348039058082656,2023
4,2023-09-15 20:30:00,Bayern Munich,Leverkusen,0.6481613163706559,0.19080422204414774,0.16103446158519646,2.5243195684727495,1.2279603428059673,0.25986293960737417,0.3105464013851059,0.5067492101150932,-0.15118700252849993,0.21191934766626283,-0.26642775220210146,2,2,0.603446413970781,0.20767961000293117,0.18887397602628778,0.5940027597058556,0.2442212806079326,0.16177595968621167,2023
4,2023-09-16 15:30:00,FC Koln,Hoffenheim,0.4736637882728318,0.258523661597292,0.2678125501298759,1.7267888200519903,1.2559055485479425,0.25986293960737417,0.3105464013851059,-0.08100479557399065,0.056858964886324005,0.029204064226854794,-0.061210138816581626,1,3,0.437437369559157,0.2529478688697513,0.30961476157109163,0.33573539547190395,0.20981124084405708,0.4544533636840389,2023
4,2023-09-16 15:30:00,Freiburg,Dortmund,0.332127051786658,0.2509078797920426,0.4169650684212992,1.530381398859599,1.7309633691482125,0.25986293960737417,0.3105464013851059,-0.01681927548169915,-0.12807308087121697,0.3937792149491675,-0.10496404025696861,2,4,0.331751247413898,0.2549896555920652,0.41325909699403673,0.3135671566930686,0.237268260137794,0.4491645831691375,2023
4,2023-09-16 15:30:00,Mainz,Stuttgart,0.4578012873682028,0.25138159360603696,0.2908171190257603,1.7836869815747134,1.3919417175327056,0.25986293960737417,0.3105464013851059,-0.020035180554307714,0.028308399566387723,0.02519889369797926,0.045637858141745175,1,3,0.3663211866532865,0.27421757400903163,0.359461239337682,0.3524494630290879,0.24990042984362013,0.3976501071272919,2023
4,2023-09-16 15:30:00,RB Leipzig,Augsburg,0.7373570902775538,0.16671285734384408,0.09593005237860222,2.6072710352560375,0.8764906123426368,0.25986293960737417,0.3105464013851059,0.2668853554041685,0.1210093975758138,-0.12012205114024316,-0.27157017353593815,3,0,0.76212536237353,0.1457174440956977,0.09215719353077234,0.7319056788821382,0.11126550652515328,0.15682881459270853,2023
4,2023-09-16 15:30:00,Wolfsburg,Union Berlin,0.4300682202254722,0.27904021338194024,0.29089156639258756,1.5006592236943015,1.1976069386699777,0.25986293960737417,0.3105464013851059,0.04136001257589327,-0.2058648595414737,0.007099293930267774,-0.08663688561853788,2,1,0.43838574706438116,0.2857335672830341,0.27588068565258467,0.38827169992130134,0.26473443447842526,0.3469938656002734,2023
4,2023-09-16 18:30:00,Bochum,Ein Frankfurt,0.3359875663769199,0.27193623721148324,0.3920761964115969,1.3730150401383143,1.4981461258722002,0.25986293960737417,0.3105464013851059,-0.1769291697493043,-0.07647109030152348,-0.008061825624298238,0.15242731366573722,1,1,0.33651221328039144,0.2829084978905946,0.3805792888290141,0.37664151921948447,0.27302526687273065,0.350333213907785,2023
4,2023-09-17 15:30:00,Heidenheim,Werder Bremen,0.36298288647249566,0.2595138581311738,0.37750325539633056,1.539155871074114,1.572718316993684,0.25986293960737417,0.3105464013851059,-0.2330378867813868,0.09386267626701159,-0.060521137245359326,0.25346373193005517,4,2,0.4133406232914161,0.25369054127938767,0.33296883542919625,0.40984030501612806,0.2025106830900008,0.3876490118938711,2023
4,2023-09-17 17:30:00,Darmstadt,M'gladbach,0.22001474006584038,0.22173418972179926,0.5582510702123605,1.3266448017292438,2.171983300868585,0.25986293960737417,0.3105464013851059,-0.357869557264344,0.07011326565567544,0.052672893660385155,0.46310488040816106,3,3,0.39795031999470243,0.26456530969176895,0.33748437031352857,0.3509106980951169,0.30508813959319464,0.3440011623116885,2023
5,2023-09-22 20:30:00,Stuttgart,Darmstadt,0.768719113004073,0.1401319939376869,0.09114889305824006,3.0696055445030193,1.0532167108817383,0.287837851708098,0.301133150274471,0.0337123894712824,0.4988656747575086,-0.2453084003936729,0.009319563969312085,3,1,0.6960585901494811,0.18296397226786357,0.12097743758265539,0.5396929352343254,0.25226664431315765,0.20804042045251708,2023
5,2023-09-23 15:30:00,Augsburg,Mainz,0.4166820698822802,0.25999072095592496,0.323327209161795,1.6438613928834422,1.4289316507339238,0.287837851708098,0.301133150274471,-0.15244337236732006,0.06052035256622623,-0.049300580892333926,0.11838979685085663,2,1,0.3801395699735949,0.275273481705017,0.34458694832138825,0.3480219408751129,0.3184713890627253,0.3335066700621618,2023
5,2023-09-23 15:30:00,Bayern Munich,Bochum,0.837528385210192,0.10857028971689088,0.05390132507291709,3.338287909764527,0.8436367946739667,0.287837851708098,0.301133150274471,0.48101870894019544,0.13546836277368507,-0.19970400792737292,-0.2581670588529236,7,0,0.8456198683483995,0.1011164498659991,0.05326368178560152,0.7314478228720643,0.1682149417450211,0.10033723538291456,2023
5,2023-09-23 15:30:00,Dortmund,Wolfsburg,0.6347738357177926,0.1979611319004804,0.1672650323817271,2.4305488213865116,1.2099437431898792,0.287837851708098,0.301133150274471,0.3997179064056831,-0.10057182411418109,0.030947422431110445,-0.12821140884290727,1,0,0.556398976737514,0.22359958878236547,0.22000143448012052,0.6893150301419532,0.1884235907203538,0.12226137913769311,2023
5,2023-09-23 15:30:00,M'gladbach,RB Leipzig,0.28062417379817417,0.24479774243859895,0.4745780837632269,1.4075348969849877,1.8700736368459254,0.287837851708098,0.301133150274471,0.04789827006495764,-0.2950293977281565,0.2532015362590992,0.08493842011647884,0,1,0.21126027295377636,0.21996206909374882,0.5687776579524748,0.27872215534231565,0.29265502487784145,0.4286228197798429,2023
5,2023-09-23 15:30:00,Union Berlin,Hoffenheim,0.5298286101870694,0.2493545432583656,0.22081684655456488,1.840137918779859,1.126959187794878,0.287837851708098,0.301133150274471,-0.014091899605948605,0.03496142229384286,0.038020457023130755,-0.20633528746605528,0,2,0.45344617333953446,0.26628971952349395,0.28026410713697175,0.5049279545052852,0.2069102090549288,0.2881618364397861,2023
5,2023-09-23 18:30:00,Werder Bremen,FC Koln,0.4245585214695256,0.26476274140477607,0.3106787371256984,1.613048161361278,1.3546997374662002,0.287837851708098,0.301133150274471,-0.0682756863377652,-0.042569658694983456,-0.10870185555409345,0.12444383765574192,2,1,0.3986599922988062,0.26540623796688484,0.3359337697343088,0.37785556718414604,0.2249336965135774,0.3972107363022765,2023
5,2023-09-24 15:30:00,Leverkusen,Heidenheim,0.7445937037806621,0.15378859578398105,0.10161770043535694,2.8778843288773945,1.0398893652513899,0.287837851708098,0.301133150274471,0.2017881615701923,0.26629625260971657,-0.08022898326187791,-0.1684945405176174,4,1,0.7993363263712667,0.12687878196369315,0.07378489166504001,0.7526625774614565,0.15976354644033677,0.08757387609820666,2023
5,2023-09-24 17:30:00,Ein Frankfurt,Freiburg,0.4606108217987892,0.2698149969595813,0.2695741812416294,1.6110767069567828,1.1869065030480435,0.287837851708098,0.301133150274471,-0.03645800613417966,-0.0756102782887728,-0.024432887004079546,-0.09205461961937518,0,0,0.4320875527905181,0.2772353662413151,0.29067708096816675,0.42624111502207074,0.2765681683954861,0.2971907165824431,2023
6,2023-09-29 20:30:00,Hoffenheim,Dortmund,0.3188952611757062,0.23399380365976433,0.44711093516452943,1.6449929746679355,1.963056821536712,0.27856489157772807,0.3101324260346236,0.05605605242077966,-0.14701725654349598,0.3844970088837478,0.011440960688345657,1,3,0.31017995930604586,0.23625500585964182,0.4535650348343124,0.28160469939691907,0.29369664641700305,0.42469865418607783,2023
6,2023-09-30 15:30:00,Bochum,M'gladbach,0.35759080106510077,0.2539227599173994,0.3884864390174999,1.5744556365409113,1.6470027307264534,0.27856489157772807,0.3101324260346236,-0.20890681485007276,0.07411908217926241,0.030171249041962698,0.19022096857471324,1,3,0.4221740211030525,0.260150477868908,0.3176755010280395,0.29643374350424695,0.3265561483499761,0.37701010814577685,2023
6,2023-09-30 15:30:00,FC Koln,Stuttgart,0.43761164149662746,0.2637764723848093,0.2986118861185632,1.639937432575634,1.324358489585568,0.27856489157772807,0.3101324260346236,-0.10644981645874538,0.01241058908622205,0.03640582525208157,-0.034042533437686706,0,2,0.34325031046797744,0.2709363405660159,0.3858133489660066,0.33423439489138923,0.2259167674051423,0.43984883770346855,2023
6,2023-09-30 15:30:00,Heidenheim,Union Berlin,0.2936990358621342,0.2540677408395246,0.4522332232983415,1.380911929889526,1.7502581969972562,0.27856489157772807,0.3101324260346236,-0.0784912155301627,-0.18746200239712515,-0.03702619187393857,0.31822461848979866,1,0,0.30896527542219465,0.271435595074301,0.41959912950350453,0.3428139559369077,0.21939527413654256,0.43779076992654986,2023
6,2023-09-30 15:30:00,Mainz,Leverkusen,0.3084766448159712,0.25122771674419153,0.4402956384398372,1.4534572202321163,1.76385658096266,0.27856489157772807,0.3101324260346236,-0.049691026157702295,-0.1650612831158389,0.21940135685537138,0.06953640253705726,0,3,0.18089285985164508,0.21385555875794487,0.60525158139041,0.2834347446937964,0.3026978716114253,0.4138673836947784,2023
6,2023-09-30 15:30:00,Wolfsburg,Ein Frankfurt,0.4871646787957925,0.26865978277018804,0.24417553843401948,1.6399989857942494,1.1027629811421167,0.27856489157772807,0.3101324260346236,0.015006447165292326,-0.10900814135986878,-0.06018627178372332,-0.12055978825111273,2,0,0.447655239267693,0.2757761502651977,0.2765686104671092,0.5017435444234533,0.25577364197158053,0.24248281360496635,2023
6,2023-09-30 18:30:00,RB Leipzig,Bayern Munich,0.40765910322679494,0.24619429360224437,0.34614660317096074,1.7614532541164298,1.6138376577765619,0.27856489157772807,0.3101324260346236,0.24647722978902786,-0.2690353664982456,0.5211121368609386,-0.3210620474313577,2,2,0.24020439770377167,0.21831789221823442,0.5414777100779938,0.2328248280237097,0.33940279927171885,0.42777237270457147,2023
6,2023-10-01 15:30:00,Darmstadt,Werder Bremen,0.291709291646994,0.22948835319098643,0.4788023551620194,1.587479003893233,2.055528977297708,0.27856489157772807,0.3101324260346236,-0.24740625792878543,0.12085616611965397,-0.05747323209477775,0.4994415652182395,4,2,0.3327449249779346,0.25419240953221534,0.41306266548984993,0.2794326575003499,0.3705759766384153,0.3499913658612347,2023
6,2023-10-01 17:30:00,Freiburg,Augsburg,0.574151789096108,0.2382172693349991,0.18763094156889293,1.9439557777614354,1.0389949462622885,0.27856489157772807,0.3101324260346236,-0.03873058244889247,0.1147582225509417,-0.14164613336742365,-0.09866491014518941,2,0,0.5216529094253841,0.2559835231928278,0.2223635673817882,0.5050372447907728,0.18277196221604305,0.31219079299318414,2023
7,2023-10-06 20:30:00,M'gladbach,Mainz,0.538381586310736,0.23038642737746584,0.2312319863117982,2.0636531676032632,1.3119995147897112,0.28060038704991114,0.3058834217035096,0.04650656466209513,0.09148742113176646,-0.07653916789655581,0.0674911015435584,2,2,0.4395890882062547,0.2567200275124527,0.30369088428129265,0.4600371681576952,0.25167786167059486,0.28828497017170995,2023
7,2023-10-07 15:30:00,Augsburg,Darmstadt,0.6225980042013339,0.19539301761447184,0.18200897818419426,2.506544407757675,1.3340971567001447,0.28060038704991114,0.3058834217035096,-0.16414334259433858,0.4965646084441633,-0.1102668504544508,0.11792123935546897,1,2,0.5278372591006423,0.2548179871520343,0.21734475374732334,0.46736352691795463,0.22464228978757725,0.30799418329446815,2023
7,2023-10-07 15:30:00,Dortmund,Union Berlin,0.6226040242685617,0.21388902484647263,0.16350695088496547,2.198907392846159,1.0625981687443886,0.28060038704991114,0.3058834217035096,0.39410643815797536,-0.19262964952880934,-0.06767034101051389,-0.15221303437866968,4,2,0.5652661128813978,0.23495168506072772,0.1997822020578745,0.6863961649122048,0.21011473557233865,0.10348909951545668,2023
7,2023-10-07 15:30:00,RB Leipzig,Bochum,0.7917583830304057,0.13970775322290072,0.06853386374669382,2.845482615232794,0.7797578651901171,0.28060038704991114,0.3058834217035096,0.24717620784265112,0.21207267288130666,-0.2210852501119029,-0.30828697367307895,0,0,0.7525748240973277,0.15462211474230808,0.09280306116036409,0.7415117681236394,0.1800558795474549,0.07843235232890577,2023
7,2023-10-07 15:30:00,Stuttgart,Wolfsburg,0.43544094182742993,0.26327570393921823,0.30128335423335173,1.6416480940997105,1.3365078458973085,0.28060038704991114,0.3058834217035096,0.041981258380740634,-0.13276439448096908,0.019610435883503044,-0.010150695873218688,3,1,0.5083276021887989,0.2561971115031546,0.23547528630804648,0.4282036114249114,0.2870824912857961,0.2847138972892925,2023
7,2023-10-07 18:30:00,Werder Bremen,Hoffenheim,0.4021110545754658,0.24600213711295532,0.3518868083115788,1.75246013942054,1.6318193542607013,0.28060038704991114,0.3058834217035096,-0.058870985876150334,0.03340777180951967,0.04625165712254337,0.1628435164516567,2,3,0.3656867218564631,0.2571540316798122,0.3771592464637247,0.4770110402665343,0.20033840867593802,0.3226505510575277,2023
7,2023-10-08 15:30:00,Leverkusen,FC Koln,0.6523978376922923,0.20729865931764338,0.14030350299006436,2.224976222565148,0.9559356119543003,0.28060038704991114,0.3058834217035096,0.23364840952907906,-0.020385989208971188,-0.13849170032648034,-0.18717340643461963,3,0,0.7557476440505213,0.15786176117502668,0.08639059477445203,0.693260282333625,0.23781451918728425,0.0689251984790908,2023
7,2023-10-08 17:30:00,Bayern Munich,Freiburg,0.7313163284993907,0.1642308313957625,0.10445284010484682,2.7060051298619183,0.9780078645407494,0.28060038704991114,0.3058834217035096,0.5202716996781428,-0.1112820829486525,-0.042594333754411726,-0.26024362082244246,3,0,0.8607671282097348,0.09234283367767271,0.04689003811259256,0.7429907180632653,0.15263015415894995,0.10437912777778464,2023
7,2023-10-08 19:30:00,Ein Frankfurt,Heidenheim,0.6017095224896433,0.22245556107464493,0.17583491643571192,2.113550319006987,1.0774656108897305,0.28060038704991114,0.3058834217035096,-0.08146398150707948,0.2433493218729912,-0.10554305143895308,-0.10044570877208928,2,0,0.5451906034432964,0.246667213897224,0.2081421826594797,0.4963038411314679,0.27501481336708034,0.22868134550145172,2023
8,2023-10-20 20:30:00,Dortmund,Werder Bremen,0.7854100601234479,0.12903405792779918,0.08555588194875283,3.2689414550249265,1.1015845545230263,0.2754284282824771,0.30723813109103004,0.4140425517359212,0.18775710733337175,-0.04927347066958941,-0.12940531022747043,1,0,0.7486395153821122,0.14674710255575857,0.10461338206212922,0.7646354061928309,0.1540629904054876,0.08130160340168144,2023
8,2023-10-21 15:30:00,Darmstadt,RB Leipzig,0.1559591235209306,0.19032180630469903,0.6537190701743703,1.1947686797953665,2.5160969703498073,0.2754284282824771,0.30723813109103004,-0.08291924164126992,-0.32179472447950935,0.21089476464796086,0.4363856866395388,1,3,0.15321890057642412,0.1976712976572385,0.6491098017663373,0.29467334297064557,0.17632425613714178,0.5290024008922126,2023
8,2023-10-21 15:30:00,Freiburg,Bochum,0.613636516829374,0.22854893864988787,0.15781454452073823,2.01056743451936,0.9350163839665193,0.2754284282824771,0.30723813109103004,-0.058279298579351664,0.17402972716708873,-0.23703155042403393,-0.10558810474657429,2,1,0.5346062052505967,0.2505966587112172,0.21479713603818615,0.6145992967387562,0.18629331031172647,0.19910739294951738,2023
8,2023-10-21 15:30:00,Hoffenheim,Ein Frankfurt,0.4663193860781407,0.2599891203228789,0.2736914935989805,1.7065190279768414,1.2669753747967027,0.2754284282824771,0.30723813109103004,0.06581665310540168,-0.11402757288237182,-0.08017632420422639,0.04138036123659498,1,3,0.47115583480127515,0.26551323287143686,0.263330932327288,0.41352100888278104,0.25730778662158726,0.32917120449563164,2023
8,2023-10-21 15:30:00,Union Berlin,Stuttgart,0.47553695500336635,0.26283071793368323,0.2616323270629504,1.686816761886792,1.2039915999919033,0.2754284282824771,0.30723813109103004,-0.048562208763434485,-0.011261170677173664,0.06643106049264713,-0.1562171186637435,0,3,0.37442827361205444,0.2855432234964332,0.3400285028915123,0.39915010837532194,0.2230611406174037,0.3777887510072742,2023
8,2023-10-21 15:30:00,Wolfsburg,Leverkusen,0.36200666909549817,0.2652622547941177,0.37273107611038403,1.4889379145124628,1.513330134690986,0.2754284282824771,0.30723813109103004,0.015136114703768326,-0.1997396173411083,0.24667269172537193,-0.10778851026525342,1,2,0.218153826571587,0.23522209662119772,0.5466240768072153,0.38843931407225635,0.27244855661984196,0.3391121293079017,2023
8,2023-10-21 18:30:00,Mainz,Bayern Munich,0.17927024845874107,0.1996132006112975,0.6211165509299615,1.2768886151529586,2.4341342024105113,0.2754284282824771,0.30723813109103004,-0.06407329117036202,-0.27416691879959576,0.5223978693947435,0.09176483193779321,1,3,0.10377589832153311,0.15702039517277722,0.7392037065056897,0.15673596619979085,0.10689107094158586,0.7363729628586233,2023
8,2023-10-22 15:30:00,FC Koln,M'gladbach,0.43244606768857097,0.26066488038111896,0.30688905193031,1.66154497854249,1.3736569030773615,0.2754284282824771,0.30723813109103004,-0.15550464294186467,0.08058596306019113,0.0508375795750836,-0.008789551878771885,3,1,0.39233073512503314,0.26191016377556714,0.3457591010993998,0.3338901517055861,0.2551770856348604,0.4109327626595534,2023
8,2023-10-22 17:30:00,Heidenheim,Augsburg,0.4434044999328265,0.2564253252916525,0.3001701747755212,1.7163681539132438,1.3844479712249644,0.2754284282824771,0.30723813109103004,-0.17188022931885244,0.1294241899077766,-0.18557173691490933,0.2354447920860377,2,5,0.41337543469400967,0.26979405121485783,0.3168305140911324,0.4312390777210106,0.2108104878213451,0.35795043445764435,2023
9,2023-10-27 20:30:00,Bochum,Mainz,0.3818309947051751,0.2635815717908128,0.354587433504012,1.5469741779176276,1.4847305098873942,0.29857608321742574,0.2820047244836903,-0.2362137225099203,0.09193379454589863,-0.06926451728145794,0.16592171502684344,2,2,0.34620421383794003,0.27035048159254865,0.38344530456951126,0.396125135283454,0.26212237132852967,0.34175249338801633,2023
9,2023-10-28 15:30:00,Augsburg,Wolfsburg,0.34030570300122764,0.2673172177918457,0.39237707920692655,1.4189175410069435,1.5365847308919522,0.29857608321742574,0.2820047244836903,-0.12560656511401355,-0.10507995673408875,0.0018873212528058058,0.12909884198786106,3,2,0.38123167155425214,0.2668621700879765,0.3519061583577712,0.36684691194907054,0.33505329478127455,0.2980997932696548,2023
9,2023-10-28 15:30:00,Bayern Munich,Darmstadt,0.9257280544090553,0.05057213964694209,0.023699805944002665,4.706423626748224,0.9236904680066371,0.29857608321742574,0.2820047244836903,0.5257678990250354,0.4425795979611399,-0.09349494969853872,-0.2844593883162794,8,0,0.8979656477233666,0.06799881408803979,0.03403553818859377,0.8533762615222215,0.07777600403017608,0.06884773444760241,2023
9,2023-10-28 15:30:00,M'gladbach,Heidenheim,0.6728085992764116,0.17782904354936782,0.1493623571742206,2.701519236562613,1.258266636892867,0.29857608321742574,0.2820047244836903,0.04228930801535457,0.3709441792570375,-0.15910505314592607,0.09026405876287995,2,1,0.5622395218998192,0.2241094597782496,0.21365101832193129,0.48502816514706676,0.26235474315611446,0.25261709169681873,2023
9,2023-10-28 15:30:00,Stuttgart,Hoffenheim,0.531397957983039,0.22945231809360814,0.23914972392335276,2.0770122944489584,1.3575450206338613,0.29857608321742574,0.2820047244836903,0.0892001612447402,0.06114949526086388,0.05056657199602924,-0.04346471856625868,2,3,0.5716862344733707,0.22440020418580908,0.20391356134082017,0.5386256516828226,0.2504328660308102,0.21094148228636717,2023
9,2023-10-28 15:30:00,Werder Bremen,Union Berlin,0.36623996471886977,0.2717062579131647,0.3620537773679656,1.4474336142248214,1.4380795370999735,0.29857608321742574,0.2820047244836903,-0.08032979330145085,-0.13045894735263439,-0.08120534134295647,0.14593782681271653,2,0,0.3361136686381299,0.27782806135984145,0.38605827000202864,0.3001771910890539,0.320191490436976,0.3796313184739701,2023
9,2023-10-28 18:30:00,RB Leipzig,FC Koln,0.667547427117173,0.2075603178131577,0.12489225506966946,2.172511037521476,0.8487316437255611,0.29857608321742574,0.2820047244836903,0.21422397968934245,-0.018921128683710244,-0.13157360133092463,-0.3310147096516276,6,0,0.6502709862898071,0.20346745448391423,0.1462615592262788,0.7414532321118007,0.1927782425361218,0.06576852535207749,2023
9,2023-10-29 15:30:00,Ein Frankfurt,Dortmund,0.3108449349592205,0.2538753173581668,0.4352797476826128,1.4394881728575954,1.7304242455497831,0.29857608321742574,0.2820047244836903,-0.06028744513402581,-0.1560057476769144,0.38141351326717055,-0.13162298939704412,3,3,0.3072446195816914,0.26480751742952413,0.4279478629887845,0.19443233054714598,0.242788181294423,0.562779488158431,2023
9,2023-10-29 17:30:00,Leverkusen,Freiburg,0.5988342389332604,0.22800051761741824,0.17316524344932135,2.0426703280324654,1.025665362002408,0.29857608321742574,0.2820047244836903,0.24430593743487053,-0.11062880892332048,-0.05867153522724119,-0.21456301233505018,2,1,0.7766278237268877,0.14351989588991662,0.07985228038319574,0.6195985702564318,0.22534020656194534,0.15506122318162285,2023
10,2023-11-03 20:30:00,Darmstadt,Bochum,0.3914028023627534,0.2343552342391354,0.37424196339811117,1.8536205904502614,1.8108916737028973,0.296400882632153,0.2972195696171742,-0.13813663838239634,0.16165698856425345,-0.22953761513267584,0.5269560938772048,1,2,0.40855324774432755,0.27353280119634465,0.31791395105932774,0.3912768617932254,0.3130707010247028,0.29565243718207185,2023
10,2023-11-04 15:30:00,FC Koln,Augsburg,0.48693728587734064,0.2550521630281179,0.2580105510945415,1.770370859008622,1.2431686576414354,0.296400882632153,0.2972195696171742,-0.1476541114476115,0.12522270870038174,-0.10505939322623385,0.026321999872641923,1,1,0.4679835314134341,0.2531309338779788,0.2788855347085872,0.3713598923728963,0.2418659251668006,0.3867741824603031,2023
10,2023-11-04 15:30:00,Freiburg,M'gladbach,0.5076083379660794,0.24951944416493954,0.2428722178689811,1.8369578074035127,1.2209490822554507,0.296400882632153,0.2972195696171742,-0.06290205813423756,0.07739244364700136,0.025258461553593462,-0.12203085160120523,3,3,0.4762691504239601,0.2511915623645951,0.2725392872114446,0.5384359392526215,0.22456027616544513,0.23700378458193336,2023
10,2023-11-04 15:30:00,Hoffenheim,Leverkusen,0.32603111647693217,0.24629200794113837,0.42767687558192957,1.5525456849069454,1.7959192990324333,0.296400882632153,0.2972195696171742,0.06976579152714464,-0.22349028271279062,0.23600253261486995,0.053113619899845414,2,3,0.17684887459807072,0.19435512683101105,0.6287959985709182,0.26202828693442615,0.25358429499001334,0.48438741807556057,2023
10,2023-11-04 15:30:00,Mainz,RB Leipzig,0.2296927205219721,0.24498569147820431,0.5253215879998236,1.195730374987747,1.8889247330733447,0.296400882632153,0.2972195696171742,-0.06328194362593412,-0.35158131748359395,0.25228431773019133,0.08732254251055124,2,0,0.20801239902310725,0.2332566222055232,0.5587309787713696,0.23622246017290208,0.18005268945594044,0.5837248503711574,2023
10,2023-11-04 15:30:00,Union Berlin,Ein Frankfurt,0.4301954641350837,0.2864907885771662,0.28331374728775016,1.443391778977573,1.1300095156898295,0.296400882632153,0.2972195696171742,-0.10987774720309186,-0.11674695900183792,-0.04374532824987057,-0.1304295007290383,0,3,0.3782682969266541,0.2993151009949226,0.3224166020784233,0.37353408863758536,0.2326477278934641,0.3938181834689505,2023
10,2023-11-04 18:30:00,Dortmund,Bayern Munich,0.37520866083206494,0.2216898021508771,0.40310153701705803,1.9617011860286768,2.033990753227151,0.296400882632153,0.2972195696171742,0.3910246566417449,-0.3108330600457713,0.5489170647751742,-0.13531819589397132,0,4,0.25011802149085366,0.21786298252031375,0.5320189959888325,0.2620687687687513,0.2616467097931844,0.4762845214380644,2023
10,2023-11-05 15:30:00,Wolfsburg,Werder Bremen,0.572289635779093,0.23041655533119965,0.1972938088897073,2.0433975164066402,1.140628540997382,0.296400882632153,0.2972195696171742,0.0057038194091844335,0.11528960009391392,-0.07718433667650342,-0.08763708373568814,2,2,0.5584218241090966,0.2215548304469966,0.22002334544390673,0.5587247272872939,0.2785535161342015,0.16272175657850454,2023
10,2023-11-05 17:30:00,Heidenheim,Stuttgart,0.2703523264660314,0.23115682085161657,0.49849085268235194,1.4834288384779446,2.0481452316045807,0.296400882632153,0.2972195696171742,-0.1739272153608003,-0.025337045960395235,0.07969124292650079,0.34084249297376207,2,0,0.17633487145682267,0.22412656558998023,0.5995385629531972,0.3311835101496025,0.3691438962393383,0.29967259361105913,2023
11,2023-11-10 20:30:00,M'gladbach,Wolfsburg,0.4323573347196311,0.24982676413839014,0.31781590114197866,1.7667204814344666,1.495543503340427,0.30162793891159023,0.28591618005477915,0.05413585287230309,-0.07255497922331788,0.005726961942852984,0.09513478730576888,4,0,0.4063537004901513,0.25236703504125185,0.3412792644685968,0.39453719399168824,0.2756785381185147,0.3297842678897971,2023
11,2023-11-11 15:30:00,Augsburg,Hoffenheim,0.39712187039934566,0.24678951755838713,0.3560886120422673,1.7342490411873785,1.6358901970149642,0.30162793891159023,0.28591618005477915,-0.1085617122367139,0.07159208368472011,0.07486332740829214,0.11569585286922433,1,1,0.39758734399131784,0.2525357932963226,0.3498768627123597,0.41075255891351337,0.26585482056888093,0.32339262051760576,2023
11,2023-11-11 15:30:00,Bayern Munich,Heidenheim,0.9068367816278673,0.06479625411932868,0.028366964252803828,4.155058667675197,0.8182622016887169,0.30162793891159023,0.28591618005477915,0.5628825890411058,0.2738998399776772,-0.15574619419169414,-0.3464541984994876,4,2,0.8711567613860541,0.0819477970456373,0.046895441568308445,0.8546542124481972,0.07993843246401608,0.0654073550877867,2023
11,2023-11-11 15:30:00,Darmstadt,Mainz,0.2755578262657626,0.22141377958319863,0.5030283941510387,1.5994901313931655,2.180472200302885,0.30162793891159023,0.28591618005477915,-0.17844672717114,0.06058751878583657,-0.05213063504611491,0.5300441551234322,0,0,0.3072759589473081,0.2763717676738719,0.4163522733788201,0.3044202236658235,0.3473024415794331,0.3482773347547434,2023
11,2023-11-11 15:30:00,Stuttgart,Dortmund,0.337444685741941,0.2344859631503709,0.4280693511076882,1.7021399684372194,1.9271653915717548,0.30162793891159023,0.28591618005477915,0.04881176305712147,-0.10446961762894823,0.3710446562854763,-0.016622380920777263,2,1,0.3933176484967001,0.25255133219261794,0.35413101931068197,0.2592681507544958,0.2642117941064044,0.4765200551390998,2023
11,2023-11-11 18:30:00,Bochum,FC Koln,0.3917426102470658,0.2758549061709673,0.332402483581967,1.4665267014692764,1.3355549429587004,0.30162793891159023,0.28591618005477915,-0.22711368016198155,0.022466378081505402,-0.16346159775813407,0.15118055193411128,1,1,0.3709848794442174,0.2691458929301185,0.3598692276256641,0.4129954525381904,0.2484270482969397,0.3385774991648698,2023
11,2023-11-12 15:30:00,Leverkusen,Union Berlin,0.6265957297425349,0.22043662532897015,0.1529676449284951,2.09474291705238,0.9546738378888355,0.30162793891159023,0.28591618005477915,0.25084223180649384,-0.09895551755273453,-0.13418756713655897,-0.21382589961788967,4,0,0.7086800871882716,0.17916069619928218,0.1121592166124463,0.6507984443610354,0.25143097377944396,0.09777058185952056,2023
11,2023-11-12 17:30:00,Werder Bremen,Ein Frankfurt,0.3619812422831283,0.26703956197197465,0.370979195744897,1.4745475012672162,1.4949125068993088,0.30162793891159023,0.28591618005477915,-0.060834254478327666,-0.13835870056438865,-0.015505671339946866,0.11594541374524982,2,2,0.34730894105894106,0.269261988011988,0.38342907092907086,0.35774940773894826,0.23289083290085472,0.409359759360197,2023
11,2023-11-12 19:30:00,RB Leipzig,Freiburg,0.6260227481156182,0.2231563102315908,0.15082094165279097,2.0581198950294035,0.9253372743328759,0.30162793891159023,0.28591618005477915,0.2276429854927867,-0.09339421071245133,-0.04401668629390386,-0.33520823964503815,3,1,0.656691918155629,0.19891497935834404,0.14439310248602688,0.6466274482484914,0.19232399446162868,0.16104855728987988,2023
12,2023-11-24 20:30:00,FC Koln,Bayern Munich,0.15375381738675492,0.1985085799178097,0.6477376026954353,1.1114047680461039,2.385135511679493,0.2887113817105486,0.3016313195198734,-0.16718901608845102,-0.317528913161429,0.5647468124786761,0.015797746851233255,0,1,0.095062712193554,0.14217219234864362,0.7627650954578022,0.11862306394598784,0.09997169247676865,0.7814052435772435,2023
12,2023-11-25 15:30:00,Dortmund,M'gladbach,0.6753474132302939,0.17321202173959493,0.1514405650301111,2.7944007315822557,1.322504132217854,0.2887113817105486,0.3016313195198734,0.35849464858221786,0.07878032650079402,0.08870405875996301,-0.09788843117471352,4,2,0.6375948227831826,0.18767410963013756,0.1747310675866798,0.7347614700027899,0.17095174731452428,0.09428678268268581,2023
12,2023-11-25 15:30:00,Freiburg,Darmstadt,0.744368564827006,0.15794934139395614,0.0976820937790377,2.7702835367783614,0.9621023798810983,0.2887113817105486,0.3016313195198734,-0.04097471582150441,0.4695816893997016,-0.2497434452510127,-0.07760234644577221,1,1,0.623901713280497,0.21542794584124786,0.16067034087825507,0.4904534243261561,0.266246332303329,0.24330024337051503,2023
12,2023-11-25 15:30:00,Union Berlin,Augsburg,0.509988468281182,0.2589008875209741,0.23111064419784388,1.7403965741954628,1.1106147439243947,0.2887113817105486,0.3016313195198734,-0.14554038126819624,0.10931068349954852,-0.11754545379603053,-0.06625224253851973,1,1,0.4801088961095986,0.27048388513216826,0.24940721875823302,0.4423104555975228,0.28457656129733305,0.27311298310514426,2023
12,2023-11-25 15:30:00,Werder Bremen,Leverkusen,0.25346362813599804,0.23547879237009758,0.5110575794939043,1.3729406850763344,1.9991316824102974,0.2887113817105486,0.3016313195198734,-0.0477555535561606,-0.22563222278568407,0.2755103913483756,0.12849115443195247,0,3,0.15746922353477036,0.1890870597563187,0.653443716708911,0.27872161847845833,0.22173172987121045,0.49954665165033124,2023
12,2023-11-25 15:30:00,Wolfsburg,RB Leipzig,0.2885618715546835,0.26519420700090823,0.4462439214444082,1.2816618079986797,1.637615513227168,0.2887113817105486,0.3016313195198734,-0.01470056572194447,-0.32748461212446467,0.24161375174338282,-0.0370839049858568,2,1,0.2589241773577019,0.24200953260569122,0.49906629003660685,0.2630376520048862,0.2572091568468097,0.479753191148304,2023
12,2023-11-25 18:30:00,Ein Frankfurt,Stuttgart,0.4818348561410053,0.2565728620955461,0.2615922817634487,1.7519033404481883,1.24627926884406,0.2887113817105486,0.3016313195198734,-0.0035374022545945254,-0.026102478960663526,0.055822875360024504,-0.1243717295205994,1,2,0.3384921684217076,0.2738797032244015,0.38762812835389093,0.42913647750335143,0.24270554638250405,0.32815797611414455,2023
12,2023-11-26 15:30:00,Heidenheim,Bochum,0.4814125362139141,0.24441912676812616,0.2741683370179598,1.8797173203926822,1.3857586679979272,0.2887113817105486,0.3016313195198734,-0.10819607352188004,0.1489747763346391,-0.2308183930367097,0.2683547757193974,0,0,0.4085517442776397,0.2681834075565512,0.32326484816580914,0.45109829210642677,0.2868993516269707,0.2620023562666025,2023
12,2023-11-26 17:30:00,Hoffenheim,Mainz,0.5278642518526325,0.23524273625016465,0.23689301189720274,2.003799932987074,1.3002263964143734,0.2887113817105486,0.3016313195198734,0.06511507274577936,0.03958757042390234,-0.0867995053465878,0.060626524028969495,1,1,0.5133276379025421,0.2417941266694594,0.24487823542799844,0.4728907644504094,0.2649059453246511,0.2622032902249396,2023
13,2023-12-01 20:30:00,Darmstadt,FC Koln,0.3055256481014704,0.25731748194426846,0.43715686995426095,1.39501671998373,1.6995722964313011,0.2801365830756097,0.2945882391231382,-0.24371901814806946,0.0019005968022425658,-0.18009902692870453,0.43033907292657886,0,1,0.3520841192003018,0.28104960392304795,0.36686627687665035,0.38226895701204905,0.29624529299002245,0.3214857499979284,2023
13,2023-12-02 15:30:00,Bochum,Wolfsburg,0.3220759801402201,0.27290916177125996,0.40501485808852,1.3287807654434003,1.5131102230322921,0.2801365830756097,0.2945882391231382,-0.2504518909653144,-0.040011127154152795,0.003803883391413878,0.13022681633495034,3,1,0.3691691190282386,0.2726817356458581,0.35814914532590314,0.36989384400656045,0.2828895864854551,0.34721656950798446,2023
13,2023-12-02 15:30:00,M'gladbach,Hoffenheim,0.49761048088862214,0.22606618805559753,0.27632333105578033,2.113956212342114,1.5567302013793325,0.2801365830756097,0.2945882391231382,0.10973133495484709,0.06410501690212218,0.05848642780463878,0.10396458589013266,2,1,0.442976477071671,0.234453403718421,0.3225701192099081,0.39698494878993823,0.25372369186432797,0.34929135934573374,2023
13,2023-12-02 15:30:00,RB Leipzig,Heidenheim,0.7869214528746952,0.14102794788977868,0.07205059923552617,2.858283083758684,0.8126014017000632,0.2801365830756097,0.2945882391231382,0.24377565302977952,0.23172064897471972,-0.1815198121612363,-0.30613134138736564,2,1,0.7876366539681912,0.13327555032471472,0.0790877957070941,0.769311736521115,0.11920865256576009,0.11147961091312497,2023
13,2023-12-02 18:30:00,Stuttgart,Werder Bremen,0.5971262342517418,0.21463182142715753,0.18824194432110045,2.234190608483313,1.2074366373401229,0.2801365830756097,0.2945882391231382,0.0772269240251011,0.15192727239642048,-0.06356101931998138,-0.028075932840345652,2,0,0.7193057661142768,0.1666684092216007,0.11402582466412253,0.5448328745198842,0.29164319009343775,0.16352393538667823,2023
13,2023-12-03 15:30:00,Mainz,Freiburg,0.41601494077097834,0.27412226080183766,0.309862798427184,1.5207204744901621,1.2858983140215738,0.2801365830756097,0.2945882391231382,-0.08396986943817991,-0.0715707338280727,-0.06084302045470507,0.032163988545323416,0,1,0.424169729011162,0.2762603998747049,0.29956987111413313,0.3495241820223365,0.24999212857969877,0.40048368939796475,2023
13,2023-12-03 17:30:00,Leverkusen,Dortmund,0.5253043318390958,0.2194717350969085,0.2552239330639959,2.213995991993899,1.5244531325894237,0.2801365830756097,0.2945882391231382,0.29667388889885965,-0.07659968711365966,0.3810874438769424,-0.23958828278680533,1,1,0.5884583881859049,0.21458326012148213,0.19695835169261294,0.5063888113481257,0.2520272438608603,0.2415839447910139,2023
13,2023-12-03 19:30:00,Augsburg,Ein Frankfurt,0.3576898147117026,0.27034875643935535,0.3719614288489421,1.4385174230112343,1.4705241659315345,0.2801365830756097,0.2945882391231382,-0.10847166413231747,-0.10264014220036285,-0.003961204490780715,0.10944353411152258,2,1,0.3644515367635238,0.28051080380632737,0.3550376594301487,0.35202513078127445,0.24258363157446747,0.405391237644258,2023
13,2024-01-24 20:30:00,Bayern Munich,Union Berlin,0.7956861094581567,0.1354072692489393,0.0689066212929042,2.9343283496198143,0.8184421168061103,0.2801365830756097,0.2945882391231382,0.5625060183779375,-0.06075225518170858,-0.1491031308184007,-0.3313860555530142,1,0,0.8428261577332777,0.1029819742567992,0.0541918680099231,0.7506598464560432,0.1460712448769994,0.10326890866695751,2023
14,2023-12-08 20:30:00,Hoffenheim,Bochum,0.5907992581607574,0.22263247296197378,0.1865682688772689,2.1271392295537295,1.1375009239857856,0.2700467723221672,0.2985338047042809,0.05616210983362811,0.13003530539801994,-0.20945148831547145,0.06823840013113903,3,1,0.5395176077859797,0.2357891767360948,0.22469321547792562,0.44122932802738957,0.27996795485595555,0.2788027171166549,2023
14,2023-12-09 15:30:00,Ein Frankfurt,Bayern Munich,0.215359229110747,0.22521370987164896,0.5594270610176042,1.2739000420331594,2.122927754388947,0.2700467723221672,0.2985338047042809,-0.0031952883597077056,-0.323302194537486,0.5703251314787116,-0.08757575162160551,5,1,0.11089738085015026,0.1632288535852297,0.7258737655646199,0.09235845162961814,0.1327631645654994,0.7748783838048825,2023
14,2023-12-09 15:30:00,Heidenheim,Darmstadt,0.6027620155074614,0.21272420626766606,0.18451377822487253,2.254283270964574,1.2002295318917917,0.2700467723221672,0.2985338047042809,-0.17183891314412694,0.41609041862348717,-0.29905215702392585,0.2115181997811745,3,2,0.5189166523100127,0.25196740335263085,0.22911594433735644,0.46545306922254087,0.2015017590589929,0.3330451717184662,2023
14,2023-12-09 15:30:00,Union Berlin,M'gladbach,0.43701903609577963,0.2575660931688573,0.3054148707353629,1.6970058091789617,1.3927285576627715,0.2700467723221672,0.2985338047042809,-0.14282468135558352,0.1031095137804108,0.11400101717446691,-0.05278297537916739,3,1,0.45771416083916083,0.27152534965034963,0.27076048951048953,0.36076485536783726,0.24273890406838894,0.3964962405637738,2023
14,2023-12-09 15:30:00,Werder Bremen,Augsburg,0.46559775023978855,0.2488090497318096,0.2855932000284019,1.8185249252437583,1.3936370768948532,0.2700467723221672,0.2985338047042809,-0.0796286357813085,0.10907375059126623,-0.09338531199561524,0.15525547155536762,2,0,0.426729986431479,0.25949796472184533,0.31377204884667576,0.4362457959010484,0.25080392450558875,0.3129502795933627,2023
14,2023-12-09 15:30:00,Wolfsburg,Freiburg,0.45544296770855125,0.2679913293621673,0.2765657029292814,1.6223474976958774,1.2225888026185665,0.2700467723221672,0.2985338047042809,0.003444320709937974,-0.08815072473293338,-0.05993232296775449,-0.009143869446906233,0,1,0.4362047909816815,0.2703240958196336,0.2934711131986848,0.408882133486519,0.304437412273238,0.2866804542402429,2023
14,2023-12-09 18:30:00,Dortmund,RB Leipzig,0.46228146132544734,0.2393621381853741,0.29835640048917855,1.9192410750113726,1.5205167826732486,0.2700467723221672,0.2985338047042809,0.37902586308998265,-0.2956766056494522,0.239787697848136,-0.0907842044943243,2,3,0.3622592000732269,0.250649315977559,0.38709148394921417,0.4656288851516702,0.22511860596709052,0.3092525088812392,2023
14,2023-12-10 15:30:00,Stuttgart,Leverkusen,0.3341860696689233,0.25514960716438007,0.41066432316669654,1.5000578813782173,1.6787398076451778,0.2700467723221672,0.2985338047042809,0.07929307288739419,-0.24236995496468144,0.28855112893114154,-0.04055450381170692,1,1,0.3320946088612309,0.2629461423586184,0.4049592487801507,0.30621235294373084,0.27136248850923167,0.42242515854703755,2023
14,2023-12-10 17:30:00,FC Koln,Mainz,0.44065824545491195,0.27885729770828016,0.28048445683680806,1.5147802815236655,1.166539373028373,0.2700467723221672,0.2985338047042809,-0.18698014651549066,0.033669969235446164,-0.10370490656323854,-0.012300300717295029,0,0,0.36194401863155784,0.27882315388768264,0.35923282748075963,0.38556689610161327,0.24731966890238938,0.36711343499599736,2023
15,2023-12-15 20:30:00,M'gladbach,Werder Bremen,0.5687687139100639,0.21520484741882348,0.21602643867111262,2.259326241682217,1.361497412665165,0.26780239541600365,0.3097876263422852,0.10588730676208703,0.13158931716681704,-0.07867587516640394,0.11945861252416842,2,2,0.4550219958660123,0.2468114167807933,0.29816658735319435,0.5485574060293728,0.2526433606163242,0.19879923335430313,2023
15,2023-12-16 15:30:00,Augsburg,Dortmund,0.25832367094707365,0.22605320764136186,0.5156231214115645,1.4767592520354587,2.12114904140674,0.26780239541600365,0.3097876263422852,-0.12010927483738623,-0.06763075460211714,0.3763651402824869,0.1077904068196796,1,1,0.30464158119165613,0.24127002420191315,0.45408839460643086,0.2511288723720663,0.19195056422516632,0.5569205634027674,2023
15,2023-12-16 15:30:00,Bochum,Union Berlin,0.3637486932001006,0.28348571020976004,0.35276559659013934,1.355181365054912,1.3314021223928028,0.26780239541600365,0.3097876263422852,-0.21371918621640323,-0.059935541418153326,-0.12147705634161513,0.13990727521486288,3,0,0.3682476709999645,0.28351811838050367,0.34823421061953175,0.38197639830181973,0.266747134089108,0.35127646760907216,2023
15,2023-12-16 15:30:00,Darmstadt,Wolfsburg,0.2518144888680293,0.23806557382262533,0.5101199373093455,1.3447312814006767,1.9675825235295343,0.26780239541600365,0.3097876263422852,-0.26694204627517,-0.014453773170318969,-0.023284451322000372,0.43228769967992947,0,1,0.25363490058317617,0.2584076003253327,0.48795749909149116,0.3899065901371537,0.19746284695059177,0.41263056291225464,2023
15,2023-12-16 15:30:00,Mainz,Heidenheim,0.559109360427517,0.2365301462682145,0.20436049330426845,1.9767856334427607,1.1345708633331104,0.26780239541600365,0.3097876263422852,-0.12567093308561728,0.22955301941060527,-0.15005330744481576,0.008505397486989027,0,1,0.5581281744934052,0.23586743492104592,0.20600439058554873,0.4988710863119777,0.26406903346691424,0.23705988022110797,2023
15,2023-12-16 18:30:00,RB Leipzig,Hoffenheim,0.6741265341036862,0.19002749870464059,0.13584596719167327,2.4497328676620533,1.045236914707346,0.26780239541600365,0.3097876263422852,0.25346412231873366,0.06492484092769214,0.06815599385218449,-0.2917148169082319,3,1,0.717308122419619,0.16402608942701186,0.11866578815336909,0.7509929731673005,0.16734312994480205,0.08166389688789746,2023
15,2023-12-17 15:30:00,Freiburg,FC Koln,0.521162439790858,0.27224280833812936,0.20659475187101267,1.61547808181622,0.9362805875640988,0.26780239541600365,0.3097876263422852,-0.06688892199815857,-0.031070161000133434,-0.2181428518560659,-0.1154996179488754,2,0,0.5059825417646001,0.26124098623715764,0.2327764719982422,0.5892111703771835,0.2328635720442165,0.17792525757859998,2023
15,2023-12-17 17:30:00,Leverkusen,Ein Frankfurt,0.6051194821307835,0.22168548301876587,0.17319503485045085,2.1187441388562265,1.0673875010247666,0.26780239541600365,0.3097876263422852,0.2772659783859929,-0.10403247432302953,0.049857591459462634,-0.25244591176515413,3,0,0.7518647126819069,0.1567405264222868,0.09139476089580635,0.6286625059287199,0.2389759853380506,0.1323615087332294,2023
15,2023-12-17 19:30:00,Bayern Munich,Stuttgart,0.7448741200654314,0.15115502314302556,0.10397085679154289,2.948221151225671,1.090352392077131,0.26780239541600365,0.3097876263422852,0.5577783326967647,-0.05416636556521123,0.06956430218162421,-0.2508657581216931,3,0,0.6340118928772951,0.1878553756673467,0.17813273145535832,0.7772454358610404,0.10965875877411581,0.11309580536484386,2023
16,2023-12-19 18:30:00,Werder Bremen,RB Leipzig,0.23921973795485432,0.2421874837127744,0.5185927783323712,1.2579508163589677,1.92068467218489,0.2503331460484703,0.3239833804999215,-0.060008282140712715,-0.2848241835877103,0.2670260058975767,0.13532257062323733,1,1,0.18083462132921174,0.20479134466769708,0.6143740340030911,0.275328762106259,0.18052881715079339,0.5441424207429476,2023
16,2023-12-19 20:30:00,Dortmund,Mainz,0.7044949105478813,0.17570457889694832,0.11980051055517035,2.6020447317910405,1.0262287566697825,0.2503331460484703,0.3239833804999215,0.3689883491215463,0.012992695583536789,-0.154064778816006,-0.07037768561857341,1,1,0.624849073689771,0.2030100365996302,0.17214088971059882,0.7231637248616756,0.15830056454524113,0.1185357105930833,2023
16,2023-12-19 20:30:00,Hoffenheim,Darmstadt,0.7513915701022311,0.15136440618413105,0.09724402371363791,2.890907357524854,1.014986854901068,0.2503331460484703,0.3239833804999215,0.07359615922799005,0.4136577316128781,-0.31507285363729376,0.07961536916232524,3,3,0.6399433313457461,0.20374264181734225,0.15631402683691176,0.5834422781637928,0.2677417324376348,0.1488159893985723,2023
16,2023-12-20 18:30:00,Union Berlin,FC Koln,0.4826846402067943,0.2825536509572265,0.23476170883597933,1.5191485735492618,0.9916880974407662,0.2503331460484703,0.3239833804999215,-0.13655674659801784,-0.019609751014988082,-0.2300313569423545,-0.028648428145505576,2,0,0.5305981141339242,0.25406946734984204,0.2153324185162338,0.3691681366741348,0.25649608411695307,0.37433577920891214,2023
16,2023-12-20 20:30:00,Ein Frankfurt,M'gladbach,0.5495567632497109,0.2257261053267954,0.22471713142349348,2.1215097851893043,1.3176861324640556,0.2503331460484703,0.3239833804999215,0.04222787672493201,0.13558359476812892,0.11015313480896044,-0.08460901239014176,2,1,0.5540022217098782,0.2320638846387625,0.21393389365135917,0.44903396568104065,0.28245284699023704,0.2685131873287224,2023
16,2023-12-20 20:30:00,Heidenheim,Freiburg,0.3374291924832875,0.27563208816437135,0.3869387193523409,1.3499789816567345,1.4593552249275306,0.2503331460484703,0.3239833804999215,-0.15027679672564728,-0.1239507066367665,-0.055087281272428006,0.18274884663641866,3,2,0.30870284197977155,0.2774756758835519,0.4138214821366765,0.33740367631654217,0.25973579225244353,0.40286053143101436,2023
16,2023-12-20 20:30:00,Leverkusen,Bochum,0.7637113947166468,0.15419771431350596,0.08209089096984723,2.712817114790784,0.8272972912574911,0.2503331460484703,0.3239833804999215,0.2937895039228777,0.1298815902406514,-0.17587089402136757,-0.2640534190146539,4,0,0.791172365360137,0.13149980248430845,0.07732783215555458,0.7966600614693626,0.11005122224341314,0.09328871628722411,2023
16,2023-12-20 20:30:00,Stuttgart,Augsburg,0.5941418635018921,0.22538465240795943,0.18047348409014838,2.0846241959074354,1.0839329748545545,0.2503331460484703,0.3239833804999215,0.06042582243064407,0.09984624825521447,-0.12321165516352532,-0.046525421094111674,3,0,0.6993336440893052,0.17908169951445763,0.12158465639623707,0.5533627952065506,0.2536230306487405,0.19301417414470887,2023
16,2023-12-20 20:30:00,Wolfsburg,Bayern Munich,0.21565145100452465,0.2197137830404736,0.5646347659550017,1.3205003433912101,2.1962787752404718,0.2503331460484703,0.3239833804999215,-0.03196264692964361,-0.2643431668173785,0.5649562982183232,-0.02852498184576034,1,2,0.15341080513103278,0.1898648578354366,0.6567243370335306,0.13421276327749096,0.17808179354551568,0.6877054431769933,2023
17,2024-01-12 20:30:00,Bayern Munich,Hoffenheim,0.8157089409267437,0.11388458873164961,0.07040647034160664,3.467250585007789,1.0581360550330852,0.25222425202049076,0.3304067504977014,0.5546420411880787,0.106088897571878,0.07102097799306192,-0.2667363084056693,3,0,0.8559507473204021,0.0931647071913363,0.0508845454882617,0.8404956906566506,0.08310811905879573,0.07639619028455352,2023
17,2024-01-13 15:30:00,Augsburg,Leverkusen,0.21829038510091647,0.24014753454310792,0.5415620803559754,1.1771854870150948,1.9418944160257503,0.25222425202049076,0.3304067504977014,-0.1444680694861519,-0.27503652412442026,0.3008572193228432,0.11058252836895867,0,1,0.16160945398365612,0.20057190096084787,0.6378186450554961,0.26116726754029856,0.21167947064059736,0.527153261819104,2023
17,2024-01-13 15:30:00,FC Koln,Heidenheim,0.4918504236876441,0.26232593729922593,0.24582363901312992,1.7012001578839253,1.1477849422446627,0.25222425202049076,0.3304067504977014,-0.2492595225655703,0.19796249725210135,-0.10196715200930821,-0.012423152202232285,1,1,0.479159295166655,0.25900502441440804,0.2618356804189371,0.3937446038616212,0.24237757402765336,0.3638778221107254,2023
17,2024-01-13 15:30:00,Freiburg,Union Berlin,0.503673878917057,0.2703978369612286,0.2259282841217145,1.6303741306512993,1.0229925134062634,0.25222425202049076,0.3304067504977014,-0.05033350889948255,-0.043487977130629615,-0.13225447185914868,-0.09723761149207857,0,0,0.45139750071544404,0.2844605551845846,0.2641419440999714,0.47483033932829927,0.2372890086517903,0.28788065201991037,2023
17,2024-01-13 15:30:00,Mainz,Wolfsburg,0.4197561985724565,0.2796457454337705,0.3005980559937728,1.4821037622586326,1.2226333414479298,0.25222425202049076,0.3304067504977014,-0.15822310366610637,-0.030945359409807468,-0.04159409454573975,-0.00962314829681903,1,1,0.47324385629244153,0.27526791641078974,0.2514882272967687,0.3445451256952116,0.2537197609402069,0.40173511336458145,2023
17,2024-01-13 15:30:00,RB Leipzig,Ein Frankfurt,0.6167294402515866,0.22161860056627586,0.16165195918213765,2.098606148098473,0.9997079975464769,0.25222425202049076,0.3304067504977014,0.24786309590424158,-0.08922071306603277,0.034812831402337305,-0.2873291285173687,0,1,0.681109784622698,0.19168958010339404,0.12720063527390785,0.7006355014198693,0.17865014634405615,0.12071435223607464,2023
17,2024-01-13 18:30:00,Darmstadt,Dortmund,0.15381530006294036,0.1765593047962106,0.6696253951408491,1.3077149095269094,2.742187555286236,0.25222425202049076,0.3304067504977014,-0.244155111431629,-0.07019462088537441,0.34440228465064504,0.41212944303647503,0,3,0.19807536339531237,0.21498966408974354,0.5869349725149441,0.31848254174950746,0.17037720522854555,0.5111402530219471,2023
17,2024-01-14 15:30:00,Bochum,Werder Bremen,0.4298616966370445,0.26005730088934675,0.31008100247360854,1.6635215575258837,1.3882836992198726,0.25222425202049076,0.3304067504977014,-0.1934452825142659,0.11975105552639138,-0.06856650725430155,0.14441049068339326,1,1,0.44779107532143975,0.2618231970458691,0.2903857276326912,0.42320136237008565,0.2798601589466209,0.2969384786832935,2023
17,2024-01-14 17:30:00,M'gladbach,Stuttgart,0.43829151458491133,0.24190505169164178,0.3198034337234469,1.8594644931178497,1.5723443707533222,0.25222425202049076,0.3304067504977014,0.10005238626082381,-0.062394849432949075,0.06685692558326263,0.13348655777665697,3,1,0.25729385090096996,0.24544912119197393,0.497257027907056,0.4073265231898913,0.2619865505891671,0.3306869262209416,2023
18,2024-01-20 15:30:00,Bochum,Stuttgart,0.3279565454282392,0.2648915641609624,0.4071518904107986,1.404114444029256,1.5840863073099891,0.2418097302431306,0.32832570502088854,-0.19574407245155886,-0.03498454768948159,0.06955686224926354,0.14864118635360515,1,0,0.22633744855967075,0.2417695473251029,0.5318930041152263,0.41120305624282744,0.28019935483645986,0.30859758892071265,2023
18,2024-01-20 15:30:00,Darmstadt,Ein Frankfurt,0.20797772764263397,0.23163564730518962,0.5603866250521765,1.1871739194185942,2.0373131318823092,0.2418097302431306,0.32832570502088854,-0.28566910312222904,-0.11289070709682941,0.04349943844362961,0.4263226788265059,2,2,0.25750906266183327,0.2729155877783532,0.46957534955981356,0.28579725258735494,0.1912846289123791,0.5229181185002659,2023
18,2024-01-20 15:30:00,FC Koln,Dortmund,0.25744086025108676,0.25153126107646123,0.4910278786724518,1.2658998164384123,1.8089976062554571,0.2418097302431306,0.32832570502088854,-0.2526341689446358,-0.08171807966355732,0.35554087359488473,-0.004577720667602713,0,4,0.25042032259759367,0.2339292281826302,0.5156504492197762,0.26927479148300215,0.2031564364464095,0.5275687720705884,2023
18,2024-01-20 15:30:00,Freiburg,Hoffenheim,0.508329126133638,0.24892709469838778,0.2427437791679742,1.8435379961183957,1.2245618595175385,0.2418097302431306,0.32832570502088854,-0.06726471056185393,0.10881582463640346,0.06542575191380773,-0.10465236783784848,3,2,0.47602377501344384,0.24981926573812582,0.27415695924843037,0.48146612654289805,0.24158363436451508,0.276950239092587,2023
18,2024-01-20 15:30:00,Heidenheim,Wolfsburg,0.38273374804809995,0.2631949209733256,0.35407133097857435,1.5521567193443735,1.4866020450057436,0.2418097302431306,0.32832570502088854,-0.10136914236535745,-0.02912089727666301,-0.034740565911715336,0.18942384460278336,1,1,0.3420442645518832,0.2810363694125122,0.37691936603560466,0.38272725721741013,0.27264017461774903,0.3446325681648408,2023
18,2024-01-20 18:30:00,RB Leipzig,Leverkusen,0.45075517553166994,0.2620207058103148,0.2872241186580152,1.6718337710866804,1.2995955880078798,0.2418097302431306,0.32832570502088854,0.2317830883071321,-0.28799743305758907,0.29849629437164604,-0.2782528946924035,2,3,0.3878138518142213,0.2547606952077464,0.35742545297803224,0.38775371727148095,0.23485198860035209,0.37739429412816694,2023
18,2024-01-21 15:30:00,Bayern Munich,Werder Bremen,0.8422479277750925,0.10356070549540441,0.05419136672950305,3.482888286693608,0.9038842933454047,0.2418097302431306,0.32832570502088854,0.5584038577874576,0.11932262394307643,-0.06575462106727949,-0.27710903004469556,0,1,0.8834885698819245,0.07797591426488241,0.03853551585319319,0.8143456670750805,0.10038910535490994,0.08526522757000954,2023
18,2024-01-21 17:30:00,M'gladbach,Augsburg,0.5874388302348141,0.2157219613361524,0.19683920842903357,2.231405810888837,1.2488810727027468,0.2418097302431306,0.32832570502088854,0.12688495082871637,0.10561140922567439,-0.15586031374056178,0.13629859209513673,1,2,0.5179117540047005,0.24013452253350773,0.24195372346179192,0.506860332207414,0.28162137625648404,0.21151829153610194,2023
18,2024-02-07 18:30:00,Mainz,Union Berlin,0.4313369572790373,0.28936542661352466,0.279297616107438,1.4234852930081818,1.1016697017075743,0.2418097302431306,0.32832570502088854,-0.15620933114731766,-0.060817808005468356,-0.14118082318658348,-0.003801967470876909,1,1,0.4639020097343703,0.28924010847895976,0.24685788178667,0.3437962898034523,0.27893198875287223,0.37727172144367543,2023
19,2024-01-26 20:30:00,Ein Frankfurt,Mainz,0.557990987701187,0.24928002986519843,0.19272898243361447,1.829901976307306,0.9981236640018103,0.24930865745424818,0.3119875876416575,0.044426583355656094,-0.0014604278922760703,-0.15449322681079722,-0.09669352916509895,1,0,0.43442045236112004,0.28320625360415197,0.28237329403472805,0.5963416851082749,0.21075974264959732,0.1928985722421278,2023
19,2024-01-27 15:30:00,Augsburg,Bayern Munich,0.1627290606124246,0.20307385478425458,0.6341970846033209,1.1374336445386646,2.3439156110539066,0.24930865745424818,0.3119875876416575,-0.14077602951698354,-0.2917456799089788,0.5093468978034652,0.09316731369885316,2,3,0.11605124340617937,0.15599095704596835,0.7279577995478523,0.13393239624071718,0.09485332297938474,0.7712142807798981,2023
19,2024-01-27 15:30:00,Hoffenheim,Heidenheim,0.584701390480381,0.21329125562425422,0.20200735389536473,2.2716795783548305,1.2989075956829446,0.24930865745424818,0.3119875876416575,0.07829067671600645,0.1809325384475513,-0.11759065542926168,0.12980559817017334,1,1,0.5588446379198777,0.22563680216483323,0.21551855991528915,0.45709492846039795,0.2822403014135039,0.2606647701260981,2023
19,2024-01-27 15:30:00,Stuttgart,RB Leipzig,0.34008434617943256,0.26427667761022006,0.3956389762103472,1.441992101752487,1.5685811273118146,0.24930865745424818,0.3119875876416575,0.04846289203666425,-0.24373357557157646,0.23890495264138764,-0.038042139920856685,5,2,0.37637660418989144,0.25869550961838894,0.3649278861917198,0.26842330097062245,0.25223623448760263,0.479340464541775,2023
19,2024-01-27 15:30:00,Werder Bremen,Freiburg,0.4062555595708393,0.27397741447017954,0.319767025958981,1.5065283683318724,1.3149023714950514,0.24930865745424818,0.3119875876416575,-0.06372399850633945,-0.08776433655675449,-0.04554299115046359,0.0699967543607676,3,1,0.40104679443525637,0.2762253137464734,0.3227278918182702,0.3060619143639742,0.2861092528625085,0.40782883277351745,2023
19,2024-01-27 15:30:00,Wolfsburg,FC Koln,0.5477860195395694,0.25937559109312763,0.19283838936730296,1.7301191478444617,0.9432504307866072,0.24930865745424818,0.3119875876416575,-0.040989756215138756,0.02788378884377597,-0.27256152993884636,-0.03517059094863044,1,1,0.5581756636171341,0.24305370668897985,0.19877062969388623,0.48921257528035406,0.2653111601034043,0.24547626461624164,2023
19,2024-01-27 18:30:00,Leverkusen,M'gladbach,0.7223507577806895,0.1629042574538089,0.11474498476550174,2.7958913023599363,1.0896409596936332,0.24930865745424818,0.3119875876416575,0.31957510376460396,0.14727959863230247,0.11241104835613418,-0.275871458608189,0,0,0.7855196326492362,0.13056320869646706,0.08391715865429668,0.8054029407186221,0.11833690851227106,0.0762601507691069,2023
19,2024-01-28 15:30:00,Union Berlin,Darmstadt,0.6771301800217384,0.1976495002932496,0.12522031968501193,2.300919010883316,0.9115451262676576,0.24930865745424818,0.3119875876416575,-0.15607161338148276,0.42808398136313497,-0.2537401214615334,-0.08818271438257877,1,0,0.559874103985266,0.2553025914172813,0.1848233045974527,0.5550206348194402,0.26658915260129806,0.1783902125792616,2023
19,2024-01-28 17:30:00,Dortmund,Bochum,0.7672556037903319,0.1457256468567408,0.0870187493529273,2.914226001351447,0.9508790870298641,0.24930865745424818,0.3119875876416575,0.3795225790780218,0.12878543767866585,-0.20155555439609774,-0.09812147055420833,3,1,0.6952292256057918,0.16947758702489943,0.13529318736930893,0.7006385950458716,0.20869043078043475,0.0906709741736937,2023
20,2024-02-02 20:30:00,Heidenheim,Dortmund,0.235059409728955,0.22167885491332603,0.5432617353577189,1.4044680894729307,2.179996041273886,0.24278225075086587,0.3159949854565879,-0.125500954088469,-0.09361763501932377,0.3826682439603895,0.15387256615868347,0,0,0.2894203034699679,0.22918210633626646,0.4813975901937656,0.2122178552431566,0.27948214950459277,0.5082999952522507,2023
20,2024-02-03 15:30:00,Bayern Munich,M'gladbach,0.7927198185784321,0.12622500899454006,0.08105517242702792,3.2855395516209556,1.071420852835471,0.24278225075086587,0.3159949854565879,0.5182678065594053,0.11248584275142595,0.09746699807938858,-0.27126358138947915,3,1,0.8380766870115051,0.10396852104241973,0.05795479194607522,0.8301524232102078,0.0855943814392771,0.08425319535051508,2023
20,2024-02-03 15:30:00,Bochum,Augsburg,0.43429083915571515,0.26823718823589476,0.2974719726083899,1.5959684847526654,1.2891149804372386,0.24278225075086587,0.3159949854565879,-0.1964461880094053,0.10514970423903279,-0.12099659469651733,0.1321702651946669,1,1,0.40887097394555255,0.272967837719332,0.3181611883351154,0.42782288139562963,0.28862049804989376,0.28355662055447656,2023
20,2024-02-03 15:30:00,Darmstadt,Leverkusen,0.11652067386324634,0.1779859740182686,0.705493352118485,0.9799142655683063,2.5484292678113647,0.24278225075086587,0.3159949854565879,-0.2835254101423052,-0.29554202132359947,0.28891581056177673,0.4037791346608241,0,2,0.09375572673248073,0.16419313378021066,0.7420511394873086,0.2796086001934841,0.13752122336504422,0.5828701764414717,2023
20,2024-02-03 15:30:00,Freiburg,Stuttgart,0.4340017917288083,0.26445030268176956,0.30154790558942224,1.6291099940083922,1.3287917356280892,0.24278225075086587,0.3159949854565879,-0.04515525770020187,-0.02558812875534315,0.1030197193729184,-0.061531910251155016,1,3,0.29906009683850754,0.2742808316718884,0.42665907148960414,0.4841407494202867,0.23492234995507322,0.28093690062464005,2023
20,2024-02-03 15:30:00,Mainz,Werder Bremen,0.44582760988464787,0.2717258271089399,0.28244656300641247,1.579686246853416,1.2176765890713408,0.24278225075086587,0.3159949854565879,-0.16978158373462038,0.06823059690595627,-0.03410756590729318,-0.011730077028199929,0,1,0.46766670868523885,0.27391907222992556,0.2584142190848355,0.4193607932527984,0.24567593718975933,0.3349632695574422,2023
20,2024-02-03 18:30:00,FC Koln,Ein Frankfurt,0.3185511865320897,0.2913645919531549,0.39008422151475536,1.1987630434832894,1.3502645840196457,0.24278225075086587,0.3159949854565879,-0.2688657607745484,-0.10862124737290854,0.03612724972390885,0.021391060935092972,2,0,0.32226166328600403,0.2918040060851927,0.3859343306288033,0.3198794631240541,0.23582884796657091,0.4442916889093749,2023
20,2024-02-04 15:30:00,Wolfsburg,Hoffenheim,0.4988235046443829,0.24447896722387286,0.2566975281317444,1.889313003733624,1.3152228851163634,0.24278225075086587,0.3159949854565879,-0.04995377796651131,0.1273898146640438,0.06276118753900742,-0.03153729263762853,2,2,0.44996518836960003,0.25422436372075546,0.29581044790964445,0.38520406989833383,0.30700246935099873,0.3077934607506674,2023
20,2024-02-04 17:30:00,RB Leipzig,Union Berlin,0.6264880325374769,0.22529932759672164,0.14821263986580158,2.0279639922847075,0.8973380372992164,0.24278225075086587,0.3159949854565879,0.24953974482653643,-0.10128465074635518,-0.17499010559220926,-0.17611477989693697,2,0,0.7101309041648812,0.17852452897999807,0.11134456685512076,0.563730424586392,0.24494326087254525,0.19132631454106286,2023
21,2024-02-09 20:30:00,Dortmund,Freiburg,0.6622285038624192,0.19367938710536606,0.1440921090322148,2.425293714607597,1.0792761074838053,0.23296834168939812,0.3153201903379094,0.36622141273686704,-0.028557308283280337,-0.04555431463901683,-0.111123481494513,3,0,0.6552556524962823,0.18944024804843013,0.15530409945528767,0.6903847674660082,0.20641377238112307,0.10320146015286882,2023
21,2024-02-10 15:30:00,Augsburg,RB Leipzig,0.2608071550324125,0.25136769340064014,0.4878251515669473,1.2803237834129977,1.8089226676295331,0.23296834168939812,0.3153201903379094,-0.11796818807045305,-0.1832073422218463,0.25684566000230075,0.10291745512309398,2,2,0.21603045145991506,0.2210196073827768,0.562949941157308,0.2851000977385203,0.25126710199684266,0.463632800264637,2023
21,2024-02-10 15:30:00,Ein Frankfurt,Bochum,0.6143278300786623,0.227135284483774,0.15853688543756372,2.027943479646171,0.9474837347347109,0.23296834168939812,0.3153201903379094,0.02349350523418739,0.1352401780821091,-0.19914932905960583,-0.08776452130959549,1,1,0.5402398134990294,0.2509775511530924,0.2087826353478782,0.49438260724539745,0.2576261835136485,0.24799120924095405,2023
21,2024-02-10 15:30:00,M'gladbach,Darmstadt,0.7434464867736628,0.15450850848067316,0.10204500474566411,2.8671867578961376,1.0377994335773761,0.23296834168939812,0.3153201903379094,0.10450149240432138,0.4005413008768754,-0.3119422928285448,0.11607649329880224,0,0,0.5785688323989735,0.23311268489861553,0.188318482702411,0.5745026787174392,0.2878394826777321,0.1376578386048286,2023
21,2024-02-10 15:30:00,Union Berlin,Wolfsburg,0.4308341181456091,0.28967810417050266,0.2794877776838882,1.4206108807375655,1.10049890438276,0.23296834168939812,0.3153201903379094,-0.1843399049634841,-0.012861650256644496,-0.03866911455883105,-0.09853560070982739,1,0,0.41052241141492707,0.290218260637743,0.29925932794732996,0.3600704300504069,0.32104463141782746,0.31888493853176564,2023
21,2024-02-10 15:30:00,Werder Bremen,Heidenheim,0.5360348972923528,0.24696480151876699,0.21700030118888036,1.8652492915689123,1.1252998234061082,0.23296834168939812,0.3153201903379094,-0.03153878294016494,0.10664496347737311,-0.16541365454853446,0.05049482270243822,1,2,0.5218113285419025,0.25333320435807405,0.22485546710002355,0.4319748209843711,0.2895737200526033,0.2784514589630256,2023
21,2024-02-10 18:30:00,Leverkusen,Bayern Munich,0.41959365169229074,0.24712232463384207,0.3332840236738671,1.7737787194308519,1.5674520880634943,0.23296834168939812,0.3153201903379094,0.28902384284923416,-0.2642002341520931,0.5243014191194675,-0.30781833357978317,3,0,0.3992012216609891,0.2695172089745096,0.33128156936450137,0.18739408117937123,0.40792726103201515,0.40467865778861356,2023
21,2024-02-11 15:30:00,Stuttgart,Mainz,0.5847895555777785,0.2359235577214556,0.17928688670076584,1.9604417506087048,1.0096547214584835,0.23296834168939812,0.3153201903379094,0.13367038481079244,-0.008789086026973739,-0.1968749604285974,-0.026484968797159163,3,1,0.6484875782484851,0.2114012369620612,0.14011118478945372,0.6385475863275768,0.21514854300826233,0.14630387066416092,2023
21,2024-02-11 17:30:00,Hoffenheim,FC Koln,0.5417468243522161,0.24400529443449442,0.21424788121328947,1.8969591431920376,1.1320476994777047,0.23296834168939812,0.3153201903379094,0.08138887654003822,0.010574744563735155,-0.2458907675138877,0.1369505420655233,1,1,0.5514926267833593,0.2398992926507613,0.2086080805658794,0.4499954620895414,0.2991907811744242,0.25081375673603434,2023
22,2024-02-16 20:30:00,FC Koln,Werder Bremen,0.41518560634050417,0.2832983728051034,0.30151602085439255,1.4475554147605938,1.202319624009195,0.22328776351737106,0.3204287416127201,-0.24375096616361422,0.06991067384734248,-0.04240952557961383,0.003374472984818864,0,1,0.39343877231443786,0.28656435953648607,0.31999686814907613,0.42238388494505236,0.2712215031157241,0.3063946119392235,2023
22,2024-02-17 15:30:00,Darmstadt,Stuttgart,0.20709295511419282,0.2297312153306105,0.5631758295551965,1.1965517035579536,2.0599739886880917,0.22328776351737106,0.3204287416127201,-0.3447910234175055,-0.019481641945651173,0.15173542615641464,0.34767016619754376,1,2,0.14220957776845655,0.1977418302441555,0.6600485919873881,0.3259796037428406,0.20280126404398718,0.4712191322131722,2023
22,2024-02-17 15:30:00,Heidenheim,Leverkusen,0.2075033439134905,0.24657398871009864,0.5459226673764108,1.084031586480774,1.8663216811230383,0.22328776351737106,0.3204287416127201,-0.1335376673623687,-0.32949179635489306,0.3076943851909316,0.09298732960045118,1,2,0.12623731178098654,0.1826361107705908,0.6911265774484228,0.11964932301128567,0.16301796970929602,0.7173327072794184,2023
22,2024-02-17 15:30:00,Hoffenheim,Union Berlin,0.47150656438992,0.26530915767634355,0.26318427793373667,1.6607251570928634,1.1934034612111604,0.22328776351737106,0.3204287416127201,0.07364680133922229,-0.11010895786617769,-0.18682305540920066,0.14034456828772032,0,1,0.4991025723987372,0.25829567089099065,0.2426017567102722,0.380797804040511,0.29933988859090255,0.3198623073685864,2023
22,2024-02-17 15:30:00,Mainz,Augsburg,0.46533793861840256,0.27233555224291023,0.26232650913868694,1.5931131335530941,1.14615058243982,0.22328776351737106,0.3204287416127201,-0.19105012236400412,0.11302366481967638,-0.10027359863529878,0.0133948430680226,1,0,0.4883059484555486,0.26438664612510365,0.2473074054193476,0.3652000768884412,0.2464825912739253,0.3883173318376335,2023
22,2024-02-17 15:30:00,Wolfsburg,Dortmund,0.30149509600527347,0.24931137891658048,0.449193525078146,1.4458302086335193,1.795099313894264,0.22328776351737106,0.3204287416127201,-0.052154909353872604,-0.12287790034934985,0.375774623941838,-0.014002038974709616,1,1,0.2912759492749668,0.2502083219620472,0.4585157287629861,0.2497284333784486,0.25248311979490656,0.4977884468266448,2023
22,2024-02-17 18:30:00,RB Leipzig,M'gladbach,0.6625217694633487,0.1899375576653253,0.1475406728713259,2.493923592582384,1.135015714164673,0.22328776351737106,0.3204287416127201,0.2636017448765135,0.10653896028729953,0.06765878275660235,-0.16430005035744252,2,0,0.722244800593713,0.166381001183892,0.111374198222395,0.645755048805692,0.21748839480348175,0.13675655639082626,2023
22,2024-02-18 15:30:00,Freiburg,Ein Frankfurt,0.41812051113007426,0.2771965916805002,0.3046828971894255,1.4990859944011337,1.2503446697030047,0.22328776351737106,0.3204287416127201,-0.05731357924349063,-0.08154734056562538,0.014556036309096958,-0.014424550757973104,3,3,0.38637805296066763,0.28433755826185625,0.3292843887774762,0.4195274003480829,0.3106642380100842,0.2698083616418328,2023
22,2024-02-18 17:30:00,Bochum,Bayern Munich,0.15719114472219348,0.20021795815019613,0.6425908971276105,1.1220304246869992,2.370204667614216,0.22328776351737106,0.3204287416127201,-0.19353654415819507,-0.23504003776221014,0.5139098642338531,0.12577868131033806,3,2,0.1333459827546223,0.17383467206375308,0.6928193451816247,0.13250551484877374,0.13258139251833825,0.734913092632888,2023
23,2024-02-23 20:30:00,Leverkusen,Mainz,0.7251602982774895,0.18292993129915736,0.0919097704233531,2.3412896643836567,0.7364135329225446,0.21956672050228704,0.32289571977028575,0.31058764024914576,-0.002348164347726063,-0.19871599606759446,-0.32681417709131527,2,1,0.7371954084715043,0.16580519567698196,0.09699939585151374,0.782618428211194,0.1361867763754485,0.08119479541335752,2023
23,2024-02-24 15:30:00,M'gladbach,Bochum,0.5654917673710389,0.23009290737723362,0.2044153252517275,2.053476103947784,1.1800775826371606,0.21956672050228704,0.32289571977028575,0.05348783779298276,0.12358373953798664,-0.1555430477191435,0.10155651153071865,5,2,0.45138632162661735,0.2586321626617375,0.2899815157116451,0.3647524232493677,0.28507175543935986,0.3501758213112725,2023
23,2024-02-24 15:30:00,Stuttgart,FC Koln,0.6145393614820807,0.22839929407650636,0.15706134444141298,2.0108527201881086,0.9315423267859635,0.21956672050228704,0.32289571977028575,0.1534624390457912,0.0026339916882981056,-0.2695698450496032,-0.020910526041764854,1,1,0.7173078099020741,0.17636558995757418,0.1063266001403517,0.6391462795804054,0.21293115796289178,0.1479225624567028,2023
23,2024-02-24 15:30:00,Union Berlin,Heidenheim,0.5073116318575341,0.27651119931507695,0.21617716882738897,1.5774554138241683,0.9530006746286261,0.21956672050228704,0.32289571977028575,-0.18754993038834067,0.10090054132970817,-0.1337593881860475,-0.13394699974450253,2,2,0.5144116836594103,0.26795260402314686,0.21763571231744283,0.48384644032905594,0.2711951148520203,0.24495844481892373,2023
23,2024-02-24 15:30:00,Werder Bremen,Darmstadt,0.6799300746606621,0.1953747828187984,0.12469514252053956,2.329740582573783,0.9224768588404471,0.21956672050228704,0.32289571977028575,-0.044772760912723863,0.3480672440680644,-0.3492877883228184,0.0490280791706279,1,1,0.5512420961611212,0.23979031183008773,0.20896759200879106,0.4947184612412802,0.28984580013107647,0.21543573862764348,2023
23,2024-02-24 18:30:00,Bayern Munich,RB Leipzig,0.6051603142547428,0.20332710396943177,0.19151258177582547,2.401799735786571,1.3229767888513793,0.21956672050228704,0.32289571977028575,0.5141668442253632,-0.18041093825992008,0.2582958929739283,-0.19797827282732358,2,1,0.5454945054945055,0.2191941391941392,0.2353113553113553,0.5866339276493255,0.19837873174792978,0.2149873406027446,2023
23,2024-02-25 15:30:00,Ein Frankfurt,Wolfsburg,0.5133642161578889,0.2572934081008791,0.22934237574123217,1.7570059864554093,1.1132726073389532,0.21956672050228704,0.32289571977028575,0.04362360843887071,-0.022474832309436827,-0.057947921194633614,-0.05431482678107843,2,2,0.39252953003267155,0.281697662729329,0.3257728072379995,0.5447980417034871,0.24837675824930774,0.20682520004720525,2023
23,2024-02-25 17:30:00,Dortmund,Hoffenheim,0.7191238394250999,0.16122486951963347,0.11965129105526662,2.8581305338843452,1.1535308819998318,0.21956672050228704,0.32289571977028575,0.3684255892900286,0.1392797220596608,0.051498599170932566,-0.12823774896833984,2,3,0.6617508570865828,0.17671063402864548,0.16153850888477186,0.743270049132501,0.16236442964160597,0.09436552122589298,2023
23,2024-02-25 19:30:00,Augsburg,Freiburg,0.411469375139215,0.2693531523591349,0.3191774725016502,1.553114678209303,1.3460999949884824,0.21956672050228704,0.32289571977028575,-0.11667857084655237,0.01447851503378063,-0.02901345045790489,0.10665824890053761,2,1,0.4010257085639692,0.2684737936884836,0.3305004977475471,0.40848205944944377,0.24492102467832183,0.3465969158722344,2023
24,2024-03-01 20:30:00,Freiburg,Bayern Munich,0.23120143833808215,0.22595286256783267,0.5428456990940852,1.3482581580603061,2.121072187364355,0.22978325280220838,0.3133188569298154,-0.0384455954365848,-0.20584300822721555,0.502975680108728,0.019162776681957625,2,2,0.1583383490639875,0.19874419332720422,0.6429174576088084,0.18258147880915104,0.22546890295321592,0.5919496182376331,2023
24,2024-03-02 15:30:00,Bochum,RB Leipzig,0.23754834646902384,0.24453142548878043,0.5179202280421955,1.2335571833693981,1.8938408294646822,0.22978325280220838,0.3133188569298154,-0.14376349732291643,-0.18943659786693406,0.24858194565815356,0.1602417534186318,1,4,0.20660193303881777,0.21590832641894464,0.5774897405422376,0.3520051018759882,0.24874918671174584,0.399245711412266,2023
24,2024-03-02 15:30:00,Darmstadt,Augsburg,0.31852557643819857,0.27055609541682135,0.4109183281449803,1.33559159929991,1.5421481860576296,0.22978325280220838,0.3133188569298154,-0.3518531772496458,0.0981254067528508,-0.11474499081490168,0.31813810844420237,0,6,0.2782324058919803,0.2673213311511184,0.4544462629569012,0.36996950772773574,0.1895238388061878,0.4405066534660764,2023
24,2024-03-02 15:30:00,Heidenheim,Ein Frankfurt,0.36886168555913634,0.26831286718779623,0.3628254472530675,1.4799678560914753,1.4663538466508739,0.22978325280220838,0.3133188569298154,-0.10765188606961341,-0.04342985497935583,0.04271441406519378,0.11028127626552599,1,2,0.3217632060567192,0.2820159864850068,0.39622080745827404,0.37874564809892036,0.2618148812154198,0.35943947068565985,2023
24,2024-03-02 15:30:00,Mainz,M'gladbach,0.4134820750809118,0.26677504487859693,0.3197428800404913,1.578336783609396,1.3665914133654462,0.22978325280220838,0.3133188569298154,-0.19860286808809893,0.11187238234857814,0.09109044272928288,-0.008554075396519862,1,1,0.4999187124044871,0.26012030564135913,0.23996098195415377,0.35402202346363254,0.2553001120704343,0.39067786446593317,2023
24,2024-03-02 15:30:00,Union Berlin,Dortmund,0.2999322103293257,0.2684128050850106,0.4316549845856637,1.2955596472281146,1.5909679428859973,0.22978325280220838,0.3133188569298154,-0.18322677020713227,-0.1009325777059275,0.35426442765023963,-0.11970508033436388,0,2,0.28245905356868545,0.2623936563206367,0.45514729011067795,0.327120353551259,0.2987710651921437,0.37410858125659724,2023
24,2024-03-02 18:30:00,Wolfsburg,Stuttgart,0.41011915456691206,0.2636292089189659,0.32625163651412203,1.6002122572608501,1.4089944490452933,0.22978325280220838,0.3133188569298154,-0.04925977134968878,-0.023706057147232222,0.13536467795131568,-0.02227163748612299,2,3,0.29683791931242387,0.2693220447694183,0.4338400359181579,0.338193307098409,0.2711156153954186,0.3906910775061723,2023
24,2024-03-03 15:30:00,FC Koln,Leverkusen,0.20073588332692216,0.265288015771812,0.5339761009012656,0.9471307742090354,1.6775196880532244,0.22978325280220838,0.3133188569298154,-0.2733092094850312,-0.3241110024312715,0.3013991988041273,-0.013866125267112494,0,2,0.11157821095812002,0.18531497440137373,0.7031068146405062,0.13542276681859144,0.17918390402626236,0.6853933291551462,2023
24,2024-03-03 17:30:00,Hoffenheim,Werder Bremen,0.5074009062003781,0.24041084130736304,0.25218825249225885,1.9390856863862302,1.3277753828841636,0.22978325280220838,0.3133188569298154,0.07272247722069383,0.046391979350603525,-0.07125714344138868,0.12497878799328681,2,1,0.4901901496045135,0.23840513479524725,0.27140471560023915,0.44834283896908694,0.28118799850454135,0.27046916252637176,2023
25,2024-03-08 20:30:00,Stuttgart,Union Berlin,0.5387375684686775,0.2559270596385809,0.20533537189274167,1.768637530577517,1.0180679372286026,0.24642701282101215,0.2890474652901691,0.1523882115978887,-0.1176531962740359,-0.20812997607963846,-0.020390384858843716,2,0,0.6398833039567252,0.2142466419497964,0.1458700540934784,0.4926342821516949,0.2955480588477092,0.21181765900059582,2023
25,2024-03-09 15:30:00,Augsburg,Heidenheim,0.5085119842264083,0.24912599210825856,0.24236202366533321,1.8414307259187024,1.221566245595992,0.24642701282101215,0.2890474652901691,-0.046694804751107585,0.1217631645451809,-0.12499113605131058,0.07869796646434259,1,0,0.5716327827191867,0.22490470139771285,0.20346251588310038,0.4096877332304465,0.29777463953538846,0.29253762723416493,2023
25,2024-03-09 15:30:00,Bayern Munich,Mainz,0.7662690184915479,0.15139117303016192,0.08233980847829012,2.7648090704545227,0.8511365920761604,0.24642701282101215,0.2890474652901691,0.5005732254306768,-0.01907612322862329,-0.20862727573999865,-0.19898239264219544,8,1,0.7798799468771156,0.13862027957497866,0.08149977354790587,0.7589954000404118,0.14677468163113738,0.09422991832845085,2023
25,2024-03-09 15:30:00,M'gladbach,FC Koln,0.5439256505979464,0.2500976938784476,0.205976655523606,1.8283546772930526,1.0552460898735392,0.24642701282101215,0.2890474652901691,0.08184805772974199,-0.013906056851956831,-0.29138357328466663,0.09873056073431258,3,3,0.5232961506222193,0.25605132503707523,0.2206525243407054,0.462543969108548,0.2665349073781405,0.2709211235133114,2023
25,2024-03-09 15:30:00,RB Leipzig,Darmstadt,0.85983725170225,0.09900605511502222,0.0411566931827276,3.339645136612085,0.7088015303696356,0.24642701282101215,0.2890474652901691,0.27277943837765034,0.397610638331888,-0.3947919736627189,-0.19581475975251697,2,0,0.8512223421109234,0.10146426651744127,0.04731339137163519,0.6615815836460736,0.24505785957665868,0.09336055677726772,2023
25,2024-03-09 18:30:00,Werder Bremen,Dortmund,0.2705584577499951,0.24233982827795691,0.48710171397204804,1.3883557369020791,1.9070650454510998,0.24642701282101215,0.2890474652901691,-0.08167589936444479,-0.12567845490193377,0.35455976054197447,0.04457866145761026,1,2,0.2511272299549108,0.2246618310135268,0.5242109390315625,0.24358259999132792,0.2322418169558521,0.52417558305282,2023
25,2024-03-10 15:30:00,Bochum,Freiburg,0.36805810391362104,0.26637198762532227,0.3655699084610565,1.4938320161166962,1.488189948422299,0.24642701282101215,0.2890474652901691,-0.14653445407429758,0.012404617340420036,-0.029798083735774444,0.18093165268825598,1,2,0.3841747196915224,0.28135148589173264,0.3344737944167451,0.4132103370177317,0.2749361088383568,0.3118535541439116,2023
25,2024-03-10 17:30:00,Ein Frankfurt,Hoffenheim,0.5290391843142026,0.23472233165323733,0.23623848403255987,2.010164882429635,1.301273268708078,0.24642701282101215,0.2890474652901691,0.04568850671061534,0.11705376494434434,0.07121367172016056,-0.05429746194184521,3,1,0.4716706518349101,0.2539765048341824,0.27435284333090754,0.5527857261343496,0.25456383633227125,0.19265043753337915,2023
25,2024-03-10 19:30:00,Leverkusen,Wolfsburg,0.6869876142567721,0.19538995279268354,0.11762243295054439,2.3008293174253076,0.8689726563432602,0.24642701282101215,0.2890474652901691,0.2996539010624627,-0.0018587484356757035,-0.04244613332266725,-0.3444244993680726,2,0,0.7342233865169375,0.17175582791735503,0.09402078556570755,0.7459314562154642,0.16747583251976728,0.08659271126476853,2023
26,2024-03-15 20:30:00,FC Koln,RB Leipzig,0.23671072809862054,0.2681176185542123,0.4951716533471673,1.0776335918828783,1.648441451784529,0.23893190414077833,0.2984269021418945,-0.2529813007382229,-0.20960998704799808,0.2573873635393688,0.0035109991645173064,1,5,0.14681809330577839,0.20098996840392724,0.6521919382902945,0.2638485634896645,0.23014851703070377,0.5060029194796317,2023
26,2024-03-16 15:30:00,Darmstadt,Bayern Munich,0.06927273128586128,0.12376547234573211,0.8069617963684066,0.9295595513724708,3.194838523907579,0.23893190414077833,0.2984269021418945,-0.4174500992591601,-0.192953112717332,0.5476368933643053,0.3749677487991939,2,5,0.05967954787101513,0.10218925790534249,0.8381311942236425,0.17400277434038877,0.15356975914107096,0.6724274665185404,2023
26,2024-03-16 15:30:00,Heidenheim,M'gladbach,0.39348895765420944,0.2544043241555504,0.3521067181902402,1.6529299567175475,1.5559160240588863,0.23893190414077833,0.2984269021418945,-0.1581345128063722,0.12332515103319655,0.09880904428591966,0.10432350675929052,1,1,0.3660117432741999,0.2693681930838213,0.3646200636419787,0.3808826556661394,0.28680421445194915,0.3323131298819114,2023
26,2024-03-16 15:30:00,Mainz,Bochum,0.487901173042013,0.2639603931145584,0.24813843384342865,1.6837623329243847,1.1463748060390284,0.23893190414077833,0.2984269021418945,-0.20166453857896474,0.1853365056885979,-0.15375626232868914,0.051428978889821036,2,0,0.5307101727447217,0.24184261036468324,0.22744721689059497,0.423109839098778,0.2326589051059269,0.34423125579529507,2023
26,2024-03-16 15:30:00,Union Berlin,Werder Bremen,0.44760834778359837,0.2910374734686896,0.2613541787477123,1.4284497318239517,1.0373834292357593,0.23893190414077833,0.2984269021418945,-0.22464210111793906,0.043873047422084595,-0.08833642939216486,-0.1138938653015821,2,1,0.45853933035893724,0.2810402347361228,0.2604204349049399,0.5132898124113052,0.2509990543388129,0.23571113324988183,2023
26,2024-03-16 15:30:00,Wolfsburg,Augsburg,0.4873438264368679,0.2601494164438748,0.2525067571192573,1.7199413081862347,1.1874692921055026,0.23893190414077833,0.2984269021418945,-0.05546420707922433,0.06039556789216737,-0.060317590124428104,-0.006789916703624713,1,3,0.41852443456721533,0.26654628793666224,0.3149292774961224,0.38595295851087913,0.29760730297923044,0.3164397385098905,2023
26,2024-03-16 18:30:00,Hoffenheim,Stuttgart,0.3954290824837806,0.24326304462489484,0.3613078728913245,1.7666474354831934,1.6839816742697948,0.23893190414077833,0.2984269021418945,0.06799833209695831,-0.03627349212446399,0.15364553881383283,0.1285835905437195,0,3,0.22872415374791266,0.2173138785042526,0.5539619677478348,0.39358345462536104,0.2811029731342464,0.32531357224039253,2023
26,2024-03-17 15:30:00,Freiburg,Leverkusen,0.24877389276185713,0.26117605225175444,0.49005005498638854,1.1664742745231156,1.7113965303303067,0.23893190414077833,0.2984269021418945,-0.02144707983289509,-0.36192596777288005,0.294213756851218,0.004164060621010519,2,3,0.1517282958199357,0.2110128617363344,0.6372588424437299,0.19990182168823178,0.33622176525259245,0.4638764130591757,2023
26,2024-03-17 17:30:00,Dortmund,Ein Frankfurt,0.616523213341019,0.20807494281500055,0.17540184384398055,2.30196544880702,1.180699054701051,0.23893190414077833,0.2984269021418945,0.35428336975566926,-0.057878875057624186,0.0585741191870933,-0.1313993410231219,3,1,0.5742517170232612,0.21995421271303808,0.2057940702637009,0.6997644443616546,0.17537504415425598,0.12486051148408932,2023
27,2024-03-30 15:30:00,Ein Frankfurt,Union Berlin,0.5044120617117838,0.27429519152065496,0.22129274676756125,1.5960512547885655,0.9841415074826564,0.25370782246375445,0.28291318954761885,0.049483172624595985,-0.11857157159483628,-0.21829133935897346,-0.05140206695677005,0,0,0.4918375114439428,0.2748089247322889,0.2333535638237684,0.4640865373157968,0.2631811803944421,0.2727322822897612,2023
27,2024-03-30 15:30:00,Leverkusen,Hoffenheim,0.7301682713613467,0.16676686936360413,0.10306485927504933,2.6535427186391534,0.9443886085194806,0.25370782246375445,0.28291318954761885,0.3007804978672209,0.13849411225601968,0.03710429752571667,-0.3480296559682371,2,1,0.8011867898371403,0.12263063109752148,0.07618257906533824,0.7651049529460511,0.14328875360259505,0.09160629345135392,2023
27,2024-03-30 15:30:00,M'gladbach,Freiburg,0.47810944746135886,0.2430544603407302,0.27883609219791106,1.8924132456976257,1.4150123707607432,0.25370782246375445,0.28291318954761885,0.08402611589045399,0.017205736266005876,-0.013735036412670381,0.10716548759299832,0,3,0.45321590292940983,0.26251850115036857,0.2842655959202216,0.4233167322858361,0.26052808888062284,0.3161551788335412,2023
27,2024-03-30 15:30:00,RB Leipzig,Mainz,0.7000608766618298,0.18934306915272786,0.11059605418544234,2.3516689026031226,0.8521487285830471,0.25370782246375445,0.28291318954761885,0.2881991510512597,0.030305084361586538,-0.19979823629204072,-0.21390378949445915,0,0,0.7036386514968804,0.17336024747024595,0.1230011010328737,0.7639749832985533,0.13681452289830348,0.09921049380314323,2023
27,2024-03-30 15:30:00,Werder Bremen,Wolfsburg,0.43583759832067803,0.2708249373693685,0.29333746430995344,1.575615414331323,1.2584473353544137,0.25370782246375445,0.28291318954761885,-0.09524209567444178,0.01326701887994374,-0.07091066921802996,0.047081534316082765,0,2,0.35939543157373927,0.2757430466384723,0.3648615217877885,0.375737367712415,0.2967629546719098,0.3274996776156751,2023
27,2024-03-30 18:30:00,Bayern Munich,Dortmund,0.599150766890281,0.1928481625683455,0.20800107054137362,2.6013111265122624,1.534363483098797,0.25370782246375445,0.28291318954761885,0.5568205540830284,-0.13742596874531315,0.3534143303708644,-0.179006526785431,0,2,0.7074956558760773,0.15683401238632255,0.13567033173760007,0.636676834863216,0.17937821522559466,0.1839449499111894,2023
27,2024-03-31 15:30:00,Augsburg,FC Koln,0.5206266550236339,0.261135099804898,0.21823824517146798,1.7192375195424836,1.0439163319631308,0.25370782246375445,0.28291318954761885,-0.038599594088687364,0.04385947202345416,-0.2558395467611239,0.045111068748523636,1,1,0.5728174316526589,0.2327506352457275,0.19443193310161383,0.44351146242952977,0.28169808009073344,0.2747904574797369,2023
27,2024-03-31 17:30:00,Stuttgart,Heidenheim,0.6361926249643111,0.21188108116556406,0.15192629387012477,2.197898941583285,1.0027529266539548,0.25370782246375445,0.28291318954761885,0.16139311300313408,0.08948775246829176,-0.1831248705076681,-0.06783380766459181,3,3,0.7428462039128604,0.15607029365595929,0.10108350243118036,0.6314778364517175,0.24280595835082758,0.1257162051974548,2023
27,2024-03-31 19:30:00,Bochum,Darmstadt,0.6111228521953245,0.22001439984721205,0.16886274795746337,2.1318618426545886,1.0531861704490544,0.25370782246375445,0.28291318954761885,-0.1774650420693499,0.3978397325050906,-0.38287439897086684,0.18098659407824996,2,2,0.647050237406304,0.2033193951934883,0.1496303674002078,0.6101989805534064,0.2316801671164847,0.15812085233010895,2023
28,2024-04-05 20:30:00,Ein Frankfurt,Werder Bremen,0.5410753064956899,0.24839412991001034,0.21053056359429992,1.847987013531825,1.0866251146613681,0.2664447168667892,0.2577825076075852,0.02931633982771068,0.06055338158309722,-0.11902934640206833,-0.06433870252699271,1,1,0.5310393678477545,0.24901068803223725,0.21994994412000815,0.5638800364612679,0.2718687499157374,0.16425121362299472,2023
28,2024-04-06 15:30:00,FC Koln,Bochum,0.46757851633567915,0.27229101660442967,0.2601304670598912,1.5952789558435758,1.138765701063943,0.2664447168667892,0.2577825076075852,-0.25492483857793835,0.19774622899402428,-0.17600651613294946,0.03950675674464653,2,1,0.41959912950350453,0.271435595074301,0.30896527542219465,0.4293090753987251,0.265942975996137,0.304747948605138,2023
28,2024-04-06 15:30:00,Freiburg,RB Leipzig,0.2992370451719934,0.2587879950664022,0.44197495976160445,1.3632948958446809,1.6918522738108794,0.2664447168667892,0.2577825076075852,0.009876854822399096,-0.2241995920645821,0.2616936873033848,-0.0023144554201736905,1,4,0.18026376630948313,0.21163124987434914,0.6081049838161677,0.3323042884157342,0.21899843435130792,0.4486972772329579,2023
28,2024-04-06 15:30:00,Heidenheim,Bayern Munich,0.1690119427727429,0.19381528006179283,0.6371727771654644,1.2584124370804253,2.499329824325892,0.2664447168667892,0.2577825076075852,-0.12722369235682135,-0.16715257615555343,0.535740408634943,0.11383750016552228,3,2,0.1344918073434304,0.16965927640142986,0.6958489162551399,0.15275937940577095,0.17042401632474397,0.6768166042694851,2023
28,2024-04-06 15:30:00,Mainz,Darmstadt,0.6223521474069528,0.2253059621565916,0.1523418904364557,2.0366319700713413,0.9218723591711978,0.2664447168667892,0.2577825076075852,-0.21511750760671614,0.402187731531104,-0.3523520592146038,0.004558838261905826,4,0,0.6745986950533945,0.19235545119996386,0.13304585374664168,0.5480877500223479,0.223342029022802,0.22857022095485008,2023
28,2024-04-06 15:30:00,Union Berlin,Leverkusen,0.2227706313072673,0.28237101290045835,0.4948583557922742,0.948982211435648,1.525646937536605,0.2664447168667892,0.2577825076075852,-0.23400200169862204,-0.3425904478593138,0.295418172827458,-0.13944434825582427,0,1,0.1782659510117612,0.24637268614189564,0.5753613628463431,0.13241811514203278,0.2362544312496195,0.6313274536083477,2023
28,2024-04-06 18:30:00,Dortmund,Stuttgart,0.5970408148133498,0.20784838056538005,0.19511080462127017,2.3403444226554915,1.305017694890599,0.2664447168667892,0.2577825076075852,0.3585475869180572,-0.03247670368507104,0.17531268595331184,-0.17554080283422985,0,1,0.48461594375967026,0.2323340359913189,0.28305002024901094,0.6069360389456211,0.23242153080613576,0.16064243024824312,2023
28,2024-04-07 15:30:00,Hoffenheim,Augsburg,0.4649878295457462,0.24637744926123448,0.28863472119301936,1.8439128979828148,1.4244658519357867,0.2664447168667892,0.2577825076075852,0.03982763714520836,0.047835027031957175,-0.047568138908094935,0.1349203247447498,3,1,0.4212336611430911,0.24207605336577637,0.33669028549113267,0.3829238383955319,0.3017026239633586,0.31537353764110937,2023
28,2024-04-07 17:30:00,Wolfsburg,M'gladbach,0.4682599037154276,0.24918392767290315,0.28255616861166927,1.8170952343737048,1.379526414272189,0.2664447168667892,0.2577825076075852,-0.05811429447675734,0.13112627101687585,0.06029410642269633,-0.00499856108307062,1,3,0.4884842403082948,0.2506358929330518,0.2608798667586534,0.42336466249239324,0.2915842719486069,0.28505106555899984,2023
29,2024-04-12 20:30:00,Augsburg,Union Berlin,0.4233452913886726,0.29442018885181154,0.2822345197595158,1.377754111068255,1.0826082079709654,0.26918808113400056,0.2555958740711993,-0.05625758242002901,-0.14807165510839332,-0.25116713827056947,0.06135219420939346,2,0,0.4496042294726525,0.27677948230541904,0.2736162882219285,0.3857809024819457,0.2798907704708281,0.3343283270472261,2023
29,2024-04-13 15:30:00,Bayern Munich,FC Koln,0.787865246073034,0.1367386769902383,0.07539607693672762,2.980246007268496,0.8898529629738645,0.26918808113400056,0.2555958740711993,0.5294261554016386,0.03779573927784505,-0.24723659543542856,-0.13865052574494752,2,0,0.7951205595217797,0.1282794502695138,0.07659999020870649,0.8213510379268366,0.08825242213291419,0.09039653994024915,2023
29,2024-04-13 15:30:00,Bochum,Heidenheim,0.38977754812618315,0.26283846781056347,0.34738398406325344,1.569599419486118,1.4725718413702116,0.26918808113400056,0.2555958740711993,-0.18024441040340483,0.10628089517880433,-0.08421766769902866,0.20204001062492807,1,1,0.4593824694672735,0.2623249620728419,0.27829256845988454,0.3726694146639872,0.2964499276908711,0.33088065764514163,2023
29,2024-04-13 15:30:00,M'gladbach,Dortmund,0.27849689856527776,0.23031315806514713,0.4911899433695751,1.5255743073775663,2.0545946565908975,0.26918808113400056,0.2555958740711993,0.07903215544082941,-0.18144517647907082,0.33073079219968454,0.12015970775766271,1,2,0.2914121478083813,0.2563491888474798,0.4522386633441389,0.2752312627164184,0.2673109477609284,0.45745778952265315,2023
29,2024-04-13 15:30:00,Mainz,Hoffenheim,0.41851746208183416,0.2646594058250161,0.3168231320931497,1.6047950522707315,1.3738354620322575,0.26918808113400056,0.2555958740711993,-0.1825705562607492,0.1307826561947825,0.055340438233624445,-0.006922083806425137,4,1,0.5347007488779465,0.23632452851642574,0.22897472260562782,0.42068203594849535,0.2645934298146399,0.31472453423686486,2023
29,2024-04-13 15:30:00,RB Leipzig,Wolfsburg,0.6609870922945473,0.20177650321833984,0.13723640448711286,2.2880928171269868,0.9711869972866326,0.26918808113400056,0.2555958740711993,0.2850059454224815,0.017928738993185245,-0.06988075575210274,-0.228543572444726,3,0,0.759518242081783,0.1507075566965428,0.08977420122167416,0.6923489755569097,0.1969467275250679,0.11070429691802247,2023
29,2024-04-13 18:30:00,Stuttgart,Ein Frankfurt,0.5110741077101034,0.2465722498837693,0.2423536424061271,1.8699541928700891,1.2396209665460352,0.26918808113400056,0.2555958740711993,0.1674838684258126,-0.06635388885594022,0.01504566690201813,-0.06942808728661856,3,0,0.6527689990379691,0.19175910233308552,0.15547189862894534,0.5452412922769535,0.2552862110679266,0.19947249665511993,2023
29,2024-04-14 15:30:00,Darmstadt,Freiburg,0.21005525867582572,0.23275768934546298,0.5571870519787113,1.1895532446430206,2.025090933475567,0.26918808113400056,0.2555958740711993,-0.38055388157640235,0.029347738335425734,0.004856647877473542,0.4315698759588434,0,1,0.21375471941802102,0.23465982645156835,0.5515854541304106,0.32672952830187246,0.2940584279717572,0.3792120437263703,2023
29,2024-04-14 17:30:00,Leverkusen,Werder Bremen,0.7119875455082694,0.18586149908581998,0.10215095540591076,2.3576677115105786,0.8050924073173731,0.26918808113400056,0.2555958740711993,0.2855223966042006,0.04736652074487678,-0.12385526102537239,-0.3621310365616646,5,0,0.7931423426966001,0.13255860880723122,0.07429904849616863,0.7528905114165838,0.15978525661972734,0.08732423196368894,2023
30,2024-04-19 20:30:00,Ein Frankfurt,Augsburg,0.5057289634892219,0.25424802374426103,0.24002301276651708,1.7865920602985992,1.1769502055008858,0.2525804626047746,0.27601441840609897,0.0008154172184906384,0.05089963001781641,-0.04297077188246231,-0.046683169625527085,3,1,0.49263721552878187,0.24631860776439093,0.2610441767068273,0.5369109300161152,0.2595900326541011,0.2034990373297837,2023
30,2024-04-20 15:30:00,FC Koln,Darmstadt,0.6231064838570329,0.2291580945731371,0.14773542156983005,1.9840967999558112,0.8731528197246781,0.2525804626047746,0.27601441840609897,-0.26017069498516,0.4167396119470675,-0.4146414704159683,0.026416320579997214,0,2,0.6653313440550733,0.19877118992516712,0.13589746601975966,0.5951019717878859,0.24637319823277665,0.15852482997933742,2023
30,2024-04-20 15:30:00,Heidenheim,RB Leipzig,0.23032974810665408,0.2431320256732757,0.5265382262200704,1.211595336785904,1.9099657894949076,0.2525804626047746,0.27601441840609897,-0.09477843355667924,-0.2418784960972719,0.2965796704552075,0.09792519757893711,1,2,0.15468741543751846,0.18842082037575927,0.6568917641867222,0.2066419672838221,0.19645337205969168,0.5969046606564862,2023
30,2024-04-20 15:30:00,Hoffenheim,M'gladbach,0.46258287588891206,0.2306580424129369,0.3067590816981511,2.023950557776499,1.634280906625587,0.2525804626047746,0.27601441840609897,0.054732176101283087,0.12172426603865641,0.07666600881741754,0.1619564237197416,4,3,0.42409685578965545,0.24766379692109075,0.32823934728925386,0.3823482823156777,0.3118436899608542,0.3058080277234681,2023
30,2024-04-20 15:30:00,Wolfsburg,Bochum,0.5512012714116645,0.2427140772329473,0.20608465135538837,1.9077634318891117,1.1019386500163009,0.2525804626047746,0.27601441840609897,-0.08139636442094349,0.1987330612695805,-0.18503230866430576,0.029522883748978847,1,0,0.4862681575557425,0.2668379583244604,0.24689388411979715,0.4069467570976785,0.31662884356965887,0.27642439933266266,2023
30,2024-04-20 18:30:00,Union Berlin,Bayern Munich,0.21105104451251339,0.24394927004541997,0.5449996854420669,1.1174613211706577,1.896392821877691,0.2525804626047746,0.27601441840609897,-0.266679653690807,-0.1508557923413094,0.5240287260888128,-0.13665562178586182,1,5,0.2014681585518644,0.23227518279644563,0.56625665865169,0.18784563417341812,0.18111632998273058,0.6310380358438513,2023
30,2024-04-21 15:30:00,Werder Bremen,Stuttgart,0.2998040190535467,0.2587103401972137,0.44148564074923957,1.3657396728699949,1.6919684577314926,0.2525804626047746,0.27601441840609897,-0.1327241648551249,-0.08417454939897963,0.18423309448628508,0.08907906191654356,2,1,0.2133198393593092,0.22326482021522107,0.5634153404254697,0.25632915703314113,0.26504712335543834,0.4786237196114204,2023
30,2024-04-21 17:30:00,Dortmund,Leverkusen,0.40591895928987676,0.25931384996108003,0.33476719074904315,1.6315358477382333,1.4672252434145545,0.2525804626047746,0.27601441840609897,0.3324979448883219,-0.3715710168317689,0.31676351207560843,-0.18597094714573503,1,1,0.3590502707973543,0.2708091025505469,0.37014062665209885,0.25300069340526854,0.3065577323862359,0.44044157420849567,2023
30,2024-04-21 19:30:00,Freiburg,Mainz,0.487036341395704,0.26525982398491393,0.24770383461938195,1.6711463642118571,1.13664073725223,0.2525804626047746,0.27601441840609897,-0.006996955271755705,-0.008088089170653045,-0.13969053104014245,0.01518725900093332,1,1,0.3284851371876818,0.27156015602731653,0.3999547067850017,0.45468742524609657,0.3007833207933881,0.24452925396051522,2023
31,2024-04-26 20:30:00,Bochum,Hoffenheim,0.36726498285524617,0.24855442160097937,0.3841805955437745,1.6483205505003458,1.688674657847288,0.2579257410129493,0.26804919921882664,-0.20540480742608108,0.17918678856595485,0.080462403702647,0.18555585042734862,3,2,0.44478056842664465,0.24271020865920961,0.31250922291414573,0.38189482858889734,0.21010906151239941,0.40799610989870316,2023
31,2024-04-27 15:30:00,Augsburg,Werder Bremen,0.48564102672840537,0.2574310557357075,0.2569279175358873,1.7457095968804908,1.2225847960163838,0.2579257410129493,0.26804919921882664,-0.0468999606502332,0.07808613919164702,-0.122418661971939,0.0654602237149804,0,3,0.5626466420082677,0.22192558965523324,0.2154277683364989,0.42535723274135867,0.280858576501814,0.29378419075682727,2023
31,2024-04-27 15:30:00,Bayern Munich,Ein Frankfurt,0.7133370959231564,0.16527132715080492,0.1213915769260386,2.7922489482944743,1.131478207989575,0.2579257410129493,0.26804919921882664,0.5493839859887734,-0.04851158043345544,0.016361878189448516,-0.15076269269581086,2,1,0.6631930175358968,0.18400731122383263,0.15279967124027063,0.8015656520455504,0.10723205255977332,0.09120229539467642,2023
31,2024-04-27 15:30:00,Freiburg,Wolfsburg,0.4791009581857344,0.26342839661705547,0.25747064519721,1.6836277041727348,1.1847568132647908,0.2579257410129493,0.26804919921882664,-0.017969228077269764,0.012945100941998982,-0.09888462778270676,0.01049641942257271,1,2,0.41861429795013805,0.2770597521115076,0.3043259499383543,0.5203794606690033,0.2957540967414257,0.18386644258957097,2023
31,2024-04-27 15:30:00,RB Leipzig,Dortmund,0.4767794169605748,0.24494208319757707,0.27827849984184827,1.8703197357220005,1.3974084018697608,0.2579257410129493,0.26804919921882664,0.29550559254737163,-0.19537113485883298,0.3220611839014738,-0.2453675452946671,4,1,0.6089051848949256,0.20253837717903247,0.18855643792604204,0.501914370692832,0.24256660567199387,0.2555190236351742,2023
31,2024-04-27 18:30:00,Leverkusen,Stuttgart,0.6132196138993857,0.21934787244392065,0.16743251365669365,2.13750067390282,1.049149450033202,0.2579257410129493,0.26804919921882664,0.3090366488394268,-0.07537435196630105,0.1743339568890566,-0.38427990958583363,2,2,0.5234359564027402,0.23887476314638773,0.23768928045087212,0.6870124883134489,0.1530248746997946,0.15996263698675658,2023
31,2024-04-28 15:30:00,M'gladbach,Union Berlin,0.49164520208905316,0.2624483972925539,0.24590640061839314,1.699934398739152,1.1473323872375405,0.2579257410129493,0.26804919921882664,0.09572657446374153,-0.09111185335489028,-0.267145507128121,0.14665935063195054,0,0,0.38044506083338586,0.28197692744121544,0.33757801172539875,0.3718354280588477,0.2960306942557329,0.3321338776854194,2023
31,2024-04-28 17:30:00,Mainz,FC Koln,0.4954881117848912,0.28266467045700694,0.2218472177581018,1.5234700141967477,0.9441340862126029,0.2579257410129493,0.26804919921882664,-0.1432561402420559,0.03827183707888248,-0.2955655252607376,-0.01984729819618964,1,1,0.609907903807337,0.2226873044133765,0.16740479177928655,0.3764172857345689,0.3459196149314782,0.2776630993339529,2023
31,2024-04-28 19:30:00,Darmstadt,Heidenheim,0.2741212246188884,0.2590682270722138,0.4668105483088979,1.274995435380362,1.7158306168522277,0.2579257410129493,0.26804919921882664,-0.3812941046330932,0.09826176291146457,-0.10244385751365133,0.3844154045664322,0,1,0.3018223704698692,0.25928913669091747,0.43888849283921344,0.37688751991397573,0.25209164019377583,0.3710208398922484,2023
32,2024-05-03 20:30:00,Hoffenheim,RB Leipzig,0.2415132846104274,0.22218492224921665,0.5363017931403559,1.4321042020362256,2.1746515901774903,0.2595365746305435,0.2596991706144782,0.08782707066709572,-0.24791798323596398,0.32028007979992373,0.19705180885450183,1,1,0.18235288625818077,0.18661015208522,0.6310369616565992,0.1747330192981505,0.20391307404007517,0.6213539066617743,2023
32,2024-05-04 15:30:00,Dortmund,Augsburg,0.6918042518235146,0.18188028133316156,0.1263154668433237,2.534669081002184,1.0324231624916316,0.2595365746305435,0.2596991706144782,0.3211546160679242,0.08967272717052198,-0.06858125095495318,-0.1590466994860664,5,1,0.4738671149252411,0.23518711846412454,0.2909457666106343,0.7228708070329966,0.15004561145727144,0.12708358150973212,2023
32,2024-05-04 15:30:00,Stuttgart,Bayern Munich,0.32280512175589493,0.22574495084282276,0.4514499274012822,1.7447020259642485,2.072226164569664,0.2595365746305435,0.2596991706144782,0.1881491930780862,-0.15080115600939734,0.5444037443509852,-0.07531684775643699,3,1,0.37413820808496645,0.24877761368766596,0.37708417822736773,0.2564326683273871,0.2497327411126203,0.4938345905599926,2023
32,2024-05-04 15:30:00,Werder Bremen,M'gladbach,0.4334410102563987,0.25119014604262624,0.31536884370097484,1.754523010665383,1.4761692778055517,0.2595365746305435,0.2596991706144782,-0.09000618562397734,0.13296747156086314,0.0735431917339875,0.05637064009784449,2,2,0.4482276049963525,0.25527401033214725,0.29649838467150025,0.4069695445110527,0.31056009518795635,0.28247036030099093,2023
32,2024-05-04 15:30:00,Wolfsburg,Darmstadt,0.6789471666522999,0.20055156036532,0.12050127298238025,2.244673433124242,0.858798538763798,0.2595365746305435,0.2596991706144782,-0.08458985557783509,0.37391415685890705,-0.4167262358069615,0.004968746711429941,3,0,0.7365216064645784,0.16311381403815198,0.10036457949726962,0.5838289187402655,0.26968076313619205,0.14649031812354235,2023
32,2024-05-04 18:30:00,FC Koln,Freiburg,0.34993286087943287,0.28966157225043987,0.3604055668701274,1.2837492273317743,1.3060619946473766,0.2595365746305435,0.2596991706144782,-0.2920361902668594,0.022585325398567262,-0.025320522902573573,0.03280044710177321,0,0,0.39246573477176616,0.26674551332677143,0.34078875190146246,0.3829806475275635,0.20848377119440084,0.4085355812780357,2023
32,2024-05-05 15:30:00,Union Berlin,Bochum,0.49167143144983916,0.28166030319366897,0.226668265356492,1.530309398806008,0.966861745621229,0.2595365746305435,0.2596991706144782,-0.28587416516528774,0.19210835632244566,-0.1784458653711773,-0.11479047548003747,3,4,0.4814154436977095,0.2729392401591003,0.2456453161431903,0.5134660877313766,0.23244723769746958,0.25408667457115397,2023
32,2024-05-05 17:30:00,Ein Frankfurt,Leverkusen,0.26062547868422564,0.26469488309549355,0.4746796382202808,1.1881286840399803,1.6687546645848108,0.2595365746305435,0.2596991706144782,0.016137895240433676,-0.3629941055122055,0.3106828293285713,-0.0581417655397836,1,5,0.33184036682069035,0.27133386118956737,0.3968257719897423,0.19737425025507915,0.2786932921802682,0.5239324575646526,2023
32,2024-05-05 19:30:00,Heidenheim,Mainz,0.4197092160422408,0.28172378853077945,0.29856699542697956,1.4659325941881722,1.2036327511173728,0.2595365746305435,0.2596991706144782,-0.1189197845602966,-0.017824337685146026,-0.14882874160297827,0.07463644334089221,1,1,0.3277937589894315,0.2750453380026264,0.3971609030079419,0.406959703791326,0.28136849551319054,0.3116718006954835,2023
33,2024-05-10 20:30:00,Augsburg,Stuttgart,0.299460768528907,0.250565223159636,0.4499740083114571,1.4285679202522417,1.7830944631469015,0.26214088766691623,0.2610418723623061,-0.07136192296100073,-0.09514834895593552,0.198732092531286,0.11747733717111641,0,1,0.23962834517164,0.21883867138962557,0.5415329834387345,0.3306367980524962,0.25499818123480805,0.4143650207126958,2023
33,2024-05-11 15:30:00,FC Koln,Union Berlin,0.37195490294324496,0.3212719410002038,0.3067731560565516,1.1397633071120048,1.0113971226724323,0.26214088766691623,0.2610418723623061,-0.3187731543552322,-0.07358899016505749,-0.2612361001479689,0.010427877244995512,3,2,0.3684867930100125,0.2831990486338078,0.34831415835617974,0.32376588980732995,0.23309487151535072,0.44313923867731925,2023
33,2024-05-11 15:30:00,Freiburg,Heidenheim,0.49898451116715,0.2609059128701674,0.24010957596268256,1.7177840902435413,1.1343875729552106,0.26214088766691623,0.2610418723623061,-0.048849386144705166,0.06670176671780763,-0.13602652532495252,-2.144033542786569e-05,1,1,0.5450723504106374,0.23983183418068046,0.21509581540868203,0.5020579762269392,0.26840388007728233,0.22953814369577857,2023
33,2024-05-11 15:30:00,M'gladbach,Ein Frankfurt,0.43836375840930564,0.247812121647479,0.3138241199432152,1.7962802885025893,1.4998973654708891,0.26214088766691623,0.2610418723623061,0.07721352130594464,-0.014678260991026258,0.011595897790144496,0.13165989729073477,1,1,0.35901916289426583,0.25907599052099717,0.381904846584737,0.39265151593261227,0.2543702406794895,0.3529782433878982,2023
33,2024-05-11 15:30:00,RB Leipzig,Werder Bremen,0.6985050541509976,0.185729202728181,0.11576574312082144,2.4273051048503835,0.9175801011512824,0.26214088766691623,0.2610418723623061,0.30382931055664436,0.0597695610099391,-0.0888090347622252,-0.25934725206172976,1,1,0.6950605395677774,0.1715735025599739,0.1333659578722486,0.7857081874784939,0.11928541958183327,0.09500639293967282,2023
33,2024-05-11 18:30:00,Mainz,Dortmund,0.2528908757154873,0.25428164195319913,0.4928274823313138,1.2285186478809806,1.7813742744052061,0.26214088766691623,0.2610418723623061,-0.15534693629070292,-0.16202673148433064,0.3429317442530178,-0.027687501231656825,3,0,0.5028731096416253,0.23541363711164323,0.2617132532467315,0.24115883713200054,0.24848549607831522,0.5103556667896842,2023
33,2024-05-12 15:30:00,Darmstadt,Hoffenheim,0.22754802622238188,0.23081214530258423,0.5416398284750338,1.2907660008276896,2.0572475065454623,0.26214088766691623,0.2610418723623061,-0.444965660725135,0.1770187419318049,0.07707668889456325,0.3821513509086422,0,6,0.19411724290610946,0.1949111784599177,0.6109715786339727,0.3709481596234404,0.20605502046000618,0.42299681991655347,2023
33,2024-05-12 17:30:00,Bayern Munich,Wolfsburg,0.7360225840997217,0.1577720149247261,0.10620540097555224,2.8351409436894977,1.0512840365874414,0.26214088766691623,0.2610418723623061,0.5303627146082488,-0.011453823106410098,-0.07709762337627657,-0.13503095525653658,2,0,0.6441167040718179,0.1937586833386769,0.16212461258950517,0.8174486942570628,0.09601187324744571,0.08653943249549147,2023
33,2024-05-12 19:30:00,Bochum,Leverkusen,0.15112165945696038,0.20736961602307438,0.6415087245199653,1.0281558310646213,2.254634285841364,0.26214088766691623,0.2610418723623061,-0.12853419848521716,-0.36688181936038855,0.34270927979893395,0.20813761310854206,0,5,0.21697203471552556,0.23625843780135009,0.5467695274831245,0.17351392360332368,0.1461334464795881,0.6803526299170881,2023
34,2024-05-18 15:30:00,Dortmund,Darmstadt,0.8830540246230008,0.0834239922009984,0.03352198317600075,3.6086833559429645,0.7080790636331454,0.26878002834201553,0.2489839058705249,0.3257914569747262,0.4397875932850775,-0.48036599296035065,-0.13361355510668524,4,0,0.8554275763038098,0.09238947786502094,0.05218294583116923,0.7641639434206409,0.14377857960008653,0.0920574769792727,2023
34,2024-05-18 15:30:00,Ein Frankfurt,RB Leipzig,0.2834502242646667,0.25971383375663915,0.4568359419786943,1.3032617431043056,1.7001003274407913,0.26878002834201553,0.2489839058705249,0.004865872404463104,-0.257759651360939,0.2881383645128147,-0.026231127392401864,2,2,0.40994846362171616,0.2558078412999509,0.33424369507833296,0.3158923728079621,0.27838538264154633,0.40572224455049166,2023
34,2024-05-18 15:30:00,Heidenheim,FC Koln,0.4637755733314647,0.2844089574346096,0.25181546923392567,1.4924727571095213,1.04122684785957,0.26878002834201553,0.2489839058705249,-0.14222080596861073,0.024891184681148384,-0.28375738370385933,0.055377034664766796,4,1,0.4549854931951871,0.24121090217131777,0.30380360463349515,0.4211641023837434,0.3045371434439941,0.2742987541722625,2023
34,2024-05-18 15:30:00,Hoffenheim,Bayern Munich,0.2281312149764002,0.194802432206007,0.577066352817593,1.6403465006174003,2.5956995913886463,0.26878002834201553,0.2489839058705249,0.1279161762090368,-0.15077261003786016,0.5209896448094217,0.1640863991902878,4,2,0.28028094796592873,0.21785473682806278,0.5018643152060085,0.14381483276287907,0.2709244504926349,0.5852607167444861,2023
34,2024-05-18 15:30:00,Leverkusen,Augsburg,0.7652727261559804,0.15409651284171197,0.08063076100230768,2.7020183875816133,0.8123100668442733,0.26878002834201553,0.2489839058705249,0.36889545257968515,0.1073396578971688,-0.09356364045333931,-0.3830895438779276,2,1,0.8045193817410036,0.12149467820708047,0.0739859400519161,0.7917985881275247,0.1163896804967062,0.09181173137576908,2023
34,2024-05-18 15:30:00,Stuttgart,M'gladbach,0.6015592192051671,0.21026908105871403,0.1881716997361189,2.2944696997785994,1.2422111540526934,0.26878002834201553,0.2489839058705249,0.1879240520423746,0.1248137629227571,0.06504698354952747,-0.11693403151597369,4,0,0.7856120728220581,0.12796351519932053,0.08642441197862136,0.6065319501982296,0.2782247056406228,0.11524334416114755,2023
34,2024-05-18 15:30:00,Union Berlin,Freiburg,0.38533797332491854,0.2951801797750069,0.31948184690007453,1.3165279000629222,1.178365141332392,0.26878002834201553,0.2489839058705249,-0.24145478522831954,-0.0013112566507390185,-0.05910789256509533,-0.04554413140221993,2,1,0.5017869543860838,0.2555768221006453,0.24263622351327083,0.37883816157516065,0.2744044711877279,0.3467573672371114,2023
34,2024-05-18 15:30:00,Werder Bremen,Bochum,0.5438349948531684,0.23916202793022143,0.21700297721661024,1.9528197867779788,1.1779699598958322,0.26878002834201553,0.2489839058705249,-0.08784540730174323,0.2393558456508584,-0.14410926134682386,0.03912181697172477,4,1,0.44996418535456495,0.24958950906386027,0.30044630558157476,0.4523720531031681,0.270738537053838,0.2768894098429939,2023
34,2024-05-18 15:30:00,Wolfsburg,Mainz,0.43289951280643935,0.28607755079712227,0.2810229363964386,1.4497133544554537,1.125480492357774,0.26878002834201553,0.2489839058705249,-0.09470835292642699,-0.051689730978644134,-0.12842752181513523,-0.022142457735562667,1,3,0.3000726568176314,0.2712521191571809,0.42867522402518765,0.4010576362942743,0.2932964678184625,0.3056458958872632,2023
1,2024-08-23 20:30:00,M'gladbach,Leverkusen,0.20702217888613691,0.22534311465395507,0.567634706459908,1.2291731666920347,2.114996675099576,0.2734109022517906,0.26633880699589063,0.05541442474692312,-0.38882241285452657,0.36288706712147284,0.11275527106680416,2,3,0.18788143670322843,0.21442074278462617,0.5976978205121454,0.22180012792081902,0.14715538809192838,0.6310444839872525,2024
1,2024-08-24 15:30:00,Augsburg,Werder Bremen,0.42397721594414073,0.2656609390322228,0.3103618450236363,1.6042475532071112,1.3471387238002777,0.2734109022517906,0.26633880699589063,-0.07735390029717554,0.010259023502560525,-0.043688537627058543,0.06826051473176371,2,2,0.3895210001404691,0.27068408484337686,0.33979491501615394,0.31672122383490364,0.3474093040544437,0.3358694721106526,2024
1,2024-08-24 15:30:00,Freiburg,Stuttgart,0.3244883106622123,0.264883949356704,0.4106277399810836,1.3943700183021277,1.5900571112773694,0.2734109022517906,0.26633880699589063,-0.050609814222768855,-0.15669718153689727,0.210114882624704,-0.01975585024705711,3,1,0.2646613059403023,0.251462973098135,0.48387572096156284,0.34344975311550024,0.25696160588522765,0.39958864099927205,2024
1,2024-08-24 15:30:00,Hoffenheim,Holstein Kiel,0.706362414675221,0.1701805107695245,0.12345707455525436,2.7152017436536315,1.1056568376908267,0.2734109022517906,0.26633880699589063,0.15911654843232964,0.3,-0.3,0.1270286793680223,3,2,0.5918991272688333,0.21120629651442951,0.19689457621673717,0.26373304346727483,0.2951244363279666,0.4411425202047586,2024
1,2024-08-24 15:30:00,Mainz,Union Berlin,0.47030093715541493,0.28883820740075344,0.2408608554438316,1.462927792211393,0.9813238195556467,0.2734109022517906,0.26633880699589063,-0.08570246424936087,-0.07360748015145302,-0.21086205323383134,-0.08140163161271737,1,1,0.4608033924888902,0.28696738214877,0.2522292253623399,0.4344357769734103,0.324495133277347,0.24106908974924277,2024
1,2024-08-24 15:30:00,RB Leipzig,Bochum,0.7752629159828462,0.14424921767229756,0.08048786634485627,2.8816476098971977,0.88739781731359,0.2734109022517906,0.26633880699589063,0.29282684506450185,0.22578566302628034,-0.130785482481825,-0.2620873194524302,1,0,0.7841739888657858,0.13570103069734166,0.08012498043687259,0.7437183495129713,0.12155362196032882,0.13472802852669982,2024
1,2024-08-24 18:30:00,Dortmund,Ein Frankfurt,0.6207085899984792,0.20921994382710132,0.17007146617441937,2.27505673746759,1.1379850972808905,0.2734109022517906,0.26633880699589063,0.3311187227997872,-0.04886344040934677,0.02065677991328649,-0.16480844208193077,2,0,0.5455721854628024,0.23419684058891033,0.2202309739482872,0.7142068845551562,0.16928099935670446,0.11651211608813927,2024
1,2024-08-25 15:30:00,Wolfsburg,Bayern Munich,0.23316451258460405,0.2243520821964335,0.5424834052189624,1.3716091246390674,2.1430139090305063,0.2734109022517906,0.26633880699589063,-0.08826347401425196,-0.13550164109784477,0.5130922567044074,-0.024289952037614467,2,3,0.15082181121426047,0.20540186709265454,0.6437763216930851,0.15930919159945803,0.23149305719074983,0.6091977512097921,2024
1,2024-08-25 17:30:00,St Pauli,Heidenheim,0.25825766167202313,0.2564358715869663,0.48530646674101063,1.234510597125434,1.7554477540594806,0.2734109022517906,0.26633880699589063,-0.3,-0.029075095337698257,-0.010686947355994927,0.3,0,2,0.4770727519851206,0.27183632591744766,0.2510909220974319,0.277654436203769,0.41128874367379115,0.3110568201224399,2024
2,2024-08-30 20:30:00,Union Berlin,St Pauli,0.624591857906569,0.23437573059125877,0.1410324115021721,1.914960739247805,0.8074811750729679,0.2759312369649957,0.2641241338402882,-0.20978369714398093,0.3194254470628693,-0.406498597973988,-0.08326817575121186,1,0,0.48748584780671117,0.27998458314263003,0.23252956905065886,0.5543361614287577,0.2820572428490223,0.16360659572222,2024
2,2024-08-31 15:30:00,Bochum,M'gladbach,0.36739126992884674,0.24603068654702587,0.3865780435241274,1.67283479003355,1.718948080471137,0.2759312369649957,0.2641241338402882,-0.14934653353344388,0.12381082912956579,0.06854181892691749,0.1972394667199973,0,2,0.3350208457415128,0.2555092316855271,0.40946992257296005,0.32970772635143214,0.35046659921260254,0.31982567443596527,2024
2,2024-08-31 15:30:00,Ein Frankfurt,Hoffenheim,0.484852677341991,0.23680255584292398,0.278344766815085,1.9700429440933,1.466274437249483,0.2759312369649957,0.2641241338402882,0.0010269334688261943,0.13697303727032353,0.1626815601811731,-0.05588800980369414,3,1,0.5743768260085784,0.2180021135078013,0.2076210604836203,0.30060301948565077,0.27339021490188653,0.42600676561246276,2024
2,2024-08-31 15:30:00,Holstein Kiel,Wolfsburg,0.299131075662067,0.25951283311150264,0.44135609122643027,1.3574823069290611,1.6841996097200473,0.2759312369649957,0.2641241338402882,-0.2222156665831664,-0.012207965050854329,-0.07588523812769456,0.3212444430462565,0,2,0.3229863076570029,0.26353553124760953,0.4134781610953875,0.3092880453331252,0.33465053590271154,0.3560614187641633,2024
2,2024-08-31 15:30:00,Stuttgart,Mainz,0.5681500708712262,0.2396065393704932,0.19224338975828073,1.9327394436337337,1.0537605700776214,0.2759312369649957,0.2641241338402882,0.20199256281428724,-0.08310953625345634,-0.0933736766017262,-0.13019229916375857,3,3,0.577783473275425,0.2256754272087542,0.19654109951582077,0.5502343950578749,0.2652361205113627,0.18452948443076245,2024
2,2024-08-31 15:30:00,Werder Bremen,Dortmund,0.2766673970397473,0.2463674234353905,0.4769651795248622,1.3797836508638357,1.8548435502727951,0.2759312369649957,0.2641241338402882,-0.03056110385716095,-0.1875675548058042,0.32600402811067214,0.015865087951374878,0,0,0.25261543796898533,0.24612146784124794,0.5012630941897668,0.2633270597082168,0.2983838017301937,0.43828913856158963,2024
2,2024-08-31 18:30:00,Leverkusen,RB Leipzig,0.5249567889255371,0.24580569921765613,0.2292375118568068,1.8797181887249856,1.1880316040702614,0.2759312369649957,0.2641241338402882,0.37348615589004414,-0.28241966070390984,0.26773179929449725,-0.37136521292014146,2,3,0.5736702369065989,0.22074407733502768,0.2055856857583734,0.48707080457273194,0.35694201817902466,0.15598717724824337,2024
2,2024-09-01 15:30:00,Heidenheim,Augsburg,0.5224251143440369,0.24928142503969938,0.2282934606162637,1.8414379105757213,1.1603452175873348,0.2759312369649957,0.2641241338402882,-0.005773857778183668,0.0762652265416281,-0.06945459533203792,-0.05775907942079578,4,0,0.3958556348207937,0.2760722294715622,0.3280721357076441,0.37294222420961615,0.42274197808023967,0.2043157977101442,2024
2,2024-09-01 17:30:00,Bayern Munich,Freiburg,0.7143798665815395,0.16445105819291933,0.1211690752255411,2.806176835947264,1.1371069314818651,0.2759312369649957,0.2641241338402882,0.5218910197022071,-0.03012339016174082,-0.02259806981316975,-0.12484590976787215,2,0,0.8013796845328063,0.1226601557958377,0.07596015967135604,0.7216503418187218,0.19020145112993472,0.08814820705134346,2024
3,2024-09-13 20:30:00,Dortmund,Heidenheim,0.5971881838692173,0.22170602023006122,0.18110579590072123,2.1310400161181544,1.1130273950590222,0.2645031349172808,0.2631291209985174,0.3078253926240445,-0.07884751750574381,0.05267749312089272,-0.21009694233786488,4,2,0.7098978250571734,0.17236727766675977,0.11773489727606684,0.5989745395107415,0.3138819270264235,0.087143533462835,2024
3,2024-09-14 15:30:00,Freiburg,Bochum,0.5840593353791156,0.2326183816903769,0.18332228293050734,2.0026635266186665,1.0517828751705216,0.2645031349172808,0.2631291209985174,-0.035578151125994585,0.20242395306926894,-0.1739178165787746,-0.04009861774829393,2,1,0.6055275619232637,0.2230148130160272,0.1714576250607091,0.6141048585520957,0.19045389978495977,0.19544124166294446,2024
3,2024-09-14 15:30:00,Hoffenheim,Leverkusen,0.2352424293852737,0.21784676187702776,0.5469108087376985,1.4401770189466068,2.233842654467254,0.2645031349172808,0.2631291209985174,0.16281638845899765,-0.3256826085181059,0.38310918032249175,0.15611095072769188,1,4,0.14355434706825626,0.18315554625949937,0.6732901066722442,0.2777419400372166,0.19807579976036274,0.5241822602024206,2024
3,2024-09-14 15:30:00,M'gladbach,Stuttgart,0.3515487017526736,0.2413447786941385,0.40710651955318794,1.675842542437854,1.811143147399293,0.2645031349172808,0.2631291209985174,0.07859727214317931,-0.08991347883861751,0.22559715511135578,0.10385792903949254,1,3,0.357618320610687,0.24958778625954198,0.392793893129771,0.30249554400629874,0.3053929886718635,0.3921114673218378,2024
3,2024-09-14 15:30:00,RB Leipzig,Union Berlin,0.662124244347414,0.21460663783633463,0.12326911781625145,2.083604025475667,0.7988938830101538,0.2645031349172808,0.2631291209985174,0.2987982001029427,-0.09233135715068123,-0.21697062031082767,-0.2720596688952671,0,0,0.6557505106320708,0.2007118963360217,0.14353759303190758,0.6742700205406187,0.22609575182182526,0.09963422763755606,2024
3,2024-09-14 15:30:00,Wolfsburg,Ein Frankfurt,0.40812720905807853,0.2748338594619416,0.31703893147997997,1.5026871364323249,1.3013884560883349,0.2645031349172808,0.2631291209985174,-0.0630973019862716,-0.05728002421986001,0.02573337055556569,-0.026804767812775753,1,2,0.34804047257450543,0.27662176288436124,0.3753377645411333,0.38076493166764186,0.28469479353431004,0.3345402747980482,2024
3,2024-09-14 18:30:00,Holstein Kiel,Bayern Munich,0.09063480289511146,0.1389950216956227,0.770370175409266,1.0586019715005373,3.0896519321459324,0.2645031349172808,0.2631291209985174,-0.3289741588153915,-0.14170895429449507,0.5193608028168218,0.34419450351234787,1,6,0.07651759477347626,0.1257864797130339,0.79769592551349,0.14023009352694313,0.11946836317383776,0.7403015432992192,2024
3,2024-09-15 15:30:00,Augsburg,St Pauli,0.618626253462129,0.22791497040024056,0.15345877613763045,2.0093827155811113,0.9134351739354278,0.2645031349172808,0.2631291209985174,-0.07981612035330395,0.2500114326655137,-0.46559056264483406,0.11054455755214172,3,1,0.463096207064952,0.28530034185251507,0.25160345108253296,0.5729103106419313,0.22330313626527862,0.20378655309279003,2024
3,2024-09-15 17:30:00,Mainz,Werder Bremen,0.46108740668909354,0.27170965706792366,0.26720293624298264,1.5949449236281588,1.166838763334661,0.2645031349172808,0.2631291209985174,-0.04898142531909825,-0.011811625596741088,-0.0506062085892005,-0.05959874594985364,1,2,0.4421385689393346,0.26800019402188713,0.28986123703877825,0.4043937807871403,0.34543644886295954,0.25016977034990023,2024
4,2024-09-20 20:30:00,Augsburg,Mainz,0.39008980287495154,0.27106476483820824,0.33884543228684016,1.5014436071755721,1.3868291457415574,0.2886583842836336,0.24405855669084925,-0.06777326899846797,-0.05851662189870015,-0.06048930621518646,0.09885087308224144,2,3,0.4047737905894099,0.273308798774046,0.32191741063654417,0.34430691807424335,0.32924746655667875,0.32644561536907785,2024
4,2024-09-21 15:30:00,Bochum,Holstein Kiel,0.6301307423652915,0.20372712122844888,0.1661421364062593,2.3430017710615476,1.1550791468615649,0.2886583842836336,0.24405855669084925,-0.17720836745182292,0.49592434189752627,-0.335626734308025,0.19113721707165718,2,2,0.5237560177068299,0.24639421912686343,0.22984976316630668,0.5243878286874547,0.17000225351281034,0.305609917799735,2024
4,2024-09-21 15:30:00,Heidenheim,Freiburg,0.4802829605429849,0.25895500440597335,0.26076203505104156,1.727328389289796,1.226741616961939,0.2886583842836336,0.24405855669084925,0.0676624397645759,-0.0538034495119123,-0.03852164412410866,-0.04577517772918249,0,3,0.2972902167598784,0.27593316095816295,0.4267766222819587,0.4727592497584202,0.23747818669898083,0.2897625635425989,2024
4,2024-09-21 15:30:00,Union Berlin,Hoffenheim,0.4198140280035885,0.2671780345613195,0.313007937435092,1.5847706540471327,1.343974419647647,0.2886583842836336,0.24405855669084925,-0.23876188172120633,0.16648463984417486,0.14731337303413047,-0.14034054839819868,2,1,0.5234236245232294,0.24687248270038922,0.2297038927763813,0.36392238874583344,0.3343145212526338,0.30176309000153284,2024
4,2024-09-21 15:30:00,Werder Bremen,Bayern Munich,0.2322353508880726,0.21945093153540662,0.5483137175765207,1.4100218244912146,2.2098998187045678,0.2886583842836336,0.24405855669084925,-0.03784866559064558,-0.15126309275098548,0.5390719657347207,-0.034783166419079886,0,5,0.10549379209608051,0.15929562606508155,0.7352105818388379,0.21716884518933116,0.19346564440664202,0.5893655104040267,2024
4,2024-09-21 18:30:00,Ein Frankfurt,M'gladbach,0.5137264724812005,0.23873385486071738,0.24753967265808205,1.960452513567048,1.3207820651615647,0.2886583842836336,0.24405855669084925,0.03339145799121556,0.10706692189826686,0.06639796024470167,-0.0768323097660039,2,0,0.5455128871177718,0.22697462915538494,0.2275124837268432,0.6387913729532605,0.22929973935300973,0.13190888769372974,2024
4,2024-09-22 15:30:00,Leverkusen,Wolfsburg,0.7153704544937622,0.17913906208520744,0.10549048342103035,2.4719547786635125,0.8764111331993303,0.2886583842836336,0.24405855669084925,0.4005453473437513,-0.028253042311025767,-0.07874452376687839,-0.3418338285272196,4,3,0.7527745221110999,0.15247586014052583,0.09474961774837433,0.7920506517770189,0.11616457731318561,0.0917847709097954,2024
4,2024-09-22 17:30:00,Stuttgart,Dortmund,0.39986559972582847,0.24455445549797913,0.3555799447761926,1.7626954826456946,1.6558427144652805,0.2886583842836336,0.24405855669084925,0.23715504595050646,-0.20302782523159804,0.32871407884932463,-0.11306239086833147,5,1,0.41705751759776327,0.25443827333550545,0.3285042090667313,0.4237285575189252,0.18902559056568832,0.3872458519153864,2024
4,2024-09-22 19:30:00,St Pauli,RB Leipzig,0.0995374128514871,0.18361137947681752,0.7168512076716955,0.7969400893972322,2.374856128027308,0.2886583842836336,0.24405855669084925,-0.45886491729130235,-0.30082779684200955,0.26738340237209074,0.3088950713232666,0,0,0.18685264466233945,0.2333379367490678,0.5798094185885927,0.260580541499907,0.13179008562521638,0.6076293728748767,2024
5,2024-09-27 20:30:00,Dortmund,Bochum,0.7555934091678274,0.15166483071318637,0.09274176011898616,2.8484391745573183,0.9631100385373068,0.29113102895358894,0.23651927083152385,0.31651803440149784,0.20260285202443948,-0.18550853542177068,-0.14321010084985653,4,2,0.7965826287861477,0.1269454388503821,0.07647193236347018,0.7102163286303321,0.17939580025048643,0.11038787111918144,2024
5,2024-09-28 15:30:00,Freiburg,St Pauli,0.6624151931140074,0.22010506444811603,0.11747974243787658,2.0044368008892914,0.733612803219342,0.29113102895358894,0.23651927083152385,-0.01295433816393264,0.18066716236623892,-0.5193501248956169,-0.08155480966107823,0,3,0.6069083872461316,0.22795362870249447,0.16513798405137378,0.7377803498108649,0.19226844127262158,0.06995120891651341,2024
5,2024-09-28 15:30:00,M'gladbach,Union Berlin,0.4402863413135117,0.277303769177371,0.2824098895091171,1.5269214547336134,1.1821623531778283,0.29113102895358894,0.23651927083152385,0.03945055475956864,-0.1438472672646675,-0.22912164940088228,0.10533588463328822,1,0,0.437353574756571,0.2784314909060728,0.2842149343373562,0.2892482940744474,0.2958488285819206,0.4149028773436321,2024
5,2024-09-28 15:30:00,Mainz,Heidenheim,0.4368440175006415,0.26541771713895096,0.2977382653604075,1.6241620558825358,1.3097910564554542,0.29113102895358894,0.23651927083152385,-0.037510424687607395,-0.005147850231511209,0.029819370213588506,-0.05108277356438408,0,2,0.5183026800642825,0.26126974335665476,0.22042757657906273,0.4400164532885715,0.2656145856127629,0.29436896109866567,2024
5,2024-09-28 15:30:00,RB Leipzig,Augsburg,0.6974988656330795,0.18622508603994203,0.11627604832697845,2.422500625989121,0.9183208288693365,0.29113102895358894,0.23651927083152385,0.23210664774644194,0.12504337565743795,-0.059826833179632076,-0.31651265840611537,4,0,0.6378186450554961,0.20057190096084787,0.16160945398365612,0.7601218022683217,0.13570065308194354,0.10417754464973462,2024
5,2024-09-28 15:30:00,Wolfsburg,Stuttgart,0.307080307211575,0.252545369468628,0.440374323319797,1.4380519462999655,1.7506847188860515,0.29113102895358894,0.23651927083152385,-0.042267247759461016,-0.12209366938762142,0.2739354234247802,-0.005059473033397672,2,2,0.27537480613475784,0.254868171635361,0.4697570222298811,0.3011972809897442,0.31221935450776683,0.38658336450248904,2024
5,2024-09-28 18:30:00,Bayern Munich,Leverkusen,0.4915177471241424,0.21846114156093166,0.2900211113149259,2.2155411331657886,1.694067241648409,0.29113102895358894,0.23651927083152385,0.5620161451354854,-0.2941697673485206,0.4145790011033601,-0.1785777406075473,1,1,0.5846177883890563,0.21353522783030118,0.20184698378064259,0.23170153644352073,0.3503034328022038,0.4179950307542755,2024
5,2024-09-29 15:30:00,Holstein Kiel,Ein Frankfurt,0.1826426414096647,0.21607201680577406,0.6012853417845614,1.1631791825618927,2.2061242149110196,0.29113102895358894,0.23651927083152385,-0.2782368069950931,-0.09825656185018454,0.026687933742883255,0.47341826430619816,2,4,0.262086549253814,0.24850693530283927,0.4894065154433467,0.19009634205557807,0.2152794180476369,0.594624239896785,2024
5,2024-09-29 17:30:00,Hoffenheim,Werder Bremen,0.48120303222181326,0.2368960778722935,0.28190088990589335,1.9661397759139383,1.4796425116676977,0.29113102895358894,0.23651927083152385,0.1377719253146572,0.010649890697116218,-0.06977963073497025,0.17044911420995565,3,4,0.419438207815079,0.25638582139902955,0.32417597078589155,0.4283657856033249,0.3069203437002262,0.2647138706964489,2024
6,2024-10-04 20:30:00,Augsburg,M'gladbach,0.3989286363162935,0.24961463558448774,0.3514567280992187,1.709886720668278,1.5970555223107947,0.3098658185324356,0.2238237001833677,-0.08338402616874269,0.0861216305499668,0.015941139070519795,0.1423546776572558,2,1,0.39807877041306433,0.25928914505283374,0.3426320845341018,0.38533422664841877,0.3096072815270782,0.3050584918245029,2024
6,2024-10-05 15:30:00,Bochum,Wolfsburg,0.3271443088300554,0.26201376274528254,0.41084192842466183,1.4240916612222518,1.6157910075506843,0.3098658185324356,0.2238237001833677,-0.17880659881297042,-0.001348740148782401,-0.04635756991263487,0.21631637610492876,1,3,0.31376713504032333,0.25849650149663495,0.42773636346304167,0.33533696475529123,0.19158604760352427,0.47307698764118455,2024
6,2024-10-05 15:30:00,Leverkusen,Holstein Kiel,0.9212674931837164,0.05576460414352683,0.022967902672756925,4.344369683757101,0.784824132360314,0.3098658185324356,0.2238237001833677,0.3910915783898955,0.5440995840589814,-0.23392106546169988,-0.31824037457989196,2,2,0.8844258347013995,0.07980332448878523,0.035770840809815414,0.8589565960587254,0.08613323660856034,0.05491016733271419,2024
6,2024-10-05 15:30:00,Union Berlin,Dortmund,0.26296854268831393,0.2712268293708907,0.4658046279407955,1.1551872761601563,1.6031324697734644,0.3098658185324356,0.2238237001833677,-0.2635896386022483,-0.12583740542208616,0.31714503439624453,-0.1550513440547243,2,1,0.258007964136342,0.2681259235142378,0.4738661123494203,0.2474090427931248,0.23676932219923952,0.5158216350076357,2024
6,2024-10-05 15:30:00,Werder Bremen,Freiburg,0.4185170227021938,0.26878371436978893,0.3126992629280172,1.5689992318564885,1.3314716007898375,0.3098658185324356,0.2238237001833677,-0.03494955006650645,-0.048301984473735564,-0.05314955823590242,0.029568537013224004,0,1,0.35622919704013434,0.27378758286798893,0.36998322009187695,0.3893015910285976,0.30082706822910094,0.30987134074230144,2024
6,2024-10-05 18:30:00,St Pauli,Mainz,0.2997821303431013,0.29343176439205904,0.4067861052648397,1.1373066345613938,1.3622870501431952,0.3098658185324356,0.2238237001833677,-0.36187826895052794,-0.04314838396689464,-0.07709500168092583,0.07639412501577034,0,3,0.4403059926046797,0.28066288417491275,0.27903112322040746,0.44501754737498495,0.1860134018175255,0.3689690508074895,2024
6,2024-10-06 15:30:00,Heidenheim,RB Leipzig,0.279264784390148,0.2638563585832697,0.4568788570265822,1.2596522262348924,1.661248645277743,0.3098658185324356,0.2238237001833677,0.03338988757735891,-0.3362437343524899,0.24076078631215997,-0.0430570892832862,0,1,0.2003200465522258,0.2364271166715159,0.5632528367762585,0.2509397273729711,0.2420890778087769,0.506971194818252,2024
6,2024-10-06 17:30:00,Ein Frankfurt,Bayern Munich,0.2536918454382806,0.22559812070116825,0.520710033860551,1.4595264927057539,2.1281319599078934,0.3098658185324356,0.2238237001833677,0.039739525077657094,-0.1953169807408934,0.530113016895992,-0.08473425463673455,3,3,0.17071402682131206,0.20333454150054367,0.6259514316781443,0.17461206990955608,0.25483071724565626,0.5705572128447877,2024
6,2024-10-06 19:30:00,Stuttgart,Hoffenheim,0.6462719795622491,0.18155293557763053,0.17217508486012034,2.716581089036495,1.4021032507414566,0.3098658185324356,0.2238237001833677,0.26326333626319176,0.20242128214133936,0.1390696973777215,-0.11096208468743343,1,1,0.7203629320934158,0.15836077680731292,0.12127629109927127,0.6828008863148121,0.14480019769780136,0.17239891598738658,2024
7,2024-10-18 20:30:00,Dortmund,St Pauli,0.7684941778552878,0.15259955049126306,0.07890627165344907,2.712931394389646,0.8044252116079653,0.3174317869740955,0.20749357316885275,0.3098363352848054,0.16326805019971966,-0.4279628508688159,-0.10709621555182271,2,1,0.739762271944751,0.16696023498753063,0.09327749306771836,0.6831285941217992,0.19542048923734598,0.12145091664085475,2024
7,2024-10-19 15:30:00,Freiburg,Augsburg,0.513003161087263,0.2507128938112492,0.2362839451014877,1.825280792943979,1.1850516011920962,0.3174317869740955,0.20749357316885275,-0.061159949718490536,0.13796842392227818,-0.07799233239529464,-0.06965313562999,3,1,0.5773118433989152,0.23839245274681573,0.18429570385426905,0.5328581181908264,0.24926970916536736,0.21787217264380626,2024
7,2024-10-19 15:30:00,Hoffenheim,Bochum,0.6032728469523584,0.20071828184206317,0.19600887120557858,2.4500173106484544,1.375786429203013,0.3174317869740955,0.20749357316885275,0.13622033392544308,0.23494939603408108,-0.1793253906451736,0.18091911980068465,3,1,0.6287198665072959,0.1946342560266985,0.17664587746600552,0.5072401243617599,0.2751005994760931,0.21765927616214695,2024
7,2024-10-19 15:30:00,Leverkusen,Ein Frankfurt,0.6310991884641205,0.20728011948271585,0.16162069205316365,2.2825024455229523,1.0980816644523934,0.3174317869740955,0.20749357316885275,0.36889229402346757,-0.06854524925702302,0.06785439020921827,-0.2917214612220032,2,1,0.6471434278865362,0.19912105473431885,0.15373551737914504,0.7833787378745138,0.11922739141867406,0.0973938707068122,2024
7,2024-10-19 15:30:00,M'gladbach,Heidenheim,0.39177807771987117,0.2586274397182385,0.34959448256189046,1.6107433652715104,1.513040985623255,0.3174317869740955,0.20749357316885275,0.006573388469617105,-0.054802958615003054,0.004702963367362586,0.09198677307555769,3,2,0.49921002451648055,0.25627894306728405,0.24451103241623534,0.3778810160308294,0.2753993752559563,0.3467196087132143,2024
7,2024-10-19 15:30:00,Mainz,RB Leipzig,0.25132602657940867,0.2688927408900818,0.4797812325305095,1.1278549230844928,1.6337871293613282,0.3174317869740955,0.20749357316885275,-0.04877321336787845,-0.3558346162575264,0.22888009512377672,-0.05541116993534956,0,2,0.24215122231543068,0.24649752630570768,0.5113512513788616,0.19852453052176874,0.2432661586754066,0.5582093108028247,2024
7,2024-10-19 18:30:00,Bayern Munich,Stuttgart,0.6067500428713573,0.1928821379191522,0.20036781920949048,2.5868688596301577,1.4833893620248642,0.3174317869740955,0.20749357316885275,0.5416604099803946,-0.11613756026844278,0.2408078326317373,-0.16391004065754955,4,0,0.7393960189437314,0.1550928234857583,0.10551115757051036,0.5983971901704299,0.18841246505141213,0.2131903447781579,2024
7,2024-10-20 15:30:00,Holstein Kiel,Union Berlin,0.26356547617817855,0.26216629319270346,0.4742682306291181,1.215475716073258,1.6921782558682519,0.3174317869740955,0.20749357316885275,-0.169029975572076,-0.16075984854576092,-0.2458334622421418,0.45441828307092547,0,2,0.25780369445541756,0.27563449753014385,0.46656180801443864,0.3639145394459752,0.24788039560278594,0.3882050649512389,2024
7,2024-10-20 17:30:00,Wolfsburg,Werder Bremen,0.460462286647711,0.26041960045708806,0.27911811289520105,1.6969901545386998,1.283140459211792,0.3174317869740955,0.20749357316885275,-0.02090176062260584,0.02483258502882389,-0.062416621262121684,-0.005704608898572232,2,4,0.47679856817673366,0.25624735883295036,0.26695407299031604,0.41680389662949185,0.2888059805345178,0.2943901228359905,2024
8,2024-10-25 20:30:00,Mainz,M'gladbach,0.45867140651353544,0.25586185644172016,0.28546673704474446,1.739438156818139,1.3386123619679293,0.31823463585218426,0.2065556741360344,-0.06980630914358575,0.09857816185851795,0.02631570040843675,-0.05291680962115246,1,1,0.42325044431954556,0.25576096367972534,0.32098859200072916,0.41916055191799934,0.32168156353753513,0.2591578845444654,2024
8,2024-10-26 15:30:00,Augsburg,Dortmund,0.237924318337541,0.22360469260127352,0.5384709890611855,1.4017177668510845,2.154415764579192,0.31823463585218426,0.2065556741360344,-0.08157730168414691,-0.10551454748094348,0.29879729611440564,0.15048764790918703,2,1,0.23708358077431468,0.2353403191509741,0.5275761000747111,0.23176956790823006,0.23705645144538462,0.5311739806463853,2024
8,2024-10-26 15:30:00,RB Leipzig,Freiburg,0.6147132555073234,0.23103351127734256,0.15425323321533413,1.9763774137377546,0.9004865538655233,0.31823463585218426,0.2065556741360344,0.23125368396067825,-0.07477841400604092,-0.04288330780407662,-0.3801713743796592,3,1,0.5300970374984748,0.24217631154752653,0.2277266509539987,0.6914454119848661,0.20486126398312532,0.10369332403200862,2024
8,2024-10-26 15:30:00,St Pauli,Wolfsburg,0.2728191866676525,0.2764865153848151,0.45069429794753235,1.1563011829336916,1.544744321039893,0.31823463585218426,0.2065556741360344,-0.4149159472277868,0.03535191242537191,-0.0159832919544086,0.13260706475721398,0,0,0.37738228478648106,0.2802780711572111,0.34233964405630785,0.35171722664214927,0.18737263277277388,0.4609101405850769,2024
8,2024-10-26 15:30:00,Stuttgart,Holstein Kiel,0.8144331665868362,0.11721872047681134,0.06834811293635254,3.3456229307957766,0.9857077549842657,0.31823463585218426,0.2065556741360344,0.21913796040053532,0.46372463329594377,-0.23703955246858394,-0.09559044623592905,2,1,0.7915110519392742,0.12820995620435363,0.08027899185637231,0.637157357075289,0.18568168311908864,0.1771609598056223,2024
8,2024-10-26 18:30:00,Werder Bremen,Leverkusen,0.21998972272191145,0.2323584908949102,0.5476517863831785,1.2418804559160135,2.035197677291959,0.31823463585218426,0.2065556741360344,-0.013878311955570455,-0.29428527042916386,0.3625952570059821,0.029763060037139626,2,2,0.15193542259433027,0.18688353149517037,0.6611810459104993,0.15981576884495455,0.240530956133124,0.5996532750219215,2024
8,2024-10-27 15:30:00,Bochum,Bayern Munich,0.10772338279579341,0.14866238191319203,0.7436142352910144,1.1571325594925241,3.029340652205778,0.31823463585218426,0.2065556741360344,-0.18848007391060095,-0.19036522269812753,0.5504565717991561,0.23965378165745418,0,5,0.060993751859565605,0.10206589653700372,0.8369403516034306,0.11056190605495679,0.07208460698667278,0.8173534869583705,2024
8,2024-10-27 17:30:00,Union Berlin,Ein Frankfurt,0.3535397163485624,0.2987472064837638,0.34771307716767386,1.2340548806903608,1.2219237570630141,0.31823463585218426,0.2065556741360344,-0.23996031286970615,-0.07452459880709915,0.06439972259842848,-0.18220789157646008,1,1,0.3850539967044821,0.29320625437130293,0.321739748924215,0.3690790286857444,0.2870587561999957,0.34386221511425996,2024
8,2024-10-27 19:30:00,Heidenheim,Hoffenheim,0.4855951560228733,0.23063251705582402,0.2837723269213027,2.0465656084890047,1.5443793380414959,0.31823463585218426,0.2065556741360344,0.015812072986143108,0.17556069233772778,0.14216704563028593,-0.025779574795530703,0,0,0.35554534854962366,0.2766491184680069,0.3678055329823693,0.38947395822193165,0.31051246433798463,0.3000135774400836,2024
9,2024-11-01 20:30:00,Leverkusen,Stuttgart,0.5774711117284308,0.21766844731551016,0.2048604409560589,2.2142581135417125,1.2784580619417447,0.3060489262693983,0.20494488533140598,0.37135242015343645,-0.08742882181416989,0.2112938232144467,-0.2716880368212546,0,0,0.5981518777396043,0.20850610117284682,0.19334202108754886,0.7661450109764931,0.11624649772636009,0.11760849129714696,2024
9,2024-11-02 15:30:00,Bayern Munich,Union Berlin,0.7170781631284839,0.17805332360334813,0.10486851326816786,2.484778730175015,0.8784127698758795,0.3060489262693983,0.20494488533140598,0.5762781187457962,-0.17708831694559152,-0.23398595558719462,-0.20170164136005553,3,0,0.8346110358167391,0.11134601985954176,0.05404294432371902,0.8651486533084904,0.07845497725706188,0.05639636943444764,2024
9,2024-11-02 15:30:00,Ein Frankfurt,Bochum,0.6571424292029826,0.19908494390355402,0.14377262689346318,2.346270142473766,1.0364049519780227,0.3060489262693983,0.20494488533140598,0.07039944942962625,0.27143363281614474,-0.20026558033836497,-0.0700253981798735,7,2,0.6597919881018348,0.18907082662997243,0.1511371852681928,0.6305789710988642,0.2573484857902837,0.11207254311085213,2024
9,2024-11-02 15:30:00,Hoffenheim,St Pauli,0.6072030681520251,0.22752457774706028,0.16527235410091473,2.035509837513595,0.9839269532565083,0.3060489262693983,0.20494488533140598,0.1258901912262398,0.07386231909372608,-0.47761121756017366,0.15535867210995682,0,2,0.5018949464707257,0.25293386484408603,0.24517118868518828,0.5320763068741411,0.2890674723541624,0.17885622077169652,2024
9,2024-11-02 15:30:00,Holstein Kiel,Heidenheim,0.22248742791036524,0.23221442243990303,0.5452981496497316,1.2552128856698155,2.0379937745153827,0.3060489262693983,0.20494488533140598,-0.23265438553301684,-0.05103423785379521,-0.020741644537146473,0.42665859836066305,1,0,0.3849823883515732,0.27866457761494695,0.3363530340334798,0.25531998246681714,0.20855129341079942,0.5361287241223834,2024
9,2024-11-02 15:30:00,Wolfsburg,Augsburg,0.4944358069377602,0.2467044265605786,0.2588597665016614,1.8625605360346733,1.3071401131407252,0.3060489262693983,0.20494488533140598,-0.03328820849560712,0.1442465702071354,-0.06361056607413776,0.025403270798048994,1,1,0.4607665830464967,0.26696225424420983,0.2722711627092935,0.4460126718060757,0.2740858740864372,0.2799014541074871,2024
9,2024-11-02 18:30:00,Dortmund,RB Leipzig,0.35922453933192566,0.25727603225825224,0.38349942840982204,1.5491762116773873,1.6056371035942485,0.3060489262693983,0.20494488533140598,0.29323530984721224,-0.3665058081376407,0.25330808003262645,-0.08583637920366272,2,1,0.4397718326178345,0.2509692657347851,0.30925890164738035,0.4696802651518559,0.16835477631467363,0.3619649585334703,2024
9,2024-11-03 15:30:00,Freiburg,Mainz,0.4386026050639018,0.2759228627948637,0.28547453214123447,1.5362635601461725,1.2004692033547273,0.3060489262693983,0.20494488533140598,-0.031748455696725145,-0.04989214726141403,-0.07287019174060401,-0.05046625136090656,0,0,0.5362565116862132,0.25597310824488584,0.20777038006890083,0.5494890751237502,0.26150348447359084,0.18900744040265896,2024
9,2024-11-03 17:30:00,M'gladbach,Werder Bremen,0.4328823747881265,0.24865815908259423,0.31845946612927933,1.7794764816933772,1.5076466907954686,0.3060489262693983,0.20494488533140598,0.027466812617047382,0.03785858541868462,0.006823863547847443,0.09767716239491767,4,1,0.4250575785401395,0.25685297526757084,0.3180894461922898,0.3794248990884307,0.24993530042380874,0.37063980048776063,2024
10,2024-11-08 20:30:00,Union Berlin,Freiburg,0.3804958246261696,0.309712068540718,0.3097921068331124,1.2180123907734952,1.0749448880916428,0.2909490216725447,0.21801799612856543,-0.24925163186237817,-0.062495043653925116,-0.056825664752627854,-0.1618539635459779,0,0,0.39611742052108306,0.29956379926906906,0.30431878020984793,0.40346025596459467,0.3108622758087905,0.28567746822661483,2024
10,2024-11-09 15:30:00,Bochum,Leverkusen,0.11962227738575039,0.1734364188700576,0.706941303744192,1.0431958918472224,2.638687009859688,0.2909490216725447,0.21801799612856543,-0.1756562212358963,-0.2910218224126029,0.34484629531507366,0.33448613170356634,1,1,0.09235774316956352,0.1460573746623691,0.7615848821680674,0.14539257411298695,0.08452396526594622,0.7700834606210669,2024
10,2024-11-09 15:30:00,Mainz,Dortmund,0.3061562133928838,0.25857674054368995,0.43526704606342626,1.3872914347950336,1.6850044319163069,0.2909490216725447,0.21801799612856543,-0.09270463300752989,-0.08890914671874067,0.297869636604109,-0.06705046425839485,3,1,0.25102597295287404,0.2584487839810505,0.49052524306607537,0.3738744655276005,0.27181484350520263,0.35431069096719686,2024
10,2024-11-09 15:30:00,St Pauli,Bayern Munich,0.11365510049224783,0.18716725210196175,0.6991776474057902,0.8907569702731383,2.396607812106466,0.2909490216725447,0.21801799612856543,-0.4154560726214144,-0.2091945945331799,0.5810808451284597,0.002024459122177624,0,1,0.06566376920799807,0.13159665222422562,0.8027395785677764,0.08640511491935568,0.05837234123129771,0.8552225438493466,2024
10,2024-11-09 15:30:00,Werder Bremen,Holstein Kiel,0.6478510489181885,0.19705593069775135,0.1550930203840602,2.4103742672868433,1.1323288787510075,0.2909490216725447,0.21801799612856543,0.001657278981837581,0.36915773629158316,-0.24795214542204405,0.0812795902671182,2,1,0.5924139739240285,0.22267068161413606,0.1849153444618355,0.5162838224050115,0.3438320713000904,0.13988410629489814,2024
10,2024-11-09 18:30:00,RB Leipzig,M'gladbach,0.6651374031628163,0.19729691092529975,0.13756568591188395,2.350705829814043,1.0045455549991733,0.2909490216725447,0.21801799612856543,0.24634821524884098,0.09940040312150904,0.06049750893794686,-0.34691127544592815,0,0,0.5852897478092844,0.21881245158925083,0.1958978006014648,0.7703837217558657,0.15059515930181624,0.0790211189423181,2024
10,2024-11-10 15:30:00,Augsburg,Hoffenheim,0.4127073732642711,0.23832565726750018,0.34896696946822886,1.8550923037243505,1.6984830318890285,0.2909490216725447,0.21801799612856543,-0.06604602764221691,0.17501346408268148,0.09841334657916678,0.14037315026038552,0,0,0.4537090727779728,0.2750937194142306,0.27119720780779677,0.36356624731249443,0.3511180117538663,0.2853157409336393,2024
10,2024-11-10 17:30:00,Stuttgart,Ein Frankfurt,0.49822682695521814,0.23996651517146322,0.2618066578733187,1.9407046333986944,1.3719349355258734,0.2909490216725447,0.21801799612856543,0.19695034699075156,-0.04286624457042174,0.1403522176951082,-0.11507913427456763,2,3,0.5371620350040776,0.24453923844175396,0.2182987265541685,0.5799375867469403,0.17381202791071715,0.24625038534234261,2024
10,2024-11-10 19:30:00,Heidenheim,Wolfsburg,0.45417208716942026,0.26900366302424755,0.27682424980633213,1.6121142408680618,1.216812152164373,0.2909490216725447,0.21801799612856543,-0.05894118215384779,0.02752067495093573,-0.04540369033966223,-0.04931088243396359,1,3,0.32931990224712404,0.2948679740120403,0.37581212374083567,0.389210894916273,0.31222634377567726,0.29856276130804976,2024
11,2024-11-22 20:30:00,Bayern Munich,Augsburg,0.812729255222608,0.11868324052690311,0.06858750425048878,3.3111208086077504,0.973050303696953,0.28157312621520525,0.2173812630248953,0.5741210048866389,0.12421135081826386,-0.09062579177170489,-0.21826683299024113,3,0,0.8570161907422477,0.09265039899916191,0.05033341025859032,0.7837749843789559,0.12886982151514395,0.08735519410590017,2024
11,2024-11-23 15:30:00,Dortmund,Freiburg,0.5674022443079931,0.22973232728921752,0.20286542840278934,2.0566269133930413,1.174639904524905,0.28157312621520525,0.2173812630248953,0.29635369188513827,-0.07424086104517313,-0.06690651148498529,-0.05370497833798108,4,0,0.5260842237586423,0.2532998114393464,0.22061596480201132,0.6357116094878381,0.17178107367674333,0.1925073168354186,2024
11,2024-11-23 15:30:00,Hoffenheim,RB Leipzig,0.23441542968126208,0.2407686950916908,0.5248158752270471,1.2470256645980224,1.937438659524132,0.28157312621520525,0.2173812630248953,0.07934692540818603,-0.3575400670891814,0.22323112002994128,0.15656257589859476,4,3,0.2926697372592164,0.26220001118839387,0.44513025155238967,0.2593037077515525,0.19937683226933345,0.541319459979114,2024
11,2024-11-23 15:30:00,Leverkusen,Heidenheim,0.6687996649094488,0.2000245982509619,0.1311757368395892,2.2909522319464863,0.9395702905448517,0.28157312621520525,0.2173812630248953,0.3326893845941924,-0.002676220887382325,-0.06082563543333795,-0.2830801367374987,5,2,0.7898938436917017,0.1379179727080749,0.07218818360022349,0.7274828594313087,0.15778873862967444,0.11472840193901679,2024
11,2024-11-23 15:30:00,Stuttgart,Bochum,0.733658644344042,0.1599103667665334,0.10643098888942468,2.7967536169512996,1.0343580408468516,0.28157312621520525,0.2173812630248953,0.20597713125106595,0.32352780152233773,-0.16763661257609483,-0.08015552974614222,2,0,0.7289042243464929,0.15967634346051937,0.11141943219298785,0.7085497660612998,0.17717634824593748,0.11427388569276263,2024
11,2024-11-23 15:30:00,Wolfsburg,Union Berlin,0.43108464609458874,0.29584203894005706,0.27307331496535436,1.3770233073253901,1.0482542825074888,0.28157312621520525,0.2173812630248953,-0.008392378568399625,-0.17063786490619945,-0.26309353744844793,0.028646603681172403,1,0,0.44573817876101585,0.2895278200411432,0.2647340011978409,0.3794024117517993,0.27739386463211946,0.34320372361608137,2024
11,2024-11-23 18:30:00,Ein Frankfurt,Werder Bremen,0.5591724888119811,0.22415779601339447,0.21666971517462436,2.13757615877422,1.2891874215689474,0.28157312621520525,0.2173812630248953,0.17209351068968678,0.08862465110015577,0.0038224925571998286,-0.0313835046333148,1,0,0.5415912445347963,0.23495502520259542,0.22345373026260826,0.7252982075964678,0.14942342778064707,0.12527836462288508,2024
11,2024-11-24 15:30:00,Holstein Kiel,Mainz,0.243270578033365,0.2534991019693688,0.5032303199972661,1.1952514786778559,1.7936182634688822,0.28157312621520525,0.2173812630248953,-0.25362448520524444,-0.06697329838303208,-0.05819038295092347,0.36085221259595157,0,3,0.29841755288339006,0.2850953407010959,0.41648710641551406,0.31570381243499585,0.24083651172419734,0.4434596758408068,2024
11,2024-11-24 17:30:00,M'gladbach,St Pauli,0.5411175730995799,0.26682179878062706,0.19206062811979308,1.6608927629321395,0.9021259342933257,0.28157312621520525,0.2173812630248953,0.04960224935888746,-0.04120137180269819,-0.45703020711783676,0.0724559289707861,2,0,0.505315962612569,0.25878715066411884,0.23589688672331224,0.4996185500235643,0.29289720287845583,0.2074842470979799,2024
12,2024-11-29 20:30:00,St Pauli,Holstein Kiel,0.48667430421406194,0.2873971039728472,0.22592859181309105,1.4827525204970167,0.936237741081604,0.2721008839475644,0.23113226241007817,-0.5036987148300923,0.394365740087668,-0.30728667730907067,-0.03070004451273017,3,1,0.5647317299455576,0.2558704084739926,0.17939786158044968,0.3870966920104237,0.31829916789260165,0.29460414009697466,2024
12,2024-11-30 15:30:00,Augsburg,Bochum,0.5503876935101335,0.2327525660707063,0.21685974041916023,2.028932210494354,1.2235039539067345,0.2721008839475644,0.23113226241007817,-0.10439673717135951,0.30867324079583475,-0.1852803218214212,0.11489827340529679,1,0,0.5370943996599225,0.25092599249203723,0.21197960784804035,0.669311075285112,0.1252313009955082,0.20545762371937987,2024
12,2024-11-30 15:30:00,Freiburg,M'gladbach,0.43008137590550544,0.26561803374188686,0.3043005903526077,1.6133474450868064,1.3289336210444664,0.2721008839475644,0.23113226241007817,-0.08170795016350528,0.056785982782671135,0.05765083376286196,-0.0453748857696028,3,1,0.47457500293961496,0.2583939369105181,0.26703106014986694,0.3832115478336283,0.30589099612594545,0.31089745604042635,2024
12,2024-11-30 15:30:00,RB Leipzig,Wolfsburg,0.6332947121472314,0.21688147850659134,0.1498238093461772,2.130348657653713,0.9571717999515049,0.2721008839475644,0.23113226241007817,0.2418647695599781,0.011187739447426005,-0.01206243645091932,-0.3038108318569163,1,5,0.5501312335958005,0.24356955380577427,0.2062992125984252,0.7931432031318582,0.14188749886307903,0.0649692980050627,2024
12,2024-11-30 15:30:00,Union Berlin,Leverkusen,0.21721275065992135,0.27558423483049804,0.5072030145095806,0.9616889582404692,1.5853987860637528,0.2721008839475644,0.23113226241007817,-0.28133904997016573,-0.26095830521811053,0.36917405684944127,-0.18043896507352133,1,2,0.20706719220543476,0.27470518622096357,0.5182276215736015,0.21545961583500947,0.16217020804589766,0.6223701761190928,2024
12,2024-11-30 15:30:00,Werder Bremen,Stuttgart,0.32159509999571345,0.25429600351782505,0.42410889648646155,1.4697889910366566,1.7095478533693302,0.2721008839475644,0.23113226241007817,-0.016459801121014066,-0.10165449826181795,0.19863182318587247,0.06549621518347927,2,2,0.3695719706651462,0.27192937614282064,0.3584986531920332,0.34735830101721465,0.3008477348689839,0.35179396411380137,2024
12,2024-11-30 18:30:00,Dortmund,Bayern Munich,0.3207962978360879,0.21967451870707208,0.45952918345684,1.805404678971818,2.1653515054163486,0.2721008839475644,0.23113226241007817,0.3235349632888804,-0.2359833441141375,0.5743329577612656,-0.07385113527306013,1,1,0.21208707464961402,0.23501540704416685,0.5528975183062192,0.19515152043263906,0.2075402135777787,0.5973082659895823,2024
12,2024-12-01 15:30:00,Mainz,Hoffenheim,0.4900078100549618,0.24361062001835704,0.2663815699266811,1.894510705441288,1.3614147165139259,0.2721008839475644,0.23113226241007817,-0.03586052090390686,0.17158797680718021,0.12364848106404522,-0.08722497319997435,2,0,0.46717444664153074,0.26826543854765766,0.2645601148108116,0.38930251010891453,0.3514275675461692,0.2592699223449162,2024
12,2024-12-01 17:30:00,Heidenheim,Ein Frankfurt,0.3479725733772576,0.2585685243478708,0.3934589022748715,1.5092826799688204,1.614642962143625,0.2721008839475644,0.23113226241007817,-0.03534275069587618,-0.056255904083475985,0.15951522538802834,0.04749774682605124,0,4,0.2470828797141501,0.26129860704016966,0.4916185132456801,0.3016855732179235,0.2760873276957016,0.4222270990863748,2024
13,2024-12-06 20:30:00,Stuttgart,Union Berlin,0.547883625440843,0.2628383586624644,0.1892780158966924,1.6959889881045427,0.9096137833965731,0.2842187609500706,0.22231513885344545,0.1996126104216044,-0.17788046573937544,-0.28299510873086803,-0.09595883562941258,3,2,0.5039744883974355,0.2743700653166554,0.2216554462859091,0.5508944740521591,0.2399759830729121,0.2091295428749288,2024
13,2024-12-07 15:30:00,Bayern Munich,Heidenheim,0.7981544585297591,0.1278316611784984,0.07401388029174241,3.1600992861419708,0.9556232786541548,0.2842187609500706,0.22231513885344545,0.5575763366959149,0.08649321027098297,-0.07159959374638615,-0.25801067078165296,4,2,0.861346450090827,0.0926712799329228,0.045982269976250066,0.7884541498000653,0.09296833560863019,0.11857751459130439,2024
13,2024-12-07 15:30:00,Bochum,Werder Bremen,0.3037556070748476,0.2520890969276872,0.4441552959974653,1.4307321263455521,1.7602696478713133,0.2842187609500706,0.22231513885344545,-0.21406702133327524,0.06571941125176153,-0.010467056145010797,0.29171530152748937,0,1,0.269858787529158,0.2582206727031026,0.47192053976773934,0.25131905921418435,0.3116365838290044,0.4370443569568112,2024
13,2024-12-07 15:30:00,Ein Frankfurt,Augsburg,0.6183390777480342,0.21460743255777306,0.16705348969419276,2.196991999316045,1.079568336649291,0.2842187609500706,0.22231513885344545,0.1868001786834663,0.09375507326846191,-0.1265756091362247,-0.08108187886206474,2,2,0.6190400572619044,0.2226246145605457,0.1583353281775498,0.5375775889822344,0.2864435715408966,0.17597883947686896,2024
13,2024-12-07 15:30:00,Holstein Kiel,RB Leipzig,0.11460893568854905,0.1766711061977498,0.708719958113701,0.9733577164294515,2.559255794636061,0.2842187609500706,0.22231513885344545,-0.305838740225576,-0.2276987811534848,0.2250988924551351,0.4303988576030232,0,2,0.15048667347388744,0.20181054947971852,0.6477027770463939,0.23903845776070454,0.14532755414538134,0.6156339880939141,2024
13,2024-12-07 15:30:00,Leverkusen,St Pauli,0.7410649715765986,0.17833476179270477,0.0806002666306967,2.3331790745325645,0.6631690947633766,0.2842187609500706,0.22231513885344545,0.36677597104484944,-0.026078123561200033,-0.4336103647839844,-0.26133367258880946,2,1,0.746946192415116,0.16260053168220212,0.09045327590268197,0.8025507615804021,0.15249254238665993,0.04495669603293802,2024
13,2024-12-07 18:30:00,M'gladbach,Dortmund,0.3076182971701384,0.23648780823086774,0.4558938945989938,1.5807702359547096,1.9451604180326993,0.2842187609500706,0.22231513885344545,0.04808749945231147,-0.09670917989156493,0.30835630646993184,0.07276938338698974,1,1,0.2833210364133501,0.24864372206067448,0.4680352415259755,0.35691290385200913,0.22927076698377452,0.4138163291642163,2024
13,2024-12-08 15:30:00,Wolfsburg,Mainz,0.4283290245445225,0.2724692499115265,0.29920172554395097,1.5519417127277475,1.2654976466556525,0.2842187609500706,0.22231513885344545,0.04684624390673583,-0.11387327888659929,-0.0413414197702878,-0.007411899794706933,4,3,0.45199409158050224,0.2818316100443132,0.2661742983751847,0.4030572494912838,0.27013593256663865,0.32680681794207767,2024
13,2024-12-08 17:30:00,Hoffenheim,Freiburg,0.428709783191463,0.2523191524581325,0.31897106435040457,1.7361256627281478,1.478116827808928,0.2842187609500706,0.22231513885344545,0.09684520378451811,-0.05172310360550173,-0.062145936225380505,0.16869603920312778,1,1,0.3827699537970564,0.29174539161361007,0.3254846545893337,0.3498320108570752,0.3043638599071359,0.34580412923578896,2024
14,2024-12-13 20:30:00,Freiburg,Wolfsburg,0.41367393093811944,0.2677064891357346,0.31861957992614587,1.5706421428224153,1.3564954654048096,0.2884405077404053,0.2176324264627666,-0.07280585631274333,0.018217466015891557,0.08203202904567147,-0.06556802653894338,3,2,0.4179236912156167,0.27861579414374443,0.30346051464063883,0.45937969972545634,0.26566058066748843,0.27495971960705523,2024
14,2024-12-14 15:30:00,Augsburg,Leverkusen,0.19331676465123004,0.226212847498802,0.580470387849968,1.149157684607067,2.0906834504172345,0.2884405077404053,0.2176324264627666,-0.11124058994168577,-0.25580311842530784,0.36030220238005084,0.08874831216923415,0,2,0.15879396984924624,0.23819095477386937,0.6030150753768844,0.1035210574603748,0.2010488513726005,0.6954300911670248,2024
14,2024-12-14 15:30:00,M'gladbach,Holstein Kiel,0.710993245067883,0.17442174774655037,0.11458500718556683,2.5952860590312605,0.9905241841073338,0.2884405077404053,0.2176324264627666,0.03675639787815075,0.41086741315525915,-0.35429873321387745,0.056337228391776434,4,1,0.6705716660961417,0.1908240011736515,0.13860433273020684,0.5168453154603577,0.3249778225786416,0.15817686196100073,2024
14,2024-12-14 15:30:00,Mainz,Bayern Munich,0.21218142963459052,0.2209486557779788,0.5668699145874307,1.2915911675445413,2.1768131112561617,0.2884405077404053,0.2176324264627666,-0.01163158884173918,-0.23856642386581273,0.5632007063549354,-0.07377928244752778,2,1,0.15477217881412206,0.2148643114462417,0.6303635097396363,0.16090444180982638,0.11439150828033127,0.7247040499098424,2024
14,2024-12-14 15:30:00,Union Berlin,Bochum,0.5503353904092909,0.2631974501589525,0.18646715943175673,1.6912886144223869,0.8953164716544605,0.2884405077404053,0.2176324264627666,-0.26099899832473117,0.280416796246932,-0.2429889617087682,-0.15602956962660666,0,2,0.5812624933095938,0.2431812472009525,0.17555625948945372,0.593512592130083,0.23996782896757668,0.16651957890234034,2024
14,2024-12-14 18:30:00,St Pauli,Werder Bremen,0.32073313163806305,0.30258972204137047,0.3766771463205666,1.1390694552659169,1.254325309799251,0.2884405077404053,0.2176324264627666,-0.4179654241976498,0.04210415176271967,-0.025485182251274906,-0.0363574992186034,0,2,0.33483456434276104,0.29093856962709425,0.37422686603014477,0.49406601329015026,0.18235602036611712,0.32357796634373254,2024
14,2024-12-15 15:30:00,Heidenheim,Stuttgart,0.2993402143274306,0.24679513068861533,0.453864654983954,1.4593552172812496,1.8272551317278454,0.2884405077404053,0.2176324264627666,-0.050060988925316144,-0.07801723910488738,0.21424548636891583,0.10012891870830366,1,3,0.21400630681450386,0.23867871311392033,0.547314980071576,0.20635487506485087,0.3021842288630507,0.4914608960720984,2024
14,2024-12-15 17:30:00,Dortmund,Hoffenheim,0.6482571720949408,0.1865818146503085,0.1651610132547508,2.6064208805417746,1.2977070925226994,0.2884405077404053,0.2176324264627666,0.29340991042360504,0.15849512546436365,0.08368449870886993,-0.11152607424681767,1,1,0.7037681460513673,0.17659126911990028,0.11964058482873244,0.6811688770206481,0.19157077165771777,0.1272603513216341,2024
14,2024-12-15 19:30:00,RB Leipzig,Ein Frankfurt,0.5201933221552966,0.24209410543635684,0.23771257240834642,1.9218913744867905,1.2519880547262507,0.2884405077404053,0.2176324264627666,0.21531379150684882,-0.06807693367540316,0.18309681449310178,-0.24680459055458934,2,1,0.4227935019259756,0.2554848434098141,0.3217216546642103,0.5027555525756627,0.1835592825556533,0.31368516486868403,2024
15,2024-12-20 20:30:00,Bayern Munich,RB Leipzig,0.570660540414502,0.21668571213128052,0.2126537474542176,2.2354823280694527,1.3299701624724238,0.29371322189297566,0.20987175884863254,0.5514281723713551,-0.2505561415878722,0.21691147206482533,-0.22546818620705003,5,1,0.7876035482011187,0.13217757188950813,0.0802188799093732,0.7076431081205273,0.13086128468407066,0.16149560719540199,2024
15,2024-12-21 15:30:00,Ein Frankfurt,Mainz,0.4930967294050892,0.25194639203915087,0.2549568785557599,1.8057075927096344,1.2530859866304564,0.29371322189297566,0.20987175884863254,0.1804230672336103,-0.09305551488772126,-9.053206549317522e-05,-0.06801339166279935,1,3,0.461905197155549,0.26412810997568686,0.27396669286876396,0.5386044544895758,0.19863650336939292,0.2627590421410312,2024
15,2024-12-21 15:30:00,Hoffenheim,M'gladbach,0.43469975364152647,0.23840185653679696,0.3268983898216767,1.8930837250332604,1.628878260616728,0.29371322189297566,0.20987175884863254,0.07960980215984466,0.05501231710269435,0.05831854413004569,0.1358598282178517,1,2,0.4182978575805576,0.26273253864563945,0.31896960377380307,0.3809815045821108,0.24135079283011396,0.37766770258777527,2024
15,2024-12-21 15:30:00,Holstein Kiel,Augsburg,0.25279718269244195,0.24898779621957792,0.4982150210879801,1.265654596650975,1.8394817446417713,0.29371322189297566,0.20987175884863254,-0.35357294867086364,0.08557742397677512,-0.128157193863243,0.44392784339661073,5,1,0.27802595514635736,0.2804791253388253,0.4414949195148175,0.31630331011537466,0.19196605568687938,0.4917306341977459,2024
15,2024-12-21 15:30:00,Stuttgart,St Pauli,0.6658234478038902,0.21511206004476188,0.11906449215134782,2.06433703590659,0.7684160324036955,0.29371322189297566,0.20987175884863254,0.23046453509746226,-0.009240388960135982,-0.47079828219033365,-0.08633892334940593,0,1,0.6478183236319802,0.20657113573514335,0.1456105406328763,0.73510182078177,0.1268921966650009,0.1380059825532291,2024
15,2024-12-21 15:30:00,Werder Bremen,Union Berlin,0.4484572343850066,0.29222232939127535,0.259320436223718,1.420599441583797,1.0248262164113107,0.29371322189297566,0.20987175884863254,-0.012400719193700593,-0.14010533705116734,-0.29282779504568557,0.023637626404134172,4,1,0.4223189840523442,0.29277328342279074,0.284907732524865,0.3972747943977946,0.306902781007889,0.29582242459431657,2024
15,2024-12-21 18:30:00,Leverkusen,Freiburg,0.6524131401290822,0.20636478429004798,0.14122207558086963,2.2398303864454023,0.96827773828041,0.29371322189297566,0.20987175884863254,0.3575169426898909,-0.05470178076835411,-0.04813461476426991,-0.27781492027668714,5,1,0.6847464170245621,0.192282327204877,0.12297125577056087,0.8663887177024582,0.09685097720396052,0.036760305093581254,2024
15,2024-12-22 15:30:00,Bochum,Heidenheim,0.3400433100399678,0.25781179337834,0.40214489658169195,1.494247295650005,1.6383254100847764,0.29371322189297566,0.20987175884863254,-0.22024660832956466,0.11828422647083735,-0.059059937647165404,0.25902134450959485,2,0,0.4541905257678293,0.2732951587714732,0.2725143154606976,0.5305677228411603,0.15465780928094497,0.3147744678778948,2024
15,2024-12-22 17:30:00,Wolfsburg,Dortmund,0.3328784135697995,0.242125627570483,0.4249959588597174,1.6124034781058891,1.8358493951007504,0.29371322189297566,0.20987175884863254,0.09326730213073063,-0.1191263735151256,0.27472854471854147,0.03906549341000714,1,3,0.29994824598906417,0.2564073715712968,0.4436443824396391,0.3773291037919831,0.22341388649610538,0.3992570097119116,2024
16,2025-01-10 20:30:00,Dortmund,Leverkusen,0.3678034250479193,0.24582327637924106,0.38637329857283953,1.6758984272465902,1.7205568352816747,0.29738285100393475,0.22174192372005297,0.27389235231348985,-0.2766677310822434,0.37439838293649663,-0.12913325406518894,2,3,0.2615379726499469,0.25388659579050693,0.4845754315595462,0.18449580697696563,0.33061973751070284,0.4848844555123314,2024
16,2025-01-11 15:30:00,Freiburg,Holstein Kiel,0.6611352624152358,0.19461053829824587,0.1442541992865185,2.4121150456461167,1.0732913590336755,0.29738285100393475,0.22174192372005297,-0.058719475125769686,0.42009867532912826,-0.21110059153134236,-0.015552295839428269,3,2,0.6605588300574613,0.1953192433845471,0.14412192655799158,0.6173373959987564,0.258590502088746,0.12407210191249768,2024
16,2025-01-11 15:30:00,Heidenheim,Union Berlin,0.4112718744494832,0.2935087298546516,0.2952193956958652,1.3681617782830544,1.124361178564198,0.29738285100393475,0.22174192372005297,-0.10217920810806855,-0.10347749542876135,-0.2990590717689209,0.1188912538621853,2,0,0.30148502627896856,0.2860938988112735,0.4124210749097579,0.4411035312394224,0.35777628913336496,0.20112017962721254,2024
16,2025-01-11 15:30:00,Hoffenheim,Wolfsburg,0.4238424706053088,0.23915624468152863,0.3370012847131626,1.8664800809418343,1.6538726101482941,0.29738285100393475,0.22174192372005297,0.055428189730885355,0.049501382983819966,0.07206161189742241,0.13367511147662747,0,1,0.40835514885655205,0.27658938861504834,0.31505546252839944,0.3504082950903917,0.3008540679136967,0.3487376369959116,2024
16,2025-01-11 15:30:00,Mainz,Bochum,0.6359493745149625,0.21476916035137475,0.14928146513366275,2.1549711221603807,0.9670251545188182,0.29738285100393475,0.22174192372005297,0.01471739167964209,0.23393515667268075,-0.22176228739426718,-0.10915133453080361,2,0,0.5744760899350868,0.2414253947575301,0.18409851530738303,0.48330373223076484,0.3653397819800127,0.1513564857892225,2024
16,2025-01-11 15:30:00,St Pauli,Ein Frankfurt,0.24928165195960963,0.28866007813290995,0.46205826990748017,1.0105356337491362,1.4584702135463603,0.29738285100393475,0.22174192372005297,-0.46342157970674575,-0.045222674294876135,0.15652192536228393,-0.07651668891188798,0,1,0.27616693959106414,0.2793969622763397,0.44443609813259616,0.37440431983865174,0.16868782999729523,0.4569078501640531,2024
16,2025-01-11 18:30:00,M'gladbach,Bayern Munich,0.20041950238622713,0.20112121258510784,0.598459285028665,1.3998640204642208,2.4510948019174084,0.29738285100393475,0.22174192372005297,0.051168668587791226,-0.23391833964766137,0.5611036215442687,0.03804831012263531,0,1,0.11820415861308788,0.16904240736172566,0.7127534340251865,0.17656494653454016,0.17687362227158182,0.646561431193878,2024
16,2025-01-12 15:30:00,RB Leipzig,Werder Bremen,0.5883361730428133,0.22509500458871237,0.18656882236847439,2.096413615562519,1.1199954217649157,0.29738285100393475,0.22174192372005297,0.20134486022985715,0.01975844770596947,0.02053051076120939,-0.20458876417639232,4,2,0.5065549692650818,0.248000870369363,0.24544416036555516,0.8019229988102977,0.09196035214741922,0.10611664904228307,2024
16,2025-01-12 17:30:00,Augsburg,Stuttgart,0.26409067179920886,0.24711301683231235,0.48879631136847873,1.3249898081214107,1.854995950797073,0.29738285100393475,0.22174192372005297,-0.14901214244109845,-0.08870786485812819,0.19250877905788713,0.12799088313647333,0,1,0.24157603543666728,0.2614315999931057,0.49699236457022705,0.29331894470731096,0.3279715470413911,0.37870950825129795,2024
17,2025-01-14 18:30:00,Holstein Kiel,Dortmund,0.14665027940620123,0.1739929427523774,0.6793567778414215,1.2735903079717197,2.759308467655411,0.292534516881152,0.22292192218400014,-0.1712966984693805,-0.10231981446357413,0.28391924421092946,0.4385263320454649,4,2,0.14724993367499484,0.19920241549352122,0.6535476508314839,0.28937607524033243,0.15504425753262807,0.5555796672270394,2024
17,2025-01-14 20:30:00,Ein Frankfurt,Freiburg,0.5376035149975071,0.23894480628615725,0.22345167871633537,1.9573469785045234,1.2099527566968327,0.292534516881152,0.22292192218400014,0.15386482620745576,0.002268708654004268,-0.043898177886083405,-0.05805502420086218,4,1,0.561794936074204,0.23013286537979438,0.2080721985460015,0.648009582051231,0.15007798432271907,0.20191243362605,2024
17,2025-01-14 20:30:00,Leverkusen,Mainz,0.6262538382471916,0.2135094641196891,0.16023669763311915,2.1966584849646025,1.0447252651117032,0.292534516881152,0.22292192218400014,0.3929009486244138,-0.12142005244901127,0.016073923233832443,-0.2648544934629047,1,0,0.7031601672675933,0.1864128318682119,0.1104270008641948,0.7755448209103518,0.16474701418263651,0.059708164907011495,2024
17,2025-01-14 20:30:00,Wolfsburg,M'gladbach,0.4609700759465495,0.24824108145324933,0.2907888426002013,1.8198393293683168,1.4170305554384912,0.292534516881152,0.22292192218400014,0.06444735413539045,0.018844423424343885,0.0317668363987998,0.024262170667162665,5,1,0.5024804377844831,0.25459008847747144,0.2429294737380453,0.46972268367749764,0.1525119809752213,0.37776533534728096,2024
17,2025-01-15 18:30:00,Bochum,St Pauli,0.3899873623801576,0.3137681701350679,0.2962444674847745,1.2093206003021602,1.021693357867751,0.292534516881152,0.22292192218400014,-0.2367938902659505,-0.08860383423719388,-0.50544063979333,0.2343675284470238,1,0,0.3726725291147275,0.29720924440302254,0.3301182264822499,0.5294852157340294,0.18234612294843275,0.2881686613175377,2024
17,2025-01-15 20:30:00,Bayern Munich,Hoffenheim,0.7944903717656813,0.12543670881325764,0.0800729194210612,3.2932401699482807,1.0665556942946297,0.292534516881152,0.22292192218400014,0.5497408697695884,0.12667462537955715,0.0300714944748395,-0.2581715322293874,5,0,0.8622956152352159,0.09133092871289024,0.04637345605189388,0.8367862620867461,0.09132150981380453,0.07189222809944924,2024
17,2025-01-15 20:30:00,Stuttgart,RB Leipzig,0.4067073935349768,0.2546964736288539,0.3385961328361693,1.6758718264111752,1.51647195265992,0.292534516881152,0.22292192218400014,0.18457023756425253,-0.18369315338226358,0.2306767519603405,-0.10682471565011945,2,1,0.4786921854645919,0.2506835392301416,0.2706242753052665,0.5539664223806927,0.1787767055604993,0.267256872058808,2024
17,2025-01-15 20:30:00,Union Berlin,Augsburg,0.4333496846686542,0.2969216226944971,0.2697286926368486,1.3720660251693466,1.0327501184946923,0.292534516881152,0.22292192218400014,-0.31763133641890007,0.1184925488008255,-0.1695488834235199,-0.09076037142584792,0,2,0.4457123980840553,0.29080016216459703,0.26348743975134764,0.38783228692836635,0.2883567110835391,0.32381100198809454,2024
17,2025-01-15 20:30:00,Werder Bremen,Heidenheim,0.5122539237221636,0.24097842540960038,0.24676765086823615,1.9337271311543396,1.3000232283998336,0.292534516881152,0.22292192218400014,0.04016672637315301,0.1038261312323737,-0.08435014438310083,0.05419775980968108,3,3,0.5470513034294926,0.23856372630759826,0.21438497026290923,0.599148163764133,0.19236375222119764,0.20848808401466934,2024
18,2025-01-17 20:30:00,Ein Frankfurt,Dortmund,0.43449715612442863,0.23767539992731485,0.3278274439482566,1.9010253135860768,1.638993628223089,0.28715816811936257,0.24249656154926785,0.17511137900889032,-0.062372729328229605,0.2707188709841733,-0.06379462694971175,2,0,0.34598443607335594,0.27051474321882785,0.38350082070781616,0.551536975385361,0.17940481602498903,0.26905820858965007,2024
18,2025-01-18 15:30:00,Bayern Munich,Wolfsburg,0.7501983208767169,0.1471565635190403,0.10264511560424283,3.020572674259738,1.115971051875757,0.28715816811936257,0.24249656154926785,0.5587152566394752,0.01707645434002431,0.1038063568392358,-0.2812396005153347,3,2,0.834430378643991,0.11184090156650227,0.0537287197895067,0.8932676907576497,0.07774025694089468,0.02899205230145569,2024
18,2025-01-18 15:30:00,Bochum,RB Leipzig,0.1877699907307377,0.22833023407217112,0.5838997751970911,1.1041751091475531,2.058446038797195,0.28715816811936257,0.24249656154926785,-0.24692378849771593,-0.18363239253548885,0.2171078434365291,0.21768533648194627,3,3,0.2865013774104683,0.2718089990817264,0.44168962350780533,0.256082010028912,0.24102354676669394,0.502894443204394,2024
18,2025-01-18 15:30:00,Heidenheim,St Pauli,0.4983840095313242,0.29118263341281947,0.21043335705585636,1.457732908976281,0.8631548647436594,0.28715816811936257,0.24249656154926785,-0.05361622302468403,-0.0991560798413689,-0.5524293058425958,0.11810998302282863,0,2,0.39963676532445425,0.2809211379780723,0.3194420966974735,0.39006719926285177,0.34372308365539767,0.26620971708175045,2024
18,2025-01-18 15:30:00,Holstein Kiel,Hoffenheim,0.3402808241256227,0.2254535771392455,0.4342655987351318,1.8087871843637564,2.048845697754739,0.28715816811936257,0.24249656154926785,-0.08190842201920508,0.14491024914774148,0.008716002209842177,0.4214023899692833,1,3,0.3324342575516442,0.27654675918064314,0.39101898326771267,0.418127964527935,0.17017318268817508,0.41169885278388996,2024
18,2025-01-18 15:30:00,Stuttgart,Freiburg,0.5873914727733363,0.22528854262786369,0.18731998459880006,2.0949832036281224,1.1228033463679687,0.28715816811936257,0.24249656154926785,0.18213917665286009,0.027751629659193342,-0.0515011158673482,-0.1198285063732657,4,0,0.6033223757205448,0.22014996619825886,0.17652765808119644,0.5700330338966653,0.1889853501488765,0.24098161595445824,2024
18,2025-01-18 18:30:00,Leverkusen,M'gladbach,0.7088968508037279,0.17384376553392786,0.11725938366234413,2.6192543554214596,1.0188670030417,0.28715816811936257,0.24249656154926785,0.3728930816863415,0.06034186874519255,0.020575387838881305,-0.2890423273685356,3,1,0.7572429321132784,0.15266017511403693,0.09009689277268469,0.7204691586000729,0.2320808853677631,0.04744995603216391,2024
18,2025-01-19 15:30:00,Union Berlin,Mainz,0.29762656368593143,0.312030729739814,0.3903427065742543,1.0335544423300547,1.2199089372881857,0.28715816811936257,0.24249656154926785,-0.35038872962478507,-0.1462622236621095,-0.0076450419056277655,-0.08073691182145096,2,1,0.3431373340980508,0.3009216999345682,0.355940965967381,0.3325967676406386,0.29154016686262796,0.3758630654967335,2024
18,2025-01-19 17:30:00,Werder Bremen,Augsburg,0.5360793831272028,0.23796085009791168,0.22595976677488544,1.9695195202175901,1.228835268140857,0.28715816811936257,0.24249656154926785,0.05255742600187991,0.09557745896463742,-0.15809746314485457,0.07700607931139326,0,2,0.49821201035800894,0.25714168276542393,0.24464630687656705,0.46202298906439565,0.25610817188753454,0.2818688390480699,2024
19,2025-01-24 20:30:00,Wolfsburg,Holstein Kiel,0.7207959071941971,0.15717892096043837,0.12202517184536463,2.953364426334211,1.2185264286092297,0.2904712566874592,0.24084242099531816,0.11218431165714603,0.4394470146576711,-0.11066979839642907,0.01784082501870242,2,2,0.6535612077286506,0.19593416083856874,0.15050463143278073,0.5935536347736068,0.2856441952274317,0.12080216999896148,2024
19,2025-01-25 15:30:00,Augsburg,Heidenheim,0.448306354080642,0.26110028281103353,0.29059336310832473,1.6776760084709728,1.3175334932111868,0.2904712566874592,0.24084242099531816,-0.14799854478992422,0.1340943745493521,-0.08413392073591255,0.06942408695087755,2,1,0.48437869279800766,0.27031898719888814,0.24530232000310415,0.42409563788538374,0.24777067831912775,0.32813368379548846,2024
19,2025-01-25 15:30:00,Dortmund,Werder Bremen,0.6087901094674084,0.2047594042413971,0.18645048629119454,2.3711466169395092,1.2782262629085561,0.2904712566874592,0.24084242099531816,0.24688324613911253,0.08517671894525727,0.018538602793579325,-0.06353647466684202,2,2,0.6351448374892993,0.20227542595200618,0.16257973655869437,0.6422522771572061,0.16942445875268972,0.18832326409010416,2024
19,2025-01-25 15:30:00,Freiburg,Bayern Munich,0.1659081885627227,0.19615116779369027,0.637940643643587,1.216005813393887,2.4545496194827106,0.2904712566874592,0.24084242099531816,-0.07200300572027538,-0.2637391076784027,0.5548746147396645,0.05259741860368476,1,2,0.08175144627544953,0.1426067829647976,0.7756417707597529,0.2005451077223644,0.1847921230548881,0.6146627692227474,2024
19,2025-01-25 15:30:00,Mainz,Stuttgart,0.37010619021979224,0.271083259652742,0.35881055012746566,1.4607396781514674,1.4354573602927139,0.2904712566874592,0.24084242099531816,-0.01413649896708894,-0.13823424241765217,0.20269951913154843,-0.13168725941319073,2,0,0.29480738944004414,0.2768625918219545,0.4283300187380014,0.4041858485402191,0.27158271105469955,0.32423144040508145,2024
19,2025-01-25 15:30:00,RB Leipzig,Leverkusen,0.3588642921468048,0.2517173156186688,0.38941839223452623,1.5975597515555722,1.6697651831651954,0.2904712566874592,0.24084242099531816,0.22612009469076985,-0.28895646263879793,0.3737670895412345,-0.15155533856950226,2,2,0.268218374560898,0.27049785083195377,0.46128377460714826,0.2570783453984437,0.2537833473378513,0.48913830726370494,2024
19,2025-01-25 18:30:00,M'gladbach,Bochum,0.5970199779197873,0.21872577007963215,0.1842542520005805,2.1738299585397494,1.1527830081015393,0.2904712566874592,0.24084242099531816,0.016600611965616352,0.22857628004852,-0.2130488329012084,0.0647566021323222,3,0,0.5477006179003678,0.24005014487320908,0.21224923722642317,0.5520155347706697,0.28842258889149386,0.15956187633783644,2024
19,2025-01-26 15:30:00,Hoffenheim,Ein Frankfurt,0.32962717760239163,0.24431235341412502,0.4260604689834834,1.5818277709137825,1.8141574953056518,0.2904712566874592,0.24084242099531816,0.017382490278182804,-0.09011517248529023,0.17015466386425387,0.13499524948136973,2,2,0.29049851124672027,0.2514076825565284,0.4580938061967512,0.3118953516538465,0.2968666331797323,0.3912380151664211,2024
19,2025-01-26 17:30:00,St Pauli,Union Berlin,0.3513130923592456,0.35752956023500243,0.29115734740575205,0.9423238423362437,0.8328077124545712,0.2904712566874592,0.24084242099531816,-0.5069779473324157,-0.08374201216222037,-0.3323838210577875,-0.1410399364814874,3,0,0.4015865146256817,0.30342092216162614,0.29499256321269207,0.3580505311551936,0.19023666474182827,0.45171280410297815,2024
20,2025-01-31 20:30:00,Werder Bremen,Mainz,0.38312677837560716,0.26853719157599587,0.34833603004839675,1.5083526746476048,1.4299630874412206,0.28867410099304003,0.25014574093288827,0.025811316807552383,-0.15361304736112674,-0.0111981374567103,0.08017266742415806,1,0,0.40486884199562223,0.28185559501760127,0.3132755629867765,0.4091174750136796,0.23958435144587517,0.3512981735404451,2024
20,2025-02-01 15:30:00,Bayern Munich,Holstein Kiel,0.913931848021623,0.05802922153946664,0.02803893043891046,4.494205751617093,0.9331711969911103,0.28867410099304003,0.25014574093288827,0.5448797829204061,0.4190893314951763,-0.09096668403340197,-0.26687402104674846,4,3,0.924822886041101,0.05319777663068281,0.021979337328216296,0.9239916106195127,0.04906408878045292,0.02694430060003415,2024
20,2025-02-01 15:30:00,Bochum,Freiburg,0.3348288966506132,0.2656822187441242,0.39948888460526266,1.4169618553249193,1.5636734537407542,0.28867410099304003,0.25014574093288827,-0.23698259499697902,0.046677794098222064,-0.07878908837117767,0.2371528185334485,0,1,0.34296101311333327,0.2889186716530504,0.3681203152336163,0.46634492917622333,0.14494209937422012,0.3887129714495565,2024
20,2025-02-01 15:30:00,Heidenheim,Dortmund,0.28605259943548766,0.23847013357210287,0.4754772669924095,1.4820268484842456,1.9427402653491601,0.28867410099304003,0.25014574093288827,-0.09303647517955345,-0.052372723650448684,0.238227461899923,0.13719792144331908,1,2,0.2046605456825765,0.23432878203459614,0.5610106722828273,0.23466473618174707,0.2027166567368449,0.562618607081408,2024
20,2025-02-01 15:30:00,St Pauli,Augsburg,0.3950164056774602,0.3179142641179686,0.28706933020457115,1.193084840729119,0.9793272296462823,0.28867410099304003,0.25014574093288827,-0.4276796263750585,0.06540204048403667,-0.14623655133284924,-0.1633269930879203,1,1,0.44862162845708675,0.2931178124581579,0.2582605590847553,0.4584920931404572,0.19468120399958833,0.3468267028599544,2024
20,2025-02-01 15:30:00,Stuttgart,M'gladbach,0.5829045036224009,0.22115143747195595,0.19594405890564304,2.1579280236420795,1.2010768191587933,0.28867410099304003,0.25014574093288827,0.18050900354504432,0.04981966753815356,0.02389577018073618,-0.12935136745801212,1,2,0.5755401387512389,0.22374628344895936,0.20071357779980176,0.5062660633470192,0.2726343776042613,0.22109955904871953,2024
20,2025-02-01 18:30:00,Union Berlin,RB Leipzig,0.23795108482732108,0.27456795316219157,0.4874809620104874,1.0457408500899428,1.5879708730292963,0.28867410099304003,0.25014574093288827,-0.34965150537084194,-0.14444275486835711,0.22684029398056854,-0.05305737423797768,0,0,0.3132212279558395,0.2785203338965919,0.40825843814756857,0.21995275658093152,0.23995604119172106,0.5400912022273474,2024
20,2025-02-02 15:30:00,Ein Frankfurt,Wolfsburg,0.5349030685148787,0.2286263239714907,0.2364706075136307,2.087357196264837,1.3516297069668524,0.28867410099304003,0.25014574093288827,0.16832619291775794,0.028752731584258284,0.09590178925026999,-0.08326483551553508,1,1,0.46388629328972725,0.26692898440693796,0.2691847223033347,0.6469285908274003,0.15840235613527381,0.1946690530373259,2024
20,2025-02-02 17:30:00,Leverkusen,Hoffenheim,0.7435467395396875,0.15485858321244955,0.10159467724786278,2.8570732625626754,1.0298421318718223,0.28867410099304003,0.25014574093288827,0.37363154939865384,0.13734637477436853,0.02039227405960988,-0.2796608545855134,3,1,0.8388984202227358,0.10250205777641144,0.05859952200085286,0.8464681641986412,0.08789430257170487,0.06563753322965375,2024
21,2025-02-07 20:30:00,Bayern Munich,Werder Bremen,0.7703023050984619,0.13761509853950812,0.09208259636202987,3.134881453161428,1.091124429713131,0.29003694359546994,0.242348136002004,0.5458345958572407,0.06437168393160715,0.020888459018587525,-0.2237166512003374,3,0,0.8724196216643889,0.08030640868877222,0.047273969646838804,0.8527407380777224,0.0738268849747155,0.07343237694756208,2024
21,2025-02-08 15:30:00,Dortmund,Stuttgart,0.4708052520757202,0.23852309788376472,0.2906716500405151,1.9377952741788518,1.499281396017292,0.29003694359546994,0.242348136002004,0.24220487432379778,-0.11303908371136089,0.17003154646852733,-0.05508256606800898,1,2,0.4883059484555487,0.24730740541934762,0.2643866461251037,0.584377004756281,0.18616387507873328,0.2294591201649858,2024
21,2025-02-08 15:30:00,Freiburg,Heidenheim,0.4923835254756192,0.2524221284852512,0.2551943460391297,1.8003819024140209,1.250650336800086,0.29003694359546994,0.242348136002004,-0.08597079347115037,0.14158452427913618,-0.09877348734522945,0.03240022921081684,1,0,0.5621529692692829,0.25082940886030997,0.1870176218704072,0.5451810688899102,0.3141012489342454,0.1407176821758443,2024
21,2025-02-08 15:30:00,Hoffenheim,Union Berlin,0.49107647142465616,0.27073565939029465,0.23818786918504914,1.623169904359502,1.068164118633595,0.29003694359546994,0.242348136002004,0.02407799428758485,-0.0720821054592762,-0.3664532863234482,0.14235774059266929,0,4,0.40969357007092855,0.27390941541884933,0.316397014510222,0.3897666788098364,0.3163429539880421,0.29389036720212164,2024
21,2025-02-08 15:30:00,Mainz,Augsburg,0.5453220600284063,0.25562378889481924,0.19905415107677446,1.7693369571384734,0.9915817525426789,0.29003694359546994,0.242348136002004,-0.02918071429905383,0.06740051062029016,-0.14132741309146515,-0.15716341152883606,0,0,0.529021174139585,0.2689686306720924,0.20201019518832253,0.5173143735919645,0.2617274650751576,0.22095816133287774,2024
21,2025-02-08 15:30:00,Wolfsburg,Leverkusen,0.2659467631950977,0.23619215824570222,0.4978610785592002,1.4205940902756187,1.9854054283610485,0.29003694359546994,0.242348136002004,0.09341287153551238,-0.27472279358004514,0.378203042230833,0.0175831534831881,0,0,0.2643151183700159,0.2864732720058257,0.4492116096241585,0.21951767626364466,0.18864679209459112,0.5918355316417643,2024
21,2025-02-08 18:30:00,M'gladbach,Ein Frankfurt,0.3737438567496913,0.2525269320339725,0.3737292112163363,1.626922667474513,1.6268881287129935,0.29003694359546994,0.242348136002004,0.038703888998691566,-0.08439867223595907,0.15732523957287745,0.03930688346236078,1,1,0.37069228781507674,0.2656628062674717,0.36364490591745174,0.3718128607420918,0.27409219303594645,0.3540949462219618,2024
21,2025-02-09 15:30:00,Holstein Kiel,Bochum,0.4923117541073847,0.22739370343070128,0.280294542461914,2.0931433985043775,1.5608514849931578,0.29003694359546994,0.242348136002004,-0.028086907831473818,0.23436878273094613,-0.258869741879097,0.41406429435105474,2,2,0.4164321631222033,0.2705632698251603,0.31300456705263646,0.32332383248441837,0.36217323083128256,0.3145029366842991,2024
21,2025-02-09 17:30:00,RB Leipzig,St Pauli,0.6144643241358595,0.24627893585086852,0.13925674001327198,1.7951106876075071,0.7427583140217401,0.29003694359546994,0.242348136002004,0.20981201460467386,-0.15713040975778048,-0.43068968606764463,-0.1567318286630937,2,0,0.573292533453751,0.239349632716941,0.187357833829308,0.7001318928156188,0.16233645122930485,0.1375316559550763,2024
22,2025-02-14 20:30:00,Augsburg,RB Leipzig,0.2596239225385872,0.257584138467258,0.4827919389941549,1.2318174633754346,1.7424537012136574,0.28601986151556275,0.23667713484249658,-0.15269824862033565,-0.16150805644820898,0.2185013776019041,0.050773053859929966,0,0,0.3128419369503535,0.2866156667868508,0.40054239626279564,0.35865652610426874,0.2200294247009075,0.4213140491948237,2024
22,2025-02-15 15:30:00,Bochum,Dortmund,0.21143883273950084,0.22308489970378778,0.5654762675567113,1.2703076784250256,2.1478673438960696,0.28601986151556275,0.23667713484249658,-0.24320136235839288,-0.04023649639455243,0.23784913490765583,0.24060642035357444,2,0,0.1739809297078694,0.21542357813266527,0.6105954921594653,0.24950034267968782,0.12616778916628515,0.6243318681540271,2024
22,2025-02-15 15:30:00,St Pauli,Freiburg,0.350608969067014,0.3221679272057192,0.32722310372726693,1.0979782650801204,1.0519653036759518,0.28601986151556275,0.23667713484249658,-0.45123468991664245,0.022008241441000474,-0.09171265779691669,-0.14364707124364667,0,1,0.38385644547475695,0.308566274497393,0.30757728002785006,0.37972272708767724,0.22404873749360169,0.396228535418721,2024
22,2025-02-15 15:30:00,Stuttgart,Wolfsburg,0.5356928910778939,0.23392661992035438,0.23038048900175187,2.019170815270262,1.2800183561997482,0.28601986151556275,0.23667713484249658,0.18293650157094796,-0.00294655827891584,0.07981257376220983,-0.11895801666802146,1,2,0.6070447265753479,0.21266755387783812,0.18028771954681386,0.5467838789553776,0.2600511241591395,0.19316499688548294,2024
22,2025-02-15 15:30:00,Union Berlin,M'gladbach,0.3615069013349137,0.2914126673017289,0.3470804313633574,1.2967621392364825,1.2661645760951872,0.28601986151556275,0.23667713484249658,-0.30137326243189566,0.03854676155680325,0.03647030919950629,-0.08649785852632166,1,2,0.4464580512325871,0.2703900873662147,0.2831518614011983,0.37076789466739807,0.2434167727464012,0.38581533258620077,2024
22,2025-02-15 18:30:00,Leverkusen,Bayern Munich,0.4221264406131926,0.23467057450290646,0.343202984883901,1.9143879885739097,1.7184130180908503,0.28601986151556275,0.23667713484249658,0.36174178225557463,-0.23504079527227809,0.5500868058552768,-0.2947054663624883,0,0,0.3141751053792688,0.2745656365062377,0.4112592581144935,0.3038664792800604,0.38757819314703157,0.30855532757290804,2024
22,2025-02-16 15:30:00,Werder Bremen,Hoffenheim,0.5087692182910648,0.23105767491439222,0.260173106794543,2.053742328442057,1.4401110815681784,0.28601986151556275,0.23667713484249658,0.01181097625419296,0.1851556823597561,0.008614254302829838,0.07008613477228315,1,3,0.5083910043324672,0.2508596031876741,0.24074939247985852,0.5021289815838454,0.2222505849202342,0.2756204334959203,2024
22,2025-02-16 17:30:00,Ein Frankfurt,Holstein Kiel,0.7371979911980759,0.15044143847165084,0.11236057033027312,3.02688264011106,1.1890921666139729,0.28601986151556275,0.23667713484249658,0.15480542646474438,0.43003083544139614,-0.02711338502284302,-0.08571634571261963,3,1,0.7167731466789612,0.1696954092844184,0.11353144403662033,0.6996829942691849,0.20721316598329076,0.09310383974752436,2024
22,2025-02-16 19:30:00,Heidenheim,Mainz,0.318210707763724,0.280161286426295,0.40162800580998104,1.268672079480558,1.450481400175275,0.28601986151556275,0.23667713484249658,-0.11733045090013905,-0.16739579872368723,-0.05030821632782942,0.13618385626578408,0,2,0.25762243242949046,0.2794039208856281,0.46297364668488145,0.39331692441510596,0.17522035484797557,0.43146272073691844,2024
23,2025-02-21 20:30:00,Freiburg,Werder Bremen,0.4441248724321117,0.2592098507953635,0.29666527677252486,1.6905302818831822,1.3516572994009193,0.2825136613555576,0.22968255173629246,-0.08549650897821466,0.0983425518661086,0.0041066702368839575,0.014711137123195495,5,0,0.48156522655056794,0.274588768147745,0.2438460053016871,0.4223385913903598,0.2677470049576863,0.3099144036519539,2024
23,2025-02-22 15:30:00,Holstein Kiel,Leverkusen,0.1203411815594224,0.15928799608509986,0.7203708223554777,1.1796798666179928,2.9002296595086454,0.2825136613555576,0.22968255173629246,-0.02633642066992824,-0.3206166902289861,0.3472640173215231,0.4350122481137685,0,2,0.06596002708960043,0.13702297891106105,0.7970169939993386,0.1115470272090313,0.12816497253992645,0.7602880002510423,2024
23,2025-02-22 15:30:00,M'gladbach,Augsburg,0.516173541087579,0.25103614424586507,0.23279031466655592,1.822243799986276,1.1680496969778802,0.2825136613555576,0.22968255173629246,0.05348426016606913,0.034388125621787786,-0.16893479599645292,0.041756566924188554,0,3,0.4940982706560527,0.26626406807576175,0.23963766126818556,0.5353346545881844,0.2539286345971607,0.210736710814655,2024
23,2025-02-22 15:30:00,Mainz,St Pauli,0.5321713680908278,0.29847625935965777,0.16935237254951443,1.4045099867530866,0.6817492587876266,0.2825136613555576,0.22968255173629246,-0.03691945464622405,-0.1355882803689889,-0.48569209754086934,-0.17991490829192147,2,0,0.5452588513730481,0.2658325701984944,0.18890857842845757,0.5826045410057691,0.25287575381964805,0.1645197051745829,2024
23,2025-02-22 15:30:00,Wolfsburg,Bochum,0.644074239713105,0.2044459186445343,0.15147984164236084,2.2950016404772335,1.0512329300703407,0.2825136613555576,0.22968255173629246,0.09586795155799338,0.22266939366730434,-0.22398761557280936,-0.008562351354778008,1,1,0.5884756954993856,0.2230733450381392,0.18845095946247517,0.5082239347323825,0.3562208377615877,0.13555522750602975,2024
23,2025-02-22 18:30:00,Dortmund,Union Berlin,0.5912677559190961,0.23709995814445076,0.17163228593645305,1.9378734394076451,0.9620149172015601,0.2825136613555576,0.22968255173629246,0.21702565539497512,-0.06763066189391542,-0.2985923388251957,-0.022646644520487993,6,0,0.6416408142683314,0.20874340900869298,0.14961577672297557,0.5254922047252756,0.29925674592965745,0.1752510493450669,2024
23,2025-02-23 15:30:00,RB Leipzig,Heidenheim,0.6773480761083468,0.19322011273505024,0.1294318111566029,2.3783713187491786,0.9729013425496678,0.2825136613555576,0.22968255173629246,0.20216640585692205,0.15205331462761848,-0.1357696303101815,-0.1742166281008732,2,2,0.7299035325957348,0.16923427038945357,0.10086219701481146,0.6542413084596987,0.2522305294497857,0.09352816209051555,2024
23,2025-02-23 17:30:00,Bayern Munich,Ein Frankfurt,0.6750371646193052,0.18033183734543393,0.14463099803526075,2.6389433345186286,1.1958448648321138,0.2825136613555576,0.22968255173629246,0.5392896605253059,-0.08110728865745069,0.16078641682472258,-0.264447142743962,4,0,0.7620923593275144,0.14368257151725383,0.09422506915523175,0.6333259462663012,0.25913232888279847,0.10754172485090038,2024
23,2025-02-23 19:30:00,Hoffenheim,Stuttgart,0.3120798778522421,0.23965795288525973,0.44826216926249807,1.566892063710522,1.898684284383104,0.2825136613555576,0.22968255173629246,0.03689937917926539,-0.10000151211804861,0.17718627834061257,0.18146122469625522,1,1,0.2805220410175085,0.24919100786490364,0.4702869511175878,0.294338213166749,0.2755808265187622,0.4300809603144887,2024
24,2025-02-28 20:30:00,Stuttgart,Bayern Munich,0.27237560654746273,0.2317030228179822,0.495921370634555,1.4870809109537828,2.0398433375834757,0.2740485569338898,0.2428824745138232,0.1641931611972228,-0.28430911443888096,0.549468891304001,-0.11064443863289375,1,3,0.21525083772714715,0.23301425637453307,0.5517349058983196,0.298686656439898,0.23616530185999415,0.46514804170010793,2024
24,2025-03-01 15:30:00,Bochum,Hoffenheim,0.3588112824091684,0.25251978021842997,0.3886689373724017,1.5901585301451542,1.6605547936290703,0.2740485569338898,0.2428824745138232,-0.22449321012245638,0.1713958944305285,0.026541414821038167,0.2065617878063504,0,1,0.3915729218322315,0.2764707949535929,0.33195628321417553,0.4013264240856776,0.22383248971971928,0.37484108619460316,2024
24,2025-03-01 15:30:00,Heidenheim,M'gladbach,0.37961284429014897,0.25708844541620607,0.3632987102936451,1.5988401103922754,1.5608710657372453,0.2740485569338898,0.2428824745138232,-0.11405736352015242,0.06640476742380723,0.027484894034528407,0.1437105899320428,0,3,0.3535565762399933,0.27934061854530085,0.36710280521470573,0.4012382521636596,0.22283274031743894,0.3759290075189015,2024
24,2025-03-01 15:30:00,RB Leipzig,Mainz,0.5014457610050611,0.2640830982897909,0.234471140705148,1.688081752854086,1.0926817043322974,0.2740485569338898,0.2428824745138232,0.19722746940276376,-0.19056567406389643,-0.02802663715859868,-0.15738696586231676,1,2,0.4962874810087077,0.25748248342656066,0.24623003556473153,0.6076390810411203,0.17031354410327113,0.22204737485560855,2024
24,2025-03-01 15:30:00,St Pauli,Dortmund,0.2302171762150947,0.28263096831125534,0.48715185547365,0.9749424590588643,1.5206175988943298,0.2740485569338898,0.2428824745138232,-0.5093494806421337,-0.03295837688128521,0.26404938897493396,-0.11898137851219154,0,2,0.2205672511190602,0.2635899841670087,0.515842764713931,0.237668166509074,0.21547181184471972,0.5468600216462063,2024
24,2025-03-01 15:30:00,Werder Bremen,Wolfsburg,0.37495752381791375,0.25143882212516266,0.3736036540569236,1.6398936049459012,1.6366906497252998,0.2740485569338898,0.2428824745138232,-0.013608299278578994,-0.008691367470490041,0.07925974603912991,0.1393680036579163,1,2,0.3154369674543642,0.2747645791006496,0.40979845344498605,0.35201143480643754,0.28731927685029796,0.36066928834326445,2024
24,2025-03-01 18:30:00,Ein Frankfurt,Leverkusen,0.2960560332831449,0.25525737099990986,0.44868659571694525,1.3797203916010732,1.7342967754134928,0.2740485569338898,0.2428824745138232,0.14698286079866496,-0.3420330283882436,0.33739858520810656,-0.06084512767077319,1,4,0.22942604009887752,0.24652978087745703,0.5240441790236655,0.45299916993009354,0.19874299167294757,0.3482578383969589,2024
24,2025-03-02 15:30:00,Union Berlin,Holstein Kiel,0.5123751225330628,0.24695867561016277,0.24066620185677454,1.865940441996727,1.229675981632664,0.2740485569338898,0.2428824745138232,-0.3134304603505489,0.4202646133463353,-0.058835306690974074,-0.008462545129192702,0,1,0.6102366568069927,0.22542860027928907,0.16433474291371844,0.6327992638162229,0.2235688610266591,0.1436318751571181,2024
24,2025-03-02 17:30:00,Augsburg,Freiburg,0.3997752761122708,0.2789324969646468,0.32129222692308235,1.456795910477238,1.2851373613816426,0.2740485569338898,0.2428824745138232,-0.13882337974690795,-0.0018682094692295769,-0.034207606924169874,0.011024658641333588,0,0,0.3804492882562277,0.3082740213523132,0.31127669039145905,0.32285508937359125,0.2958024019974181,0.38134250862899066,2024
25,2025-03-07 20:30:00,M'gladbach,Mainz,0.3729763523212163,0.27602689125827495,0.35099675642050854,1.428736892082715,1.3802016335068419,0.2813250524882365,0.21809734787248936,0.053152048747440256,-0.19578368741866786,-0.009055050658917452,0.04995959790342898,1,3,0.35376330501247594,0.28032121537538296,0.3659154796121411,0.46925585681964516,0.22574730543686045,0.30499683774349434,2024
25,2025-03-08 15:30:00,Bayern Munich,Bochum,0.8671437086324043,0.09196880775204692,0.04088748361554881,3.5376434231943907,0.776058012562055,0.2813250524882365,0.21809734787248936,0.5635343691220701,0.20050403632387995,-0.24532757223485324,-0.28952548339031925,2,3,0.8175486683378902,0.11693544522681314,0.06551588643529667,0.8202525818149237,0.13257499588929847,0.047172422295777845,2024
25,2025-03-08 15:30:00,Dortmund,Augsburg,0.6091293509166174,0.21866437636656325,0.17220627271681938,2.15483120398746,1.0823428378635254,0.2813250524882365,0.21809734787248936,0.27286412946634064,-0.004574136955151216,-0.15862473504820285,-0.04357233150748982,0,1,0.6844282238442823,0.1975669099756691,0.11800486618004867,0.5758709534019778,0.21748763335172905,0.20664141324629315,2024
25,2025-03-08 15:30:00,Holstein Kiel,Stuttgart,0.219379829706346,0.21184557158380568,0.5687745987098483,1.4106277944553636,2.3108769900015216,0.2813250524882365,0.21809734787248936,-0.06200830508271336,-0.09337924568518015,0.16656684527149432,0.3897352040766992,2,2,0.16094857794800752,0.20169505337788282,0.6373563686741097,0.2578456883094238,0.21851227788411073,0.5236420338064655,2024
25,2025-03-08 15:30:00,Leverkusen,Werder Bremen,0.7502734869110876,0.1566247349616322,0.09310177812728002,2.7594870880914244,0.9254079538422008,0.2813250524882365,0.21809734787248936,0.36834736197408574,0.147275062476257,-0.015635387969646874,-0.3432102720332098,0,2,0.7180333959421246,0.17490557080641497,0.1070610332514603,0.6982661449401787,0.20549834949144752,0.09623550556837374,2024
25,2025-03-08 15:30:00,Wolfsburg,St Pauli,0.5705516740122885,0.267850419193553,0.16159790679415847,1.6332761564699103,0.7620685909014158,0.2813250524882365,0.21809734787248936,0.09079135771940931,-0.09962584848730881,-0.5382897684312811,-0.014753997097170906,1,1,0.5232840284796908,0.2689915090218636,0.20772446249844562,0.5524787428296761,0.28315414900360314,0.16436710816672068,2024
25,2025-03-08 18:30:00,Freiburg,RB Leipzig,0.3200983704341466,0.2667634926450282,0.4131381369208253,1.3676999076035443,1.5778806076836112,0.2813250524882365,0.21809734787248936,-0.049141535366414975,-0.13715043564502852,0.19398739018788813,-0.0192298836448754,0,0,0.37385660425382994,0.28914589332018265,0.3369975024259876,0.49330979608960923,0.26790493429418966,0.2387852696162012,2024
25,2025-03-09 15:30:00,Ein Frankfurt,Union Berlin,0.5939089099557466,0.2398076916217409,0.1662833984225125,1.901755239876553,0.9183314242732298,0.2813250524882365,0.21809734787248936,0.1520909092866537,-0.008736039463906076,-0.3408297478513018,-0.025692229533656137,1,2,0.4838757209615627,0.26466130594030224,0.2514629730981349,0.6332165609229694,0.23213859066153872,0.13464484841549187,2024
25,2025-03-09 17:30:00,Hoffenheim,Heidenheim,0.515083481903657,0.2361426852301137,0.2487738328662294,1.9919167533221944,1.3468339781767356,0.2813250524882365,0.21809734787248936,0.021803618831970878,0.16787134859555602,-0.13820202195193834,0.1546336062716977,1,1,0.5066666666666667,0.25333333333333335,0.23999999999999996,0.6004208709771548,0.18576438796993783,0.21381474105290735,2024
26,2025-03-14 20:30:00,St Pauli,Hoffenheim,0.3241650213050388,0.30714418366641477,0.36869079502854657,1.122103710812052,1.2128494329788617,0.29425149671044204,0.19370270023155942,-0.5254493279888799,0.1527003677544694,0.008995354467481701,-0.1102743567202878,1,0,0.41479178028149405,0.2957311766821763,0.28947704303632965,0.4006625564665394,0.2133451847789232,0.38599225875453747,2024
26,2025-03-15 15:30:00,Augsburg,Wolfsburg,0.35366981288555877,0.27716161217251345,0.36916857494192773,1.3781612144250799,1.4122839583478146,0.29425149671044204,0.19370270023155942,-0.15944071826085965,-0.007763321332455362,0.0820263079977364,-0.031069582209994624,1,0,0.3868017234862801,0.29578955325421424,0.31740872325950564,0.4010917803141336,0.2722147551054401,0.32669346458042636,2024
26,2025-03-15 15:30:00,Mainz,Freiburg,0.49266320553524334,0.27429070566172764,0.23304608880302916,1.5925812783819298,1.0289904427290169,0.29425149671044204,0.19370270023155942,0.01678663166183457,-0.03938468321164978,-0.06867286237488687,-0.19700046544804214,2,2,0.5186685361167368,0.2711221893337488,0.21020927454951446,0.5562012671065438,0.27307317009589815,0.17072556279755807,2024
26,2025-03-15 15:30:00,Union Berlin,Bayern Munich,0.12877878978138468,0.19921269062410873,0.6720085195945066,0.9275135801380259,2.29322908836329,0.29425149671044204,0.19370270023155942,-0.3184524104031576,-0.2447496294883299,0.5521966928005291,-0.016487282922510227,1,1,0.10363740469517525,0.17635536268571259,0.7200072326191123,0.1055147600175603,0.07158110817504075,0.822904131807399,2024
26,2025-03-15 15:30:00,Werder Bremen,M'gladbach,0.4118984912783567,0.2474066645855527,0.34069484413609064,1.7570856264439643,1.586891085758584,0.29425149671044204,0.19370270023155942,0.0010314088611031913,0.07467093667308643,0.0496039746268806,0.1179213388402668,2,4,0.42790982769188857,0.2618901677677132,0.31020000454039826,0.38007669933097293,0.25937758012255197,0.3605457205464751,2024
26,2025-03-15 18:30:00,RB Leipzig,Dortmund,0.4583449312684885,0.2443820251309269,0.2972730436005845,1.8585209889748893,1.4725144709599332,0.29425149671044204,0.19370270023155942,0.17544432056009912,-0.043617513307936714,0.249261485716181,-0.15654151845427325,2,0,0.3522191335852828,0.2676078333385389,0.3801730330761783,0.4765642460825669,0.24108829681586602,0.28234745710156717,2024
26,2025-03-16 15:30:00,Bochum,Ein Frankfurt,0.2616610576419671,0.24629461770864758,0.49204432464938547,1.3215424215918687,1.8658108328868748,0.29425149671044204,0.19370270023155942,-0.20404501403037553,-0.005109627273563077,0.14120564284676893,0.18823858199856794,1,3,0.352779165797788,0.27083046439433583,0.37639036980787616,0.38961142659035647,0.21489025051247823,0.39549832289716536,2024
26,2025-03-16 17:30:00,Heidenheim,Holstein Kiel,0.502618925882739,0.22882010078507603,0.268560973332185,2.080193020265841,1.497037561596915,0.29425149671044204,0.19370270023155942,-0.14343086452465947,0.3879373551951289,-0.04791109331112254,0.15714779297049583,3,1,0.46868081781481963,0.2700872509441334,0.261231931241047,0.3851096649623432,0.30688645587365826,0.30800387916399863,2024
26,2025-03-16 19:30:00,Stuttgart,Leverkusen,0.29787209661773983,0.25444202668574717,0.44768587669651283,1.3922087095716547,1.7411542342410011,0.29425149671044204,0.19370270023155942,0.16284100004501845,-0.319903711276818,0.33969279514062606,-0.07939604553391838,3,4,0.29218547093422964,0.2818730425483157,0.4259414865174548,0.33178353062250054,0.15843292241674908,0.5097835469607503,2024
27,2025-03-28 20:30:00,Leverkusen,Bochum,0.7868998204910665,0.14090107348365846,0.07219910602527503,2.8623087357186763,0.8154070956541112,0.2952917519788225,0.19609479721288442,0.36002460161788974,0.20021739862220866,-0.21025186457250508,-0.28910767398804765,3,1,0.7812898483325582,0.14184131175085132,0.0768688399165904,0.8430020404235149,0.09587329754709363,0.06112466202939148,2024
27,2025-03-29 15:30:00,Bayern Munich,St Pauli,0.766553388410516,0.16491089160873604,0.0685357199807478,2.4294427485646106,0.6205102137610842,0.2952917519788225,0.19609479721288442,0.5339893736156276,-0.13771401333144062,-0.5277823487143685,-0.24472261720382593,3,2,0.8544098824254048,0.1033411520860101,0.042248965488585144,0.7493420404915017,0.1828132904894474,0.06784466901905095,2024
27,2025-03-29 15:30:00,Hoffenheim,Augsburg,0.4118655621734035,0.2723066761785652,0.3158277616480311,1.529169838857576,1.3155344448157933,0.2952917519788225,0.19609479721288442,-0.012757413966176042,-0.053904136057833237,-0.16796158727969898,0.14691284027674,1,1,0.40283493909126283,0.28414250168044436,0.31302255922829286,0.32782672529169854,0.26713429874134387,0.4050389759669575,2024
27,2025-03-29 15:30:00,Holstein Kiel,Werder Bremen,0.33874300311778655,0.2281468207511446,0.43311017613106895,1.7736558308452948,2.0126239147703657,0.2952917519788225,0.19609479721288442,-0.06546685002115075,0.14712315847967936,0.0033821395762898714,0.40076540941666033,0,3,0.3071146647365504,0.2567544643362021,0.43613087092724745,0.2590682297059785,0.2551206798087634,0.4858110904852582,2024
27,2025-03-29 15:30:00,M'gladbach,RB Leipzig,0.32031304084120393,0.25316962962449757,0.42651732953429844,1.4751936301087625,1.724335410509435,0.2952917519788225,0.19609479721288442,0.07885328887839901,-0.18145058224407715,0.17326242131164124,0.07628753368769371,1,0,0.3313317673412877,0.2643311606490052,0.4043370720097071,0.4337653864602779,0.20457962123348933,0.3616549923062327,2024
27,2025-03-29 15:30:00,Wolfsburg,Heidenheim,0.5590469131237776,0.2340401428665492,0.206912944009673,2.0077095596811505,1.1646006305066319,0.2952917519788225,0.19609479721288442,0.057444821044476305,0.14816317953864303,-0.12714711565007866,-0.01576641451471252,0,1,0.5611564817422323,0.2433586783065803,0.19548483995118746,0.5384830045582011,0.3087646390010457,0.15275235644075327,2024
27,2025-03-29 18:30:00,Ein Frankfurt,Stuttgart,0.4241706639799023,0.24391461292105726,0.33191472309904047,1.815220379479915,1.5926376311914932,0.2952917519788225,0.19609479721288442,0.15074878920520207,-0.04592845684999717,0.1806367085860662,-0.01053693122505595,1,0,0.3736098400831382,0.2571078469389338,0.36928231297792813,0.6055118187400691,0.20810357312985533,0.18638460813007562,2024
27,2025-03-30 15:30:00,Freiburg,Union Berlin,0.4866771334288682,0.28643044009762597,0.22689242647350602,1.4902715403843243,0.9443031489513393,0.2952917519788225,0.19609479721288442,-0.05579318145396172,-0.03663502251573555,-0.31845633505904075,-0.03414344894467236,1,2,0.4864149092692496,0.2787641000490436,0.23482099068170673,0.5451292389167728,0.2688944572898669,0.1859763037933604,2024
27,2025-03-30 17:30:00,Dortmund,Mainz,0.45784050606955173,0.2586164923752564,0.2835430015551918,1.7116699305675718,1.311535780529565,0.2952917519788225,0.19609479721288442,0.2280838008081645,-0.18200088843383166,0.02070254533280456,-0.04479549521673345,3,1,0.5746099419448476,0.23151759796806964,0.1938724600870827,0.4950567457645225,0.20629678987545344,0.2986464643600242,2024
28,2025-04-04 20:30:00,Augsburg,Bayern Munich,0.1743533979956944,0.21700826880874194,0.6086383331955637,1.1068786698804671,2.1798302286302116,0.2974392311662635,0.19041111572185423,-0.17066903503244243,-0.2156372667733211,0.5415330795740011,-0.059725313746952675,1,3,0.12299571575769627,0.1961351434407708,0.6808691408015329,0.1489516397574304,0.12671922460628235,0.7243291356362873,2024
28,2025-04-05 15:30:00,Bochum,Stuttgart,0.23594441436579594,0.24047350466840461,0.5235820809657994,1.2560759110122623,1.9409061538037022,0.2974392311662635,0.19041111572185423,-0.20430776375024823,-0.05555007821417678,0.1611128721653321,0.20460285028079295,0,4,0.37540572061120003,0.2701219632726482,0.35447231611615176,0.32445758179348516,0.1784315406555676,0.4971108775509472,2024
28,2025-04-05 15:30:00,Freiburg,Dortmund,0.32294383973508767,0.2555924722747859,0.42146368799012646,1.4632092003263917,1.6928247563905616,0.2974392311662635,0.19041111572185423,-0.06043607953370289,-0.046782161467750744,0.24624827464440516,-0.01728891871392813,1,4,0.28483988952750616,0.2650593416436516,0.45010076882884226,0.5265525503745876,0.21888196729085638,0.25456548233455606,2024
28,2025-04-05 15:30:00,Heidenheim,Leverkusen,0.16825956400989217,0.21563127598119483,0.616109160008913,1.0797589641254446,2.1861688105813584,0.2974392311662635,0.19041111572185423,-0.12984471096510014,-0.28126780106088545,0.3638068261251778,0.12090455298606267,0,1,0.15469697777427527,0.2152457948669215,0.6300572273588033,0.042434940443918774,0.13155444160009297,0.8260106179559883,2024
28,2025-04-05 15:30:00,Mainz,Holstein Kiel,0.6902585600581405,0.18278330550769276,0.12695813443416687,2.5234363174249195,1.0306418204952572,0.2974392311662635,0.19041111572185423,0.020039754206589933,0.4177314895716575,-0.10897665468545181,-0.15828084160766856,1,1,0.6695491572214554,0.19766316075976437,0.13278768201878025,0.7231678403709371,0.1838449851762964,0.09298717445276669,2024
28,2025-04-05 15:30:00,RB Leipzig,Hoffenheim,0.6137819728875673,0.21553861626029638,0.17067941085213623,2.192060971495459,1.0951915014226974,0.2974392311662635,0.19041111572185423,0.15307872000681286,0.14391311726725242,-0.01786987904595007,-0.18864011699880714,3,1,0.5721866422689845,0.22536596523330282,0.20244739249771274,0.5456486147305873,0.26559402909332486,0.18875735617608785,2024
28,2025-04-05 18:30:00,Werder Bremen,Ein Frankfurt,0.34538038615261935,0.24641573036209732,0.40820388348528347,1.6095800437554828,1.7602354723940363,0.2974392311662635,0.19041111572185423,0.019471418285139652,-0.03134846259007718,0.14047010355716763,0.12753825651036904,2,0,0.40940642985872916,0.26278704726469393,0.3278065228765769,0.3764596350344981,0.2680200245700898,0.3555203403954122,2024
28,2025-04-06 15:30:00,St Pauli,M'gladbach,0.2943289957012525,0.30359808827311924,0.4020729160256283,1.0675139191843037,1.288342012609385,0.2974392311662635,0.19041111572185423,-0.4773908273311914,0.05487298552723662,0.07438791649840881,-0.11847101749121058,1,1,0.41797372910400926,0.27425783371008056,0.30776843718591035,0.3740596698019982,0.2538602959932143,0.37208003420478747,2024
28,2025-04-06 17:30:00,Union Berlin,Wolfsburg,0.3197033067624402,0.2931064489371561,0.38719024430040383,1.1912004132023475,1.3335227584802947,0.2974392311662635,0.19041111572185423,-0.2960615083074598,-0.016827289313986478,0.03116200854706701,-0.040777108492153366,1,0,0.4160990712074304,0.2848297213622291,0.29907120743034055,0.29900754209099356,0.30909636736078067,0.3918960905482257,2024
29,2025-04-11 20:30:00,Wolfsburg,RB Leipzig,0.32246538690302107,0.26830476932179276,0.4092298437751861,1.3630646262696706,1.5583038186223048,0.29679628033922206,0.18397919050907807,0.01492450627904442,-0.1859644108123616,0.16457686054463144,-0.017775206912191085,2,3,0.3462170571081694,0.2587219856107244,0.39506095728110613,0.36813971609706225,0.2794189414368358,0.3524413424661019,2024
29,2025-04-12 15:30:00,Bochum,Augsburg,0.31391061643818574,0.28303634860149224,0.4030530349603218,1.2383704932350095,1.4311258370611493,0.29679628033922206,0.18397919050907807,-0.222057590590496,-0.04492148321045234,-0.16838027194671268,0.2300454247664596,1,2,0.40097205346294046,0.2891859052247874,0.30984204131227217,0.42725507227411946,0.2042764986338635,0.3684684290920171,2024
29,2025-04-12 15:30:00,Hoffenheim,Mainz,0.31881220505585883,0.26717135507002054,0.4140164398741208,1.3609822108367584,1.5757824463840504,0.29679628033922206,0.18397919050907807,-0.014999509689660523,-0.15756930823104512,0.0009085582038657429,0.15704710172949038,2,0,0.3897316864240515,0.27757053248224606,0.3326977810937025,0.31802176131565174,0.31856493491937277,0.36341330376497544,2024
29,2025-04-12 15:30:00,Holstein Kiel,St Pauli,0.3636931600689357,0.29360258470017087,0.34270425523089343,1.2868853538649603,1.2426207994258471,0.29679628033922206,0.18397919050907807,-0.10720816868417296,-0.12134245765401454,-0.4766531006921256,0.39707951749365794,1,2,0.2767534372967495,0.27837187845053163,0.4448746842527188,0.35047242314638233,0.21431989773636845,0.4352076791172493,2024
29,2025-04-12 15:30:00,Leverkusen,Union Berlin,0.6939827103260686,0.20104309801108194,0.10497419166284938,2.1753328367529106,0.7419723099757287,0.29679628033922206,0.18397919050907807,0.3533349539559976,-0.05692874357915753,-0.29734548669327826,-0.2978941482490475,0,0,0.6968303410291031,0.18953785275991608,0.11363180621098086,0.7804019218405838,0.1452275022202672,0.07437057593914902,2024
29,2025-04-12 15:30:00,M'gladbach,Freiburg,0.4666935904175843,0.2532630712011565,0.28004333838125944,1.773354090295447,1.3388206556342508,0.29679628033922206,0.18397919050907807,0.07371706244585564,0.018380186376607478,-0.06217463384656766,0.05716747221232779,1,2,0.4220946013295405,0.25992746566887237,0.31797793300158717,0.4968088021551148,0.22569808812607942,0.2774931097188058,2024
29,2025-04-12 18:30:00,Bayern Munich,Dortmund,0.6328219406459208,0.18547591250825415,0.18170214684582497,2.6738088603604857,1.4318225347351552,0.29679628033922206,0.18397919050907807,0.5518144933100045,-0.04908596882606502,0.2751806597259355,-0.2130288074640178,2,2,0.6584832280019446,0.18291200777831793,0.1586047642197375,0.773069631359334,0.13657863342025314,0.09035173522041284,2024
29,2025-04-13 15:30:00,Stuttgart,Werder Bremen,0.5666673603897315,0.2211762140045445,0.21215642560572395,2.1737458544599497,1.2895915122306565,0.29679628033922206,0.18397919050907807,0.18856872628668053,0.10710768245810154,0.027328145727016424,-0.06979891502466834,1,2,0.5515226655862651,0.22450216740335024,0.22397516701038464,0.503208920346552,0.2785911783574629,0.21819990129598507,2024
29,2025-04-13 17:30:00,Ein Frankfurt,Heidenheim,0.5706785270433641,0.23181630017651247,0.1975051727801233,2.0268244717213175,1.1319931250147992,0.29679628033922206,0.18397919050907807,0.12025335580979368,0.10544144195677846,-0.14790943432794565,-0.024906939557209178,3,0,0.5473308686018307,0.23573161172455084,0.21693751967361855,0.5869469394997,0.2713069236230468,0.14174613687725318,2024
30,2025-04-19 15:30:00,Freiburg,Hoffenheim,0.45909536045964217,0.2540685764586145,0.2868360630817434,1.7577541761821283,1.3570050982845179,0.301139782655113,0.17605849529626744,-0.05313602368856324,0.13997470369958018,-0.005509949094259537,0.009650304310994921,3,2,0.4996205943449673,0.2537966317018318,0.2465827739532009,0.5361508801810866,0.264533053874482,0.19931606594443138,2024
30,2025-04-19 15:30:00,Heidenheim,Bayern Munich,0.13150769691317651,0.17753035996110816,0.6909619431257152,1.1117174367083216,2.6292160016278254,0.301139782655113,0.17605849529626744,-0.16930688030388957,-0.20198533778847724,0.5458356371661713,0.11971028368790591,0,4,0.09830522914397338,0.15008549921194678,0.75160927164408,0.0779914981265246,0.11446369614078467,0.8075448057326908,2024
30,2025-04-19 15:30:00,Mainz,Wolfsburg,0.4516342343416789,0.2719883294148208,0.2763774362435003,1.5835863744326977,1.196043216016634,0.301139782655113,0.17605849529626744,-0.021851563203176973,0.004345417292288586,0.024646670401672132,-0.14676766438798258,2,2,0.4728904821549403,0.2602830446738364,0.26682647317122327,0.485947124816961,0.27263839871840867,0.24141447646463016,2024
30,2025-04-19 15:30:00,RB Leipzig,Holstein Kiel,0.755978601628552,0.14888653266612734,0.09513486570532059,2.9225302963845587,1.0145118168600569,0.301139782655113,0.17605849529626744,0.18382886511087881,0.4114226378467459,-0.11482262602216105,-0.17190962845248609,1,1,0.656458325854631,0.19075442334453202,0.15278725080083705,0.7133774913150114,0.17821972459581717,0.10840278408917134,2024
30,2025-04-19 15:30:00,Werder Bremen,Bochum,0.5787717542894814,0.22421601888766804,0.19701222682285058,2.1197685684477934,1.1838737699574131,0.301139782655113,0.17605849529626744,0.03698453112360124,0.2371241078234043,-0.22517143429676237,0.09282356920822656,1,0,0.5988480030466035,0.21445232541533774,0.18669967153805878,0.504752527939563,0.33849315492999726,0.1567543171304397,2024
30,2025-04-19 18:30:00,Union Berlin,Stuttgart,0.27367378306731244,0.28436444856945126,0.4419617683632362,1.1126250340861485,1.4728964253720018,0.301139782655113,0.17605849529626744,-0.3120298117616831,-0.05844634725694683,0.17396809214319098,-0.08787705521979043,4,4,0.30930514710212936,0.2760368609312608,0.4146579919666101,0.274003103928863,0.3487393768704911,0.3772575192006459,2024
30,2025-04-20 15:30:00,Augsburg,Ein Frankfurt,0.32795378542831133,0.27607024599096847,0.39597596858072026,1.3224301984174067,1.472425799100952,0.301139782655113,0.17605849529626744,-0.15822173294467412,-0.03950544167394859,0.1326392169570826,-0.046867755441184045,0,0,0.3695331871922952,0.2812376468897114,0.3492291659179933,0.42929330108867125,0.2698547994033646,0.30085189950796415,2024
30,2025-04-20 17:30:00,Dortmund,M'gladbach,0.5738555704852916,0.2134373853345384,0.21270704418017006,2.2814861068789103,1.3586835940601503,0.301139782655113,0.17605849529626744,0.2803942497922264,0.0672345041552391,0.0628979021753956,-0.057521399388358284,3,2,0.6984609828596827,0.16812512153790596,0.13341389560241135,0.5629621413585143,0.18704365603031023,0.24999420261117541,2024
30,2025-04-20 19:30:00,St Pauli,Leverkusen,0.1563014828699712,0.26429765794488913,0.5794008591851395,0.7521521496047824,1.6583018552750697,0.301139782655113,0.17605849529626744,-0.4523232358966578,-0.30969169095018223,0.32913016193219174,-0.12447584456869058,1,1,0.19245582502742697,0.2460260031278448,0.5615181718447281,0.09004238357464815,0.09838812969543807,0.8115694867299138,2024
31,2025-04-25 20:30:00,Stuttgart,Heidenheim,0.6274691828409007,0.20863078558389428,0.16390003157520505,2.269462270014816,1.1028857825151388,0.3055682930590576,0.17038750570866182,0.20555283197126104,0.1380342872365114,-0.1907563486635132,-0.01688176114954129,0,1,0.65144685935121,0.19490008496982927,0.1536530556789607,0.6320117140460935,0.23770034479703395,0.13028794115687262,2024
31,2025-04-26 15:30:00,Bayern Munich,Mainz,0.6693504643335486,0.19090390446621927,0.1397456312002322,2.4512579166882253,1.0682591675097635,0.3055682930590576,0.17038750570866182,0.5546699943109504,-0.13402446490193234,-0.01797294660923526,-0.22156496914285723,3,0,0.7731743779697008,0.1354707243451185,0.09135489768518079,0.7722449843452205,0.12671925006549695,0.10103576558928264,2024
31,2025-04-26 15:30:00,Hoffenheim,Dortmund,0.272899400992191,0.22643341909973885,0.5006671799080702,1.5383407893813967,2.1106859273668146,0.3055682930590576,0.17038750570866182,0.002459474531327325,-0.04771084718894273,0.28596375534740504,0.15548093031324003,2,3,0.24037687547010467,0.24098388778189786,0.5186392367479975,0.3287993393621654,0.2698233351601592,0.40137732547767535,2024
31,2025-04-26 15:30:00,Holstein Kiel,M'gladbach,0.2716511848423613,0.22549991133028907,0.5028489038273496,1.5418212720818236,2.1242384259102978,0.3055682930590576,0.17038750570866182,-0.11913107847625293,0.07613964157026394,0.06827874411172492,0.37956631316242073,4,3,0.3764964611500875,0.2556954575725193,0.3678080812773932,0.3091603172706417,0.23582967620255998,0.4550100065267983,2024
31,2025-04-26 15:30:00,Leverkusen,Augsburg,0.649842410239122,0.21851063253270783,0.1316469572281703,2.0639613999900304,0.8325480974554232,0.3055682930590576,0.17038750570866182,0.31944844848662135,-0.07077710136511851,-0.18303932807679077,-0.3057932490574708,2,0,0.6434609032052925,0.20392336975242673,0.15261572704228088,0.6986526038836239,0.19713657213878227,0.1042108239775938,2024
31,2025-04-26 15:30:00,Wolfsburg,Freiburg,0.45187454961037354,0.2595321854609598,0.28859326492866666,1.6965286643807753,1.3222201580905255,0.3055682930590576,0.17038750570866182,0.03474148902357399,0.017886913494838307,-0.03661299896047446,0.01035696757345685,0,1,0.4039893844705076,0.2626487458265559,0.33336186970293635,0.3366274149341068,0.24707689267883182,0.4162956923870613,2024
31,2025-04-26 18:30:00,Ein Frankfurt,RB Leipzig,0.37059562668677526,0.26522002475278417,0.36418434856044046,1.508946086010928,1.4943618556685119,0.3055682930590576,0.17038750570866182,0.10969420440871487,-0.1742385523186365,0.157413379300543,-0.06128240904001179,4,0,0.47266229301552737,0.2423293989571993,0.2850083080272732,0.6385953042940757,0.16286418783163803,0.19854050787428631,2024
31,2025-04-27 15:30:00,Bochum,Union Berlin,0.32494276080593376,0.2949252535326771,0.3801319856613891,1.1932415520482473,1.3091476498317673,0.3055682930590576,0.17038750570866182,-0.24808743368377698,-0.05119476798871183,-0.25853758502686636,0.22234556843357442,1,1,0.40275981365360797,0.28324651583354626,0.3139936705128457,0.3958684962269066,0.21451853334802762,0.3896129704250656,2024
31,2025-04-27 17:30:00,Werder Bremen,St Pauli,0.4710562969565081,0.29396542396921227,0.2349782790742798,1.425307145082971,0.936757880031175,0.3055682930590576,0.17038750570866182,0.018495590308978023,-0.14006405817247775,-0.44522866293776286,0.07432994063124712,0,0,0.47854779563320654,0.2675028408174385,0.253949363549355,0.5169901401394416,0.32987136909664083,0.15313849076391758,2024
32,2025-05-02 20:30:00,Heidenheim,Bochum,0.4757789096329823,0.2660452898228236,0.25817580054419415,1.6570581824745443,1.170551008188715,0.29908075767420755,0.17699563177321775,-0.19210785838467362,0.22107531990616638,-0.24956137763691105,0.10795520508139664,0,0,0.403277548633828,0.28157840673841245,0.31514404462775963,0.5757144365491138,0.1701754476621665,0.2541101157887196,2024
32,2025-05-03 15:30:00,M'gladbach,Hoffenheim,0.495558539183037,0.22890473414590784,0.2755367266710551,2.075429360357863,1.5262856731405998,0.29908075767420755,0.17699563177321775,0.08407546494990935,0.17001619853459293,0.011911474748347584,0.11184488681217047,4,4,0.42231039701243067,0.24162569550584634,0.336063907481723,0.44654407813876057,0.3063229088763172,0.24713301298492227,2024
32,2025-05-03 15:30:00,RB Leipzig,Bayern Munich,0.26285726688387157,0.22970888957807084,0.5074338435380576,1.4639406456384167,2.070613050323194,0.29908075767420755,0.17699563177321775,0.14123667778271726,-0.23618119510960583,0.5612871170668908,-0.1325231517339889,3,3,0.23143534709912328,0.21095434293105927,0.5576103099698174,0.2639895434489737,0.192602587520203,0.5434078690308233,2024
32,2025-05-03 15:30:00,St Pauli,Stuttgart,0.2586648622729486,0.29990366952089104,0.44143146820616047,0.9846097923756201,1.359994606014434,0.29908075767420755,0.17699563177321775,-0.47366647575856635,-0.017919779859464195,0.17953961219674647,-0.171139636296716,0,1,0.34218937907462493,0.2759272738780935,0.38188334704728144,0.37384436033592144,0.25355646704607593,0.37259917261800257,2024
32,2025-05-03 15:30:00,Union Berlin,Werder Bremen,0.36492208264623743,0.2891162225465721,0.3459616948071904,1.3189328205938575,1.2784828051341361,0.29908075767420755,0.17699563177321775,-0.262032483187559,0.06277903410382235,-0.0017714947627833302,-0.05163519650255773,2,2,0.30555167109495174,0.2763249895119564,0.41812333939309193,0.3631102302859113,0.2607286528350626,0.37616111687902615,2024
32,2025-05-03 18:30:00,Dortmund,Wolfsburg,0.5635220441114965,0.22042237532339481,0.21605558056510848,2.186958137440388,1.316706979877642,0.29908075767420755,0.17699563177321775,0.2976318432616619,0.008803367257023345,0.012812522992728151,-0.036759373262135964,4,0,0.7494217656048314,0.14964868589907798,0.10092954849609077,0.6079620205812172,0.23541027984318005,0.15662769957560288,2024
32,2025-05-04 15:30:00,Augsburg,Holstein Kiel,0.5464901817598291,0.23725477318056398,0.2162550450596069,1.9747653689434035,1.187834912425447,0.29908075767420755,0.17699563177321775,-0.19434809539076775,0.3987212967040995,-0.0576805471504708,-0.06926796184432354,1,3,0.5349978177137924,0.23987307695983637,0.22512910532637123,0.5910749692062621,0.21989668919697006,0.1890283415967678,2024
32,2025-05-04 17:30:00,Freiburg,Leverkusen,0.21846819423290778,0.24807177089972843,0.5334600348673637,1.1247546331146356,1.853567016377042,0.29908075767420755,0.17699563177321775,-0.04106396186520106,-0.3174475196120565,0.3200785899993488,-0.0020474480543714417,2,2,0.3037133090613335,0.2686365606908696,0.42765013024779697,0.16567201021704925,0.19182816254515286,0.6424998272377979,2024
32,2025-05-04 19:30:00,Mainz,Ein Frankfurt,0.37719998367787666,0.27557472196010085,0.34722529436202254,1.440794459736448,1.3745323674691627,0.29908075767420755,0.17699563177321775,-0.032017333601190495,-0.07886438624300258,0.14201265018856643,-0.12297983097619451,1,1,0.4041655968691891,0.26348917364952656,0.33234522948128437,0.4147511217686051,0.25894976614680076,0.32629911208459406,2024
33,2025-05-09 20:30:00,Wolfsburg,Hoffenheim,0.47858118242554915,0.23935389468548116,0.28206492288896967,1.9350871648189654,1.458821732376624,0.302501412394178,0.1754819071639818,-0.007806203167728108,0.189975255494824,0.04509644337440893,0.030031221506770175,2,2,0.34562260405923445,0.26520072389032673,0.38917667205043877,0.3845999583787745,0.26834957735092185,0.3470504642703038,2024
33,2025-05-10 15:30:00,Bochum,Mainz,0.24605530842084838,0.274973953146106,0.4789707384330455,1.0730469810494967,1.5799819510093907,0.302501412394178,0.1754819071639818,-0.2744961662426241,-0.13298490586361947,-0.04169591162581446,0.19660792279348613,1,4,0.31028313598703783,0.24871259203138535,0.4410042719815768,0.3704549907745786,0.18107154024492583,0.4484734689804955,2024
33,2025-05-10 15:30:00,Holstein Kiel,Freiburg,0.3103146775042692,0.23821160238540562,0.4514737201103252,1.5741775361464878,1.9194681534871145,0.302501412394178,0.1754819071639818,-0.0206482727508435,-0.003602110195316036,-0.03218079660337092,0.3817275284842293,1,2,0.2777049886315113,0.25536946675766325,0.46692554461082536,0.3116026438854647,0.2897851022997623,0.39861225381477305,2024
33,2025-05-10 15:30:00,Union Berlin,Heidenheim,0.43262292589491236,0.2974764909816973,0.2699005831233903,1.3674506515225913,1.030437153726299,0.302501412394178,0.1754819071639818,-0.2511770637256025,0.08614191219234477,-0.22689541538583496,-0.045622863714460726,0,3,0.4711734248647391,0.2673512129850486,0.26147536215021233,0.5460481634590272,0.25394000921739196,0.20001182732358083,2024
33,2025-05-10 15:30:00,Werder Bremen,RB Leipzig,0.31637102468122347,0.25615836834463374,0.4274706069741428,1.4384854195223225,1.6967900616420983,0.302501412394178,0.1754819071639818,0.006980183368026322,-0.12137273485802814,0.1572579805530411,0.06897887418591686,0,0,0.48394684932084847,0.2348215007788354,0.28123164990031607,0.4043882770815045,0.26723005484233625,0.3283816680761593,2024
33,2025-05-10 18:30:00,Bayern Munich,M'gladbach,0.7636999619976577,0.13558828250100668,0.10071175550133575,3.2676046020844374,1.2232157982942324,0.302501412394178,0.1754819071639818,0.5670802445480634,0.13899361477732086,0.10927120586520582,-0.21028932716540966,2,0,0.8383209073059548,0.09822053795773776,0.06345855473630733,0.7110963520526373,0.17190827431852415,0.11699537362883858,2024
33,2025-05-11 15:30:00,Leverkusen,Dortmund,0.5327261248073907,0.22835892142881836,0.23891495376379093,2.0912055593308847,1.3655892609621183,0.302501412394178,0.1754819071639818,0.3189528959666757,-0.059195493199995515,0.3117308018879272,-0.3026461857852619,2,4,0.3753050079398892,0.25086176846508385,0.37383322359502696,0.613049985619057,0.18021763742948027,0.2067323769514627,2024
33,2025-05-11 17:30:00,Ein Frankfurt,St Pauli,0.5497870820211763,0.28071056072680006,0.1695023572520235,1.5346690662950695,0.7455725111786503,0.302501412394178,0.1754819071639818,0.13338082664576814,-0.18304938039824398,-0.5065605487289111,-0.0895437480100512,2,2,0.6100333137370174,0.22183029590436998,0.16813639035861258,0.7268140680772821,0.17283964368728882,0.10034628823542907,2024
33,2025-05-11 19:30:00,Stuttgart,Augsburg,0.5429860281653702,0.2504711134732355,0.20654285836139422,1.8246775830435897,1.0555859666702654,0.302501412394178,0.1754819071639818,0.17112891057423116,-0.04770892553078823,-0.21224160978706427,-0.036163771222128265,4,0,0.6214804340340107,0.20626140218482344,0.172258163781166,0.4652141402744403,0.2982446866623146,0.23654117306324499,2024
34,2025-05-17 15:30:00,Augsburg,Union Berlin,0.40282184256275133,0.30990955740464304,0.2872686000326058,1.2504407416758536,1.017351148371083,0.3127869540614799,0.1631805466468765,-0.2319299282205993,-0.020541489979288542,-0.2758992155152998,-0.019685402440407267,1,2,0.5068973453004644,0.2589584264034981,0.2341442282960376,0.3752478817418609,0.30095648607951125,0.3237956321786278,2024
34,2025-05-17 15:30:00,Dortmund,Holstein Kiel,0.764188025256461,0.1346716167248663,0.10114035801867272,3.2945907432607577,1.2400979347688093,0.3127869540614799,0.1631805466468765,0.3357688553112575,0.3805455988370444,-0.03722762519076045,-0.06036897272023686,3,0,0.8448913997567271,0.09742115119643892,0.05768744904683393,0.7141669917665082,0.16125459706859788,0.12457841116489388,2024
34,2025-05-17 15:30:00,Freiburg,Ein Frankfurt,0.3449212870985098,0.26554818773595357,0.38953052516553677,1.4446214062002933,1.5459443859445865,0.3127869540614799,0.1631805466468765,-0.034875276799928884,-0.07324493930227204,0.13619774433932297,-0.01334972175157271,1,3,0.40701754385964917,0.26456140350877194,0.328421052631579,0.5153108411565047,0.24857782926749222,0.23611132957600306,2024
34,2025-05-17 15:30:00,Heidenheim,Werder Bremen,0.35182305841429073,0.2755063551503079,0.3726705864354013,1.3859473736327184,1.4320480603081118,0.3127869540614799,0.1631805466468765,-0.19255011217165116,0.04296654154816544,-0.01875253910615129,0.06507121468762088,1,4,0.36506190247454945,0.2507398856469932,0.3841982118784573,0.3686717096528851,0.25918888176268706,0.37213940858442784,2024
34,2025-05-17 15:30:00,Hoffenheim,Bayern Munich,0.147429769319279,0.16859541378115428,0.6839748168995667,1.3370732201207354,2.865117896216906,0.3127869540614799,0.1631805466468765,0.04922620206516018,-0.2347106416650213,0.551234332426567,0.188588213344006,0,4,0.21287431248726826,0.20913967542608816,0.5779860120866436,0.2228083154040239,0.21643540041622833,0.5607562841797478,2024
34,2025-05-17 15:30:00,M'gladbach,Wolfsburg,0.4387671080180377,0.24552049361078407,0.31571239837117826,1.8210133495748626,1.526135905082757,0.3127869540614799,0.1631805466468765,0.08904280819536779,0.03438282271815017,-0.01002446457847631,0.11997649910094202,0,1,0.4177644920460861,0.23460666055790058,0.34762884739601324,0.4105384951186801,0.3264113419955627,0.2630501628857571,2024
34,2025-05-17 15:30:00,Mainz,Leverkusen,0.2767732951718986,0.2663743868340871,0.45685231799401427,1.234034913508433,1.638234393840867,0.3127869540614799,0.1631805466468765,-0.009149989444198897,-0.2565282932246089,0.31549459181646927,-0.1346624731016071,2,2,0.3912438979175678,0.25254897114255703,0.3562071309398751,0.2652924582851736,0.27971007447765434,0.4549974672371721,2024
34,2025-05-17 15:30:00,RB Leipzig,Stuttgart,0.4395307905782643,0.25330375137845024,0.30716545804328554,1.741973703543182,1.4321780311422159,0.3127869540614799,0.1631805466468765,0.13159130536813807,-0.05254002331512704,0.19267098639183827,-0.14626155621904546,2,3,0.49912304211094116,0.21966014065251097,0.28121681723654796,0.4583985777509667,0.27510023203794504,0.2665011902110883,2024
34,2025-05-17 15:30:00,St Pauli,Bochum,0.4392922593370764,0.3156446149016146,0.24506312576130881,1.257690925958198,0.8742477005501194,0.3127869540614799,0.1631805466468765,-0.46839952207465535,0.22170946262091204,-0.27636435204307114,-0.17081413525769504,0,2,0.5481379615190992,0.2360792210503051,0.21578281743059563,0.40882356711018014,0.33211743136417077,0.25905900152564904,2024
1,2025-08-22 20:30:00,Bayern Munich,RB Leipzig,0.6330749990083129,0.1972057145008806,0.16971928649080673,2.448354247379856,1.2333526600160947,0.3306574165701305,0.1406513541214935,0.5539541475974391,-0.12984685521130598,0.13872647915591066,-0.25964769458342957,6,0,0.7687353335989047,0.1354648223963686,0.09579984400472674,0.7951707875325023,0.0945995445582566,0.11022966790924123,2025
1,2025-08-23 15:30:00,Ein Frankfurt,Werder Bremen,0.5073295538440921,0.2424761050778954,0.2501943410780125,1.9151572684434552,1.3032906946544722,0.3306574165701305,0.1406513541214935,0.155687678657263,0.022803294425242794,0.024947316011522266,-0.09071236288650898,4,1,0.6149923586738651,0.20679962830132168,0.17820801302481318,0.6314037908822596,0.18025868171515666,0.18833752740258364,2025
1,2025-08-23 15:30:00,Freiburg,Augsburg,0.4546080935826984,0.27979381028049505,0.2655980961368065,1.5214732783486167,1.112901622219694,0.3306574165701305,0.1406513541214935,-0.03145346467005724,-0.020176178523094914,-0.217096986438992,-0.006589751484051999,1,3,0.48807838006857535,0.2691403638663858,0.24278125606503878,0.5157888944402588,0.24061696046937564,0.24359414509036545,2025
1,2025-08-23 15:30:00,Heidenheim,Wolfsburg,0.325875444059447,0.2740198002194378,0.40010475572111526,1.3312821422442427,1.4958284883764061,0.3306574165701305,0.1406513541214935,-0.18116410260032262,-0.004002173498353973,-0.011628407183126912,0.08365121678561921,1,3,0.3440385648909663,0.2788951679885348,0.37706626712049907,0.386726982227672,0.28392918679462276,0.32934383097770525,2025
1,2025-08-23 15:30:00,Leverkusen,Hoffenheim,0.6891681680400802,0.1774900931962658,0.13334173876365402,2.6383554823233513,1.1275999244411572,0.3306574165701305,0.1406513541214935,0.3176727494533334,0.1811742795535335,0.03503478786962101,-0.245600791190485,1,2,0.5508579371315692,0.22698001746867066,0.2221620453997602,0.7861572574113266,0.10014207770009394,0.11370066488857952,2025
1,2025-08-23 15:30:00,Union Berlin,Stuttgart,0.26110424747872707,0.2655538813482712,0.47334187117300164,1.1843195775801585,1.6598425370385739,0.3306574165701305,0.1406513541214935,-0.24077671965530115,-0.06136363749784784,0.21146738722465508,-0.03540206313124139,2,1,0.24108555727548847,0.24937685950983068,0.5095375832146809,0.35136980929189376,0.31735915948739263,0.33127103122071355,2025
1,2025-08-23 18:30:00,St Pauli,Dortmund,0.23098259500439772,0.2777258302499938,0.4912915747456085,1.0029316443741296,1.5627246551316138,0.3306574165701305,0.1406513541214935,-0.37871474108461545,-0.08966667412196003,0.3292025673186734,-0.21342911231140224,3,3,0.23370534331173795,0.2586765991724442,0.5076180575158179,0.17104271744276567,0.23455090143813456,0.5944063811190998,2025
1,2025-08-24 15:30:00,Mainz,FC Koln,0.5898703661057263,0.24522380439638128,0.1649058294978925,1.8443788418506906,0.8823593795464237,0.3306574165701305,0.1406513541214935,0.009580338712638817,0.13125344031815844,-0.31995117840119724,-0.13586208433028069,0,1,0.48339684267827987,0.26183995645073493,0.25476320087098525,0.5364520585539666,0.2837320538279142,0.17981588761811915,2025
1,2025-08-24 17:30:00,M'gladbach,Hamburg,0.6297825666363122,0.20538752252975967,0.16482991083392812,2.316371346216394,1.133440784107397,0.3306574165701305,0.1406513541214935,0.06869311563779837,0.3,-0.3,0.09460053139626501,0,0,0.49845968177343036,0.24343379807539617,0.25810652015117347,0.39340394373483517,0.3454157790689452,0.26118027719621956,2025
2,2025-08-29 20:30:00,Hamburg,St Pauli,0.2744250321871423,0.3294315489524643,0.3961434188603934,0.8983838170755976,1.1328862181773947,0.32340645174177574,0.13897675333973059,-0.3991426154559729,-0.17039847839598832,-0.31615926978546965,0.11752136978393875,0,2,0.389655790605952,0.29284689852993906,0.317497310864109,0.3664672444850645,0.2807125624596354,0.35282019305530016,2025
2,2025-08-30 15:30:00,Hoffenheim,Ein Frankfurt,0.29285906914329496,0.23714148168496363,0.4699994491717416,1.5200151051878303,1.9532144332743246,0.32340645174177574,0.13897675333973059,0.046427161708435034,-0.09009009435756171,0.1831353469749832,0.16293464401400193,1,3,0.35758090385885455,0.24908010189640528,0.39333899424474006,0.26641895856205017,0.310495106799624,0.42308593463832583,2025
2,2025-08-30 15:30:00,RB Leipzig,Heidenheim,0.5798446029448172,0.2328442266222932,0.18731117043288956,2.0045882364530914,1.0715470781424647,0.32340645174177574,0.13897675333973059,0.12118494470238983,0.11187052153109568,-0.18821921777948614,-0.06608376232545983,2,0,0.6435806447227094,0.19386548109475057,0.16255387418254,0.5834621967847722,0.25446738150186504,0.1620704217133627,2025
2,2025-08-30 15:30:00,Stuttgart,M'gladbach,0.5346529118056984,0.22755662045303768,0.23779046774126378,2.101553587321814,1.3669611563380386,0.32340645174177574,0.13897675333973059,0.2003322593048196,0.07996141030992228,0.034394369505633966,-0.04521067917044599,1,0,0.601519645469547,0.20574854975755746,0.19273180477289564,0.3296046002038391,0.403297130977295,0.26709826881886584,2025
2,2025-08-30 15:30:00,Werder Bremen,Leverkusen,0.239922111888357,0.23807625756416956,0.5220016305474735,1.2920555446624282,1.9693272690510626,0.32340645174177574,0.13897675333973059,0.019044523855682907,-0.2251933332760856,0.2943629159872112,0.059922628909338055,3,3,0.26656414199666795,0.24195822119697555,0.4914776368063566,0.163933200833654,0.25736979891614437,0.5786970002502017,2025
2,2025-08-30 18:30:00,Augsburg,Bayern Munich,0.13112415246224904,0.19059267352712236,0.6782831740106285,1.0046817155218057,2.4229326832790523,0.32340645174177574,0.13897675333973059,-0.180046588333625,-0.27766582637051396,0.5857682551877856,-0.02419604786697399,2,3,0.10139500959795457,0.15953042825445468,0.7390745621475907,0.12468175372285459,0.19509644496109393,0.6802218013160516,2025
2,2025-08-31 15:30:00,Wolfsburg,Mainz,0.37490444898613384,0.27901161286452747,0.3460839381493388,1.4103269109105758,1.347198993341479,0.32340645174177574,0.13897675333973059,0.012085493259974128,-0.13064716911522917,-0.02209356014044033,-0.0032852743184631807,1,1,0.440767271138807,0.26720735417480085,0.2920253746863923,0.44722874856435085,0.27664757200039314,0.27612367943525606,2025
2,2025-08-31 17:30:00,Dortmund,Union Berlin,0.6166386721730769,0.21774830885504398,0.16561301897187924,2.154012068589074,1.0490015404135091,0.32340645174177574,0.13897675333973059,0.34662459318483374,-0.04167561667454596,-0.22531720990868082,-0.05025044396099564,3,0,0.6683311791010028,0.19469978564719295,0.13696903525180434,0.5977572565060905,0.23911973819385116,0.1631230053000584,2025
2,2025-08-31 19:30:00,FC Koln,Freiburg,0.2996676580233947,0.28452247787490775,0.4158098641016974,1.1895249471436933,1.4392456464183423,0.32340645174177574,0.13897675333973059,-0.31617998203476727,0.027350800292607336,-0.040772925680844396,0.0814855936122133,4,1,0.37112671121352403,0.2836708699003672,0.34520241888610864,0.391759187751996,0.2928816325776518,0.3153591796703522,2025
3,2025-09-12 20:30:00,Leverkusen,Ein Frankfurt,0.5010960905162909,0.23834350531114223,0.26056040417256693,1.9611211018563461,1.3799401669031308,0.32368869292826846,0.1482542112650948,0.30347744238096636,-0.10190404611322175,0.1933065368615974,-0.19495508887728008,3,1,0.44499648393310304,0.25360014675757486,0.3014033693093222,0.4052478280178667,0.1748970977681408,0.41985507421399243,2025
3,2025-09-13 15:30:00,Freiburg,Stuttgart,0.30029329825835743,0.25194254323516635,0.4477641585064761,1.4202563224066191,1.7663199031528451,0.32368869292826846,0.1482542112650948,-0.049042803463030256,-0.0720627366698497,0.17992571934602877,0.06528381911574813,3,1,0.3602712835282948,0.26664145843054593,0.3730872580411591,0.3766980514025556,0.2729897633649523,0.3503121852324922,2025
3,2025-09-13 15:30:00,Heidenheim,Dortmund,0.1935245985518446,0.21876022447944193,0.5877151769687134,1.2058298151688067,2.186299469365664,0.32368869292826846,0.1482542112650948,-0.2127750254747594,-0.07199990548836073,0.3512179019025839,0.10730377976098358,0,2,0.18962665023192446,0.21268935093580718,0.5976839988322682,0.16715400505468028,0.24922789465185666,0.583618100293463,2025
3,2025-09-13 15:30:00,Mainz,RB Leipzig,0.3781644027909664,0.2782029640389534,0.34363263317008014,1.4228357154842615,1.3470430739061485,0.32368869292826846,0.1482542112650948,-0.030985012121722163,-0.08830602904245276,0.11652345664490002,-0.1423002749976054,0,1,0.4069510965465087,0.25586085202924125,0.33718805142425007,0.41805356049675735,0.21908603301602264,0.3628604064872202,2025
3,2025-09-13 15:30:00,Union Berlin,Hoffenheim,0.38648320812880343,0.2718701254027023,0.3416466664684941,1.488071169356646,1.3879897838553779,0.32368869292826846,0.1482542112650948,-0.24628329343010455,0.17182115337259124,0.03559921283336338,-0.03143140403884857,2,4,0.34408200092665603,0.2772896125114816,0.3786283865618624,0.4461518566006562,0.2716710026514837,0.2821771407478601,2025
3,2025-09-13 15:30:00,Wolfsburg,FC Koln,0.5065155923158832,0.26060160429347223,0.23288280339064465,1.7229256639779373,1.1073787160636952,0.32368869292826846,0.1482542112650948,0.0020207582306140783,0.07006015082369456,-0.21028616433193287,-0.011406823110901847,3,3,0.49099859755574,0.2582787143306906,0.25072268811356935,0.5426005650813511,0.2464499596277955,0.21094947529085345,2025
3,2025-09-13 18:30:00,Bayern Munich,Hamburg,0.8784175765257861,0.08774775187935528,0.03383467159485848,3.480395662762738,0.6692737803473304,0.32368869292826846,0.1482542112650948,0.5875795420824577,0.18762353724382844,-0.4674628544491041,-0.2577879028608411,5,0,0.8867317367186944,0.07536163290619563,0.03790663037510999,0.8205184544890403,0.11833182990279655,0.0611497156081633,2025
3,2025-09-14 15:30:00,St Pauli,Augsburg,0.39257447058740796,0.3202144496016449,0.28721107981094696,1.1768914439254627,0.9693314204228161,0.32368869292826846,0.1482542112650948,-0.29190158489451873,-0.01716472643359485,-0.16235969142859452,-0.1924777039274647,2,1,0.44617498677968587,0.2793558522567172,0.2744691609635968,0.4297426928995417,0.2480304069609406,0.32222690013951766,2025
3,2025-09-14 17:30:00,M'gladbach,Werder Bremen,0.41649125709488555,0.2505677185302006,0.3329410243749137,1.733520448474504,1.5357738913293464,0.32368869292826846,0.1482542112650948,0.005358230825121238,0.07285314711747608,0.04602386806858094,0.059321856726949874,0,4,0.45174250139993916,0.2427099814719467,0.3055475171281142,0.41649461718538877,0.21665049141314177,0.36685489140146954,2025
4,2025-09-19 20:30:00,Stuttgart,St Pauli,0.48907213825226764,0.2778343301742868,0.23309353157344548,1.560900418086718,1.0101603902849576,0.33786445652222463,0.14127599692694706,0.1623807889445542,-0.19625839656175353,-0.2732799880483274,-0.05447534796613933,2,0,0.516278656112962,0.2421719469395853,0.24154939694745264,0.5589094989886175,0.2937717127162031,0.14731878829517941,2025
4,2025-09-20 15:30:00,Augsburg,Mainz,0.31942961958562954,0.2971321687810643,0.38343821163330616,1.1668600335360344,1.3004968167107824,0.33786445652222463,0.14127599692694706,-0.16558670322853275,-0.15923734109635265,-0.06163065255986732,-0.013487445801357988,1,4,0.36182208373243446,0.27214859900335847,0.3660293172642069,0.38861998482534654,0.29875440393254454,0.3126256112421089,2025
4,2025-09-20 15:30:00,Hamburg,Heidenheim,0.2620905048189861,0.2885325635627651,0.44937693161824904,1.0529325924129227,1.4486663932377,0.33786445652222463,0.14127599692694706,-0.5215887742847223,0.09402753713581169,-0.24371755443979748,0.2764965023384232,2,1,0.5322566384721935,0.24343520674309627,0.22430815478471014,0.4554589912326545,0.19829670110549794,0.34624430766184744,2025
4,2025-09-20 15:30:00,Hoffenheim,Bayern Munich,0.13224216005019984,0.15763085415962516,0.7101269857901751,1.3165012005694623,3.007666178730515,0.33786445652222463,0.14127599692694706,0.07348484798612173,-0.27764768954113866,0.591782255877417,0.1715177097138051,1,4,0.13523191200339693,0.17577630275301873,0.6889917852435844,0.12513361746990131,0.1021314894772747,0.7727348930528241,2025
4,2025-09-20 15:30:00,Werder Bremen,Freiburg,0.46288912709564844,0.2476958315696833,0.2894150413346682,1.827632500120909,1.4165131873455346,0.33786445652222463,0.14127599692694706,0.07962030136207124,0.04426065868843645,-0.028507365761181864,0.03884125929382215,0,3,0.3972876379345615,0.265231465325327,0.3374808967401114,0.4704995978138964,0.27696247499354126,0.2525379271925623,2025
4,2025-09-20 18:30:00,RB Leipzig,FC Koln,0.5756762776563671,0.2345061853645525,0.18981753697908044,1.9880334846321182,1.0738872550278145,0.33786445652222463,0.14127599692694706,0.10562161645558524,0.10238388156409428,-0.14528426267540442,-0.12129517996722083,3,1,0.5063728517210516,0.2348761855863232,0.25875096269262526,0.6716446838000162,0.21565945238530332,0.11269586381468051,2025
4,2025-09-21 15:30:00,Ein Frankfurt,Union Berlin,0.5819020370324945,0.23769129130664837,0.18040667166085714,1.9421864142187042,1.0048319257389682,0.33786445652222463,0.14127599692694706,0.18389406754812168,0.0007798351088366273,-0.238768559204458,-0.09427560786325136,3,4,0.5821543490474489,0.22616068236375714,0.19168496858879414,0.6634258046376947,0.21117228373861657,0.12540191162368866,2025
4,2025-09-21 17:30:00,Leverkusen,M'gladbach,0.6530545030174357,0.19665483044677826,0.150290666535786,2.401705798079409,1.101267824776047,0.33786445652222463,0.14127599692694706,0.3105002114121882,0.08653856922969934,-0.030169539319639616,-0.2112328331165865,1,1,0.6240670023625761,0.2117620614758404,0.16417093616158357,0.6684826004789479,0.1825450584812936,0.14897234103975848,2025
4,2025-09-21 19:30:00,Dortmund,Wolfsburg,0.5915972370792135,0.21115240234795365,0.19725036057283268,2.295748294674776,1.2892998952060182,0.33786445652222463,0.14127599692694706,0.3399109708568025,0.012007420386895699,0.01931804843306909,-0.10308315080039233,1,0,0.6187406539223215,0.20579557854746797,0.17546376753021053,0.7295417376270201,0.16146742991239754,0.10899083246058221,2025
5,2025-09-26 20:30:00,Bayern Munich,Werder Bremen,0.7607178404941022,0.1415792872282431,0.09770287227765481,3.0989672573138662,1.117212462242383,0.352813847828078,0.12547767462416937,0.592898872335449,0.05987851839703465,0.044169329218188745,-0.2861464671302464,4,0,0.8586108162591763,0.0897786975175945,0.05161048622322918,0.7450791218307818,0.1493893074680957,0.10553157070112232,2025
5,2025-09-27 15:30:00,Heidenheim,Augsburg,0.3436336168620419,0.28812560478111454,0.36824077835684343,1.279656699016421,1.332284107126882,0.352813847828078,0.12547767462416937,-0.2563672683417313,0.024667583954492298,-0.17169314656354503,0.10577414174861056,2,1,0.3338959235092706,0.27213482783125525,0.3939692486594741,0.35050084441405954,0.24533970114873327,0.4041594544372072,2025
5,2025-09-27 15:30:00,Mainz,Dortmund,0.3103514156505652,0.2602062524542105,0.4294423318952243,1.3879824542950512,1.661533820243712,0.352813847828078,0.12547767462416937,-0.02141249703848735,-0.12902780440684714,0.31601830285812715,-0.16109098683336415,0,2,0.2780407004259347,0.250680312352106,0.4712789872219593,0.40181018151391673,0.24770315000388282,0.35048666848220034,2025
5,2025-09-27 15:30:00,St Pauli,Leverkusen,0.2191705866917637,0.27753997324445967,0.5032894400637764,0.9593785576196128,1.5679521404130947,0.352813847828078,0.12547767462416937,-0.3046015851423277,-0.21515947725537007,0.28400383726402767,-0.18704728632544698,1,2,0.3176021327184955,0.27581237841343037,0.4065854888680741,0.21672319146188576,0.20529184226528444,0.5779849662728298,2025
5,2025-09-27 15:30:00,Wolfsburg,RB Leipzig,0.33208800044297904,0.26540057402604,0.40251142553098096,1.4116677711827161,1.571543330750235,0.352813847828078,0.12547767462416937,-0.009324179457344444,-0.1241955211394313,0.11199321081922883,-0.01274890891147193,0,1,0.36311560570747775,0.2576628544609225,0.3792215398315998,0.3675660250905957,0.21996652147158624,0.4124674534378181,2025
5,2025-09-27 18:30:00,M'gladbach,Ein Frankfurt,0.3031978823014254,0.24518231341140248,0.4516198042871721,1.4865859697798065,1.8418579277532807,0.352813847828078,0.12547767462416937,-0.03788671916516607,-0.04392260781362393,0.1932029790139524,0.06475797867513979,4,6,0.3244557995317345,0.25920711257356194,0.4163370878947035,0.35650051650805215,0.22746121055523547,0.4160382729367123,2025
5,2025-09-28 15:30:00,Freiburg,Hoffenheim,0.4574332706342876,0.2395945725972359,0.3029721567684765,1.9110126460053038,1.5352251832107595,0.352813847828078,0.12547767462416937,-0.011396732726337516,0.18073849299086645,0.06079415251026882,0.015069069101648068,1,1,0.41201627620025005,0.2816469470144992,0.30633677678525084,0.5590612010652227,0.2130833205460724,0.22785547838870493,2025
5,2025-09-28 17:30:00,FC Koln,Stuttgart,0.24892084881372695,0.24376262348236405,0.507316527703909,1.2881353900742865,1.9004860247663566,0.352813847828078,0.12547767462416937,-0.15091672301014988,-0.07417906076698642,0.16168108649232035,0.12761472164872173,1,2,0.3716019016871233,0.25971072134486795,0.36868737696800863,0.3572671921218421,0.3393721284726437,0.3033606794055142,2025
5,2025-09-28 19:30:00,Union Berlin,Hamburg,0.5528069473600379,0.25902619389421433,0.1881668587457478,1.731012881237659,0.9239358818080824,0.352813847828078,0.12547767462416937,-0.18389451868328796,0.2543097138980945,-0.44994483062658647,0.01801838106772568,0,0,0.47811505876223226,0.2638337999332206,0.25805114130454726,0.5081234788247997,0.28037416412112465,0.21150235705407563,2025
6,2025-10-03 20:30:00,Hoffenheim,FC Koln,0.4838386012834553,0.23982151014780115,0.2763398885687435,1.9337387641222272,1.4322743405832317,0.3475687661147204,0.11969012350210713,0.05384040404503006,0.13835601881772708,-0.15864890002914087,0.17034376272360918,0,1,0.48522460342777596,0.2503552475132674,0.26442014905895656,0.40666199295847205,0.3076197092905086,0.2857182977510193,2025
6,2025-10-04 15:30:00,Augsburg,Wolfsburg,0.33429436403290247,0.27945412554445037,0.38625151042264727,1.3153259651248728,1.4289317852624615,0.3475687661147204,0.11969012350210713,-0.17407313563468035,-0.01910123684590388,-0.029705552636787504,0.0390639483349202,3,1,0.37756076336431427,0.2689179226241555,0.3535213140115302,0.3923613176632461,0.2958443968412209,0.3117942854955331,2025
6,2025-10-04 15:30:00,Dortmund,RB Leipzig,0.4939225727129225,0.24286855757583295,0.26320886971124446,1.905111123400687,1.3544597270375598,0.3475687661147204,0.11969012350210713,0.3220104469744505,-0.1447289972200885,0.10479120695161488,-0.1489573236803283,1,1,0.5629201406389478,0.20890591885934282,0.2281739405017094,0.5264348130172725,0.25036717016295595,0.22319801681977156,2025
6,2025-10-04 15:30:00,Leverkusen,Union Berlin,0.642652568883306,0.21454892613552362,0.14279850498117036,2.141076536003793,0.9268681971348706,0.3475687661147204,0.11969012350210713,0.2882772033498289,0.005772663785134642,-0.2122902980345772,-0.21122237376829775,2,0,0.5557125930167742,0.24285640311787046,0.20143100386535526,0.6092627492773728,0.19151510113053155,0.1992221495920957,2025
6,2025-10-04 15:30:00,Werder Bremen,St Pauli,0.4125032436707584,0.2921236322646805,0.2953731240645611,1.3795355331967005,1.1326192265618835,0.3475687661147204,0.11969012350210713,0.026295663694717593,-0.1718076809421943,-0.29613850736184716,0.07310259139824743,1,0,0.40738650689783523,0.26810906864216505,0.3245044244599998,0.45511882393642294,0.30609602630719557,0.23878514975638154,2025
6,2025-10-04 18:30:00,Ein Frankfurt,Bayern Munich,0.20412287123709788,0.19199936780070745,0.6038777609621948,1.518047547905559,2.6092559003837628,0.3475687661147204,0.11969012350210713,0.25296896396094676,-0.30280285236394766,0.606937700316462,0.004558618617527314,0,3,0.14064270001242427,0.16648517492636797,0.6928721250612078,0.19695939869487306,0.28480232016295437,0.5182382811421726,2025
6,2025-10-05 15:30:00,Stuttgart,Heidenheim,0.6052328548770293,0.2238224783551489,0.17094466676782166,2.0888543076974146,1.040042847176848,0.3475687661147204,0.11969012350210713,0.1631020442876289,0.10625480363248936,-0.23316509531157403,-0.07514175929002152,1,0,0.678629057789017,0.18642181627010548,0.13494912594087746,0.734405431975157,0.18072140587386493,0.08487316215097813,2025
6,2025-10-05 17:30:00,Hamburg,Mainz,0.1798324376977678,0.2730900576844518,0.5470775046177805,0.8205495750717153,1.6013027748850237,0.3475687661147204,0.11969012350210713,-0.5134392070366031,-0.1516006322947402,-0.04076907144372702,0.16401783756896174,4,0,0.3050185252790443,0.2559828495529854,0.4389986251679703,0.34827875154037236,0.21376545463784913,0.43795579382177857,2025
6,2025-10-05 19:30:00,M'gladbach,Freiburg,0.38478055897485347,0.25483089420336597,0.36038854682178034,1.6306431983674592,1.5735109920156756,0.3475687661147204,0.11969012350210713,0.011142700679145707,0.010572946913938846,-0.024647182556565107,0.13038783965039885,0,0,0.36436276468238116,0.2808629644426688,0.35477427087495,0.30482126442416724,0.2923399446187166,0.4028387909571161,2025
7,2025-10-17 20:30:00,Union Berlin,M'gladbach,0.369660547297172,0.2747703817105297,0.35556907099229806,1.4313175694549503,1.400092508778674,0.33805252350551057,0.13067198307192252,-0.22731901000712365,0.11718990073527019,-0.014781753324213833,0.01326754195593413,3,1,0.4206850523204538,0.28298333849784285,0.2963316091817033,0.38632873090868847,0.35425645277180784,0.2594148163195037,2025
7,2025-10-18 15:30:00,FC Koln,Augsburg,0.3739528141091244,0.27954898664857175,0.34649819924230385,1.4044473920198872,1.3443958698792933,0.33805252350551057,0.13067198307192252,-0.175649079106287,0.046568482657480925,-0.14211747311553763,0.10000969438195662,1,1,0.4759481961147087,0.24930619796484743,0.274745605920444,0.4053753302286232,0.2645076762515186,0.3301169935198581,2025
7,2025-10-18 15:30:00,Heidenheim,Werder Bremen,0.31071843538443544,0.26852573919582917,0.42075582541973555,1.3274741198921018,1.5745789105827306,0.33805252350551057,0.13067198307192252,-0.2539767379261109,0.06853020991941618,0.020443706744604804,0.09549164792069206,2,2,0.35268127271619726,0.2721557798127881,0.37516294747101464,0.4131160002554058,0.16937547523715238,0.4175085245074419,2025
7,2025-10-18 15:30:00,Mainz,Leverkusen,0.25964716155026807,0.26111747698463134,0.4792353614651007,1.2080171391041687,1.705678426472338,0.33805252350551057,0.13067198307192252,-0.06416354607149177,-0.21558067309382706,0.28433641173657265,-0.08842599956009413,3,4,0.376246878958956,0.2715520952486378,0.3522010257924062,0.13135376523579653,0.20870622308695594,0.6599400116772476,2025
7,2025-10-18 15:30:00,RB Leipzig,Hamburg,0.6097053484021582,0.2345087109680969,0.15578594062974477,1.9415671064211981,0.8900887338278859,0.33805252350551057,0.13067198307192252,0.09842870851517768,0.09634221871349975,-0.3067498132575284,-0.14773683054353218,2,1,0.6492655038542866,0.18980543963482172,0.16092905651089157,0.6582913615941371,0.22792483682686873,0.1137838015789941,2025
7,2025-10-18 15:30:00,Wolfsburg,Stuttgart,0.319419233816196,0.25912758736412533,0.4214531788196786,1.4241205400196821,1.659484999199345,0.33805252350551057,0.13067198307192252,-0.03520999477217555,-0.07996005350776238,0.14883235595420616,0.019622433327724047,0,3,0.33242110423925314,0.2672590127832632,0.40031988297748355,0.3634459679755274,0.22305169617567158,0.4135023358488009,2025
7,2025-10-18 18:30:00,Bayern Munich,Dortmund,0.6206599622561139,0.19347536300116225,0.185864674742724,2.5466111961021456,1.379045712058854,0.33805252350551057,0.13067198307192252,0.6085974451746947,-0.14255841911431463,0.30640471992858465,-0.32306549647120963,2,1,0.7008929259904693,0.17141403081288653,0.1276930431966442,0.516270031701694,0.2687683838462259,0.21496158445207997,2025
7,2025-10-19 15:30:00,Freiburg,Ein Frankfurt,0.33161344568813267,0.24812985557012585,0.42025669874174143,1.5533398061095582,1.764589946722083,0.33805252350551057,0.13067198307192252,-0.050503196386527824,0.022186016293178287,0.23303922390131196,-0.003173408816502671,2,2,0.3832278939489061,0.2663109093543246,0.3504611966967692,0.4303363189637199,0.23015253341993847,0.3395111476163416,2025
7,2025-10-19 17:30:00,St Pauli,Hoffenheim,0.396538078327906,0.28870096237770854,0.3147609592943855,1.3794988739732632,1.2051954894113446,0.33805252350551057,0.13067198307192252,-0.3229611061457306,0.1759568979860193,0.0225342018043465,-0.17394493964877206,0,3,0.3558034896268095,0.2773174257385427,0.3668790846346479,0.40944418655563686,0.2566671220779915,0.33388869136637167,2025
8,2025-10-24 20:30:00,Werder Bremen,Union Berlin,0.4532042002836649,0.26606067268660366,0.28073512702973147,1.6373903984530538,1.249599955239402,0.34799346917468066,0.12094326382250697,0.02178329750918902,0.002383723538420878,-0.19940122386618248,0.07423121897484479,1,0,0.4119064019206956,0.2726201330631194,0.31547346501618495,0.4441187086879718,0.2849641209631774,0.27091717034885077,2025
8,2025-10-25 15:30:00,Augsburg,RB Leipzig,0.2682015480343337,0.2699582649749113,0.46184018699075496,1.1812695890462874,1.6109077858678575,0.34799346917468066,0.12094326382250697,-0.15353393387844258,-0.14881301611082293,0.09392232370360024,0.03488206937277882,0,6,0.29126213592233013,0.24757281553398058,0.4611650485436893,0.34599275374904426,0.24471361939408043,0.4092936268568754,2025
8,2025-10-25 15:30:00,Ein Frankfurt,St Pauli,0.5381356762404859,0.257124649945057,0.204739673814457,1.7565686719886275,1.0086179980031407,0.34799346917468066,0.12094326382250697,0.23169811096388773,-0.13727255607862576,-0.3619562065179337,0.02254381238462478,2,0,0.5739622043361102,0.22096197537822082,0.205075820285669,0.5472695078899249,0.3083844748307384,0.14434601727933674,2025
8,2025-10-25 15:30:00,Hamburg,Wolfsburg,0.3014678470039672,0.2808402328508049,0.41769192014522805,1.2175712537690904,1.4699055012640039,0.34799346917468066,0.12094326382250697,-0.30645182497174356,0.0343731908929999,-0.06179197608231165,0.09899662077749699,0,1,0.4364024900120784,0.25754901049893153,0.3060484994889901,0.4858524351659364,0.219998051143741,0.29414951369032255,2025
8,2025-10-25 15:30:00,Hoffenheim,Heidenheim,0.49314784671031037,0.24807090446670244,0.25878124882298725,1.8470070616399417,1.2965756791708636,0.34799346917468066,0.12094326382250697,0.046639697732163386,0.09799009378306447,-0.24106918480074987,0.15280241182101675,3,1,0.6004885744821619,0.21573616977963253,0.18377525573820552,0.541586097165663,0.26309931716831064,0.19531458566602636,2025
8,2025-10-25 15:30:00,M'gladbach,Bayern Munich,0.10802787004265813,0.15292987653677995,0.7390422534205621,1.1165252949794537,2.9430036670876256,0.34799346917468066,0.12094326382250697,-0.0239009032260192,-0.3348143821278878,0.5986592567098976,0.1327779894032308,0,3,0.10051539251855786,0.13994490756298472,0.7595396999184574,0.09671685941474846,0.06873637515352155,0.83454676543173,2025
8,2025-10-25 18:30:00,Dortmund,FC Koln,0.663966223799068,0.19827778740495006,0.13775598879598203,2.337661236062526,0.9989917068986469,0.34799346917468066,0.12094326382250697,0.2940336622693116,0.0861805625299969,-0.19241958158865272,-0.15658268935682412,1,0,0.6881294322043466,0.1841283832265537,0.1277421845690996,0.7448792393999819,0.17205686062660963,0.08306389997340853,2025
8,2025-10-26 15:30:00,Leverkusen,Freiburg,0.6021456446101743,0.2186154074786416,0.17923894791118422,2.1674299324111543,1.1242933871373553,0.34799346917468066,0.12094326382250697,0.3084856733856907,-0.003880303686737483,-0.04587059812885828,-0.18496813304943346,2,0,0.48145133155018033,0.26212350273287593,0.25642516571694385,0.7062946316094315,0.162579783941578,0.13112558444899042,2025
8,2025-10-26 17:30:00,Stuttgart,Mainz,0.49393873645293224,0.25420043696246647,0.2518608265846013,1.78273781485915,1.225006489132685,0.34799346917468066,0.12094326382250697,0.16166843929267516,-0.0524548914119633,-0.036936041289734066,-0.1081112866511152,2,1,0.45677623804511785,0.2606534765576019,0.28257028539728013,0.6801706611315955,0.21584520509858723,0.10398413376981729,2025
9,2025-10-31 20:30:00,Augsburg,Dortmund,0.19088870513135256,0.2274220909141633,0.581689203954484,1.127398333021694,2.073079265288819,0.3389127271880506,0.11607484246056611,-0.1654720084040911,-0.16960294318442007,0.28485843551976764,0.10526390700893301,0,1,0.17546941484170667,0.21661396728734825,0.607916617870945,0.37290501689476385,0.1434526647678409,0.4836423183373952,2025
9,2025-11-01 15:30:00,Heidenheim,Ein Frankfurt,0.22588992438605648,0.23392257464998104,0.5401875009639624,1.2586548443907422,2.018125692573156,0.3389127271880506,0.11607484246056611,-0.2385333191525601,0.013589316376943019,0.2424580355406297,0.1207984429782041,1,1,0.23515895177215648,0.23340838885573842,0.531432659372105,0.17373524323996684,0.22535942774908072,0.6009053290109525,2025
9,2025-11-01 15:30:00,Mainz,Werder Bremen,0.42382120017760605,0.26350289121041526,0.31267590861197886,1.6231970823974264,1.3701135539265923,0.3389127271880506,0.11607484246056611,-0.03177780861605398,0.061187951056543156,0.018343023515244635,-0.0423621282203183,1,1,0.5056474088975503,0.24685149095785924,0.24750110014459042,0.31978013493137647,0.30062413234454677,0.3795957327240769,2025
9,2025-11-01 15:30:00,RB Leipzig,Stuttgart,0.42540828390950086,0.2581875758604114,0.3164041402300876,1.674395547322076,1.4223935337131497,0.3389127271880506,0.11607484246056611,0.16577595615524796,-0.10531129292549968,0.17207456303093147,-0.1586462504914989,3,1,0.4514352590056395,0.25093076896856026,0.29763397202580016,0.45354785370572376,0.28486668063779697,0.26158546565647933,2025
9,2025-11-01 15:30:00,St Pauli,M'gladbach,0.3592686867043535,0.3001719683131861,0.3405593449824602,1.2368618033936805,1.1980509429208501,0.3389127271880506,0.11607484246056611,-0.38230630936138116,0.1398961077176996,-0.032776311416391514,-0.12544039367627288,0,4,0.4083536431632911,0.2782586771997647,0.3133876796369443,0.43372123036806076,0.22196129653345303,0.34431747309848615,2025
9,2025-11-01 15:30:00,Union Berlin,Freiburg,0.34307771350736926,0.28937829811570986,0.36754398837692104,1.2702595705525888,1.3224166325859952,0.3389127271880506,0.11607484246056611,-0.21494942320696864,-0.0008168805932937754,-0.057633178988945544,-0.0018187031779083418,0,0,0.36012145414940844,0.3004835063284873,0.3393950395221044,0.37194796001491465,0.27468973462023144,0.35336230536485397,2025
9,2025-11-01 18:30:00,Bayern Munich,Leverkusen,0.592320726110499,0.20680433467157916,0.20087493921792174,2.3644055883814667,1.34931774215144,0.3389127271880506,0.11607484246056611,0.6052218785834566,-0.19968279471516198,0.31376271793748595,-0.3530763566049023,3,0,0.7479522367875091,0.15200319650842928,0.10004456670406173,0.5270762117650042,0.20733354728722525,0.26559024094777056,2025
9,2025-11-02 15:30:00,FC Koln,Hamburg,0.4349084217439415,0.29734295486530854,0.26774862339074995,1.370847184569471,1.0246917517124339,0.3389127271880506,0.11607484246056611,-0.2209657954970605,0.08140715746598366,-0.37078269681057435,0.05626180694790003,4,1,0.3886057692307692,0.2667548076923077,0.3446394230769231,0.4148866991238426,0.25813930317880474,0.32697399769735275,2025
9,2025-11-02 17:30:00,Wolfsburg,Hoffenheim,0.4138456877959823,0.25048338753821164,0.33567092466580617,1.7296952409143052,1.5445769431977312,0.3389127271880506,0.11607484246056611,-0.06372807081467566,0.15668573283630763,0.07354933481300807,0.02228798767925056,2,3,0.34855711900787023,0.2543524922489864,0.3970903887431433,0.3899030332196776,0.25309424490449267,0.35700272187582976,2025
10,2025-11-07 20:30:00,Werder Bremen,Wolfsburg,0.43110244130987746,0.25908618245897647,0.3098113762311462,1.674369722547827,1.3949233964040704,0.34249610395177105,0.11896060616180923,0.012614372536135348,0.04136572676825828,-0.0593511071892378,0.04969450403103071,2,1,0.44063719216000746,0.25905593165450985,0.30030687618548274,0.5876409555247011,0.16910414243194516,0.24325490204335373,2025
10,2025-11-08 15:30:00,Hamburg,Dortmund,0.13081452295912657,0.20579751037188218,0.6633879666689915,0.9002920811855183,2.21439204417223,0.34249610395177105,0.11896060616180923,-0.37240336316204936,-0.19408938060876016,0.2703778120545698,0.182103977659375,1,1,0.24847105971738087,0.24523575946064416,0.5062931808219749,0.36957797238710544,0.11505586128202873,0.5153661663308658,2025
10,2025-11-08 15:30:00,Hoffenheim,RB Leipzig,0.27958752766717,0.23607264573250092,0.4843398266003291,1.4776919356808875,1.978416119764213,0.34249610395177105,0.11896060616180923,0.09712675138747609,-0.1681020939337712,0.18156979311837743,0.15823068800092896,3,1,0.34938734368601754,0.25088984785964025,0.39972280845434216,0.2798378265313703,0.22984530734976755,0.4903168661188622,2025
10,2025-11-08 15:30:00,Leverkusen,Heidenheim,0.6892410213407691,0.19115202378515161,0.11960695487407941,2.367233711951264,0.9115116778997875,0.34249610395177105,0.11896060616180923,0.2981983911942337,0.10206696197179053,-0.24584755781857937,-0.1892994193400219,6,0,0.6805695308110046,0.19072412254582585,0.12870634664316957,0.7469451537560512,0.16993202322064516,0.08312282302330361,2025
10,2025-11-08 15:30:00,Union Berlin,Bayern Munich,0.09747487047704398,0.1727412872027926,0.7297838423201634,0.8486293865587612,2.5218622123550904,0.34249610395177105,0.11896060616180923,-0.24158739271649193,-0.38400203475175904,0.6082835140229699,-0.025782016200851597,2,2,0.08039994874998635,0.14085013443196412,0.7787499168180496,0.10943265158991358,0.13778822366150112,0.7527791247485853,2025
10,2025-11-08 18:30:00,M'gladbach,FC Koln,0.4388805281116944,0.25818487963698955,0.3029345922513161,1.6935889496676946,1.3799416591822395,0.34249610395177105,0.11896060616180923,0.011135384509070485,0.05425782143530786,-0.14384642405011142,0.12339154241890142,3,1,0.4635423519195853,0.25640081046233193,0.28005683761808275,0.36413798841948275,0.22503848536770668,0.4108235262128106,2025
10,2025-11-09 15:30:00,Freiburg,St Pauli,0.46369180045423075,0.3011095568850836,0.2351986426606857,1.3701520029299208,0.9051604996370812,0.34249610395177105,0.11896060616180923,-0.08002189015113514,-0.06651313523328563,-0.4167568183832373,-0.025382288909699655,2,1,0.5319866952415124,0.26375810940545574,0.20425519535303185,0.5488231922882133,0.2414901237885859,0.20968668392320086,2025
10,2025-11-09 17:30:00,Stuttgart,Augsburg,0.5879141301407393,0.22907121588614332,0.18301465397311728,2.043753077621554,1.0732653303270931,0.34249610395177105,0.11896060616180923,0.16735134630977191,0.08597980510881398,-0.18606173770798623,-0.08572865420081888,3,2,0.6231771618329438,0.20818529078932413,0.16863754737773207,0.6790219970465412,0.20746872097631064,0.1135092819771483,2025
10,2025-11-09 19:30:00,Ein Frankfurt,Mainz,0.49090852624430525,0.2437378587848833,0.26535361497081145,1.893609287745514,1.3562709486409859,0.34249610395177105,0.11896060616180923,0.22887148770368512,-0.051843513803083684,-0.044641050819397655,0.00688393105754124,1,0,0.5125677673730902,0.2418268440939708,0.24560538853293906,0.6316240711453482,0.21215728333850178,0.15621864551614995,2025
11,2025-11-21 20:30:00,Mainz,Hoffenheim,0.4321818161889883,0.2532398514732473,0.3145783323377644,1.7322236284327177,1.4566128979787838,0.33218842130669246,0.14431412510412525,-0.0706357352560105,0.14353910637399686,0.11245339319812551,-0.06852800688941013,1,1,0.3787920923765189,0.26795236080043533,0.3532555468230458,0.32849821281906416,0.25356398068917707,0.4179378064917588,2025
11,2025-11-22 15:30:00,Augsburg,Hamburg,0.47673873908404474,0.277165098832185,0.2460961620837701,1.560091422456868,1.0608927071755117,0.33218842130669246,0.14431412510412525,-0.17302022148254767,0.1412620987550382,-0.37273663725676776,0.09965894622300811,1,0,0.3863851155395293,0.2781061008603102,0.3355087836001607,0.5019108495704833,0.23128202883112847,0.2668071215983883,2025
11,2025-11-22 15:30:00,Bayern Munich,Freiburg,0.7680391226424484,0.14753454867645213,0.08442632868109962,2.8552409365352176,0.9054952042845633,0.33218842130669246,0.14431412510412525,0.6007299874961292,-0.028076303279063672,-0.07108135239007325,-0.36038036679631114,6,2,0.8136863300810712,0.12258131725896654,0.06373235265996234,0.7223931129313589,0.14534887927965207,0.132258007788989,2025
11,2025-11-22 15:30:00,Dortmund,Stuttgart,0.4954822003103877,0.2413207025901993,0.26319709709941297,1.9236344914630077,1.3667612708379047,0.33218842130669246,0.14431412510412525,0.24880860368892754,-0.07109478915550937,0.1739605659111945,-0.19370508200718514,3,3,0.5294606246786294,0.24289688451751557,0.22764249080385515,0.5558945007964969,0.2224770095540549,0.22162848964944823,2025
11,2025-11-22 15:30:00,Heidenheim,M'gladbach,0.3096553249804649,0.259791921871113,0.430552753148422,1.3889935957182944,1.6669834744863237,0.33218842130669246,0.14431412510412525,-0.2636918158637505,0.11576872250053925,0.027187449092487284,0.15163981999479909,0,3,0.28941039282851105,0.26054952262954595,0.450040084541943,0.35273007670863255,0.3062173678358065,0.341052555455561,2025
11,2025-11-22 15:30:00,Wolfsburg,Leverkusen,0.21543439705248682,0.23174945916694517,0.5528161437805678,1.2238995589811597,2.0404805699766295,0.33218842130669246,0.14431412510412525,-0.07007478916100314,-0.2043856361826733,0.3366341659362767,0.04436276638802723,1,3,0.28015014871487554,0.24779685070055923,0.47205300058456534,0.13147653017677602,0.1779201746731058,0.6906032951501182,2025
11,2025-11-22 18:30:00,FC Koln,Ein Frankfurt,0.26718387280291994,0.245278085877142,0.487538041319938,1.3514626989988074,1.874382172455694,0.33218842130669246,0.14431412510412525,-0.1566559030004012,-0.018659156761845076,0.21066475445121244,0.085425921341142,3,4,0.34839176002891215,0.2612938200216841,0.39031441994940363,0.2846906677397794,0.24333531942540132,0.4719740128348193,2025
11,2025-11-23 15:30:00,RB Leipzig,Werder Bremen,0.5385513865620308,0.2373504478479952,0.22409816558997409,1.9763077735165258,1.2245545113506464,0.33218842130669246,0.14431412510412525,0.16424936820246133,0.04047842841191881,0.01328594917321317,-0.14289725682863189,2,0,0.6239522321848526,0.19961183699134058,0.17643593082380665,0.6829252273174012,0.15015637711732976,0.16691839556526883,2025
11,2025-11-23 17:30:00,St Pauli,Union Berlin,0.32985188080611866,0.32758862007476874,0.34255949911911254,1.03159709710718,1.0562945213923693,0.33218842130669246,0.14431412510412525,-0.4097237820449574,-0.035670583316092914,-0.22062917158382234,-0.05679220049128248,0,1,0.3581125187621357,0.3171164728432379,0.32477100839462647,0.3231949469235706,0.22431754712727514,0.4524875059491544,2025
12,2025-11-28 20:30:00,M'gladbach,RB Leipzig,0.29446469546959625,0.24969760561668794,0.45583769891371595,1.418266902359268,1.7989395764360014,0.33651753645975,0.1383482672455413,0.04365045507940134,-0.1690806238738851,0.16133403904957547,0.0893457915887239,0,0,0.3349830255695756,0.25034635687513496,0.4146706175552896,0.3088665562966177,0.23931098462950806,0.4518224590738743,2025
12,2025-11-29 15:30:00,Bayern Munich,St Pauli,0.8174364144867337,0.12990736836632277,0.05265621714694374,2.8373695272458397,0.6454822022901645,0.33651753645975,0.1383482672455413,0.6305331467551677,-0.06252155029749269,-0.43652285626757886,-0.3377523212426831,3,1,0.8549893334774407,0.09968888236974362,0.04532178415281563,0.8039009131948378,0.13615265897173848,0.05994642783342387,2025
12,2025-11-29 15:30:00,Hoffenheim,Augsburg,0.5054686128582285,0.24194632060975335,0.2525850665320182,1.9206587579606391,1.31751378194068,0.33651753645975,0.1383482672455413,0.09971121509928561,0.07809121149320249,-0.18682269154239253,0.12605161713734814,3,0,0.5515859807822119,0.23404764941379214,0.214366369803996,0.43843271526911803,0.36935594717369313,0.19221133755718872,2025
12,2025-11-29 15:30:00,Union Berlin,Heidenheim,0.48343640340579996,0.28282331275569456,0.2337402838385053,1.5173529372421595,0.9866579473654961,0.33651753645975,0.1383482672455413,-0.22331162698387685,0.16541315132610462,-0.2920627903662517,-0.05788660359425148,1,2,0.5970891901977857,0.24567732305013062,0.1572334867520836,0.5305802314068824,0.2281919343935406,0.24122783419957708,2025
12,2025-11-29 15:30:00,Werder Bremen,FC Koln,0.48674550289678636,0.2503059562387658,0.26294854086444797,1.8194640571289975,1.296491842839628,0.33651753645975,0.1383482672455413,-0.008368899239506305,0.13204507915195968,-0.11176275966044785,0.03490725749960672,1,1,0.43164882543610816,0.25363731521582633,0.3147138593480655,0.5143451505038666,0.30588840860871075,0.1797664408874226,2025
12,2025-11-29 18:30:00,Leverkusen,Dortmund,0.4729128497472592,0.2400729041841559,0.287014246068585,1.9218308585617456,1.4717106721505955,0.33651753645975,0.1383482672455413,0.34500124605649457,-0.16658874591563813,0.2617257340586238,-0.21181782377652592,1,2,0.3546494785631518,0.2664880262649672,0.37886249517188103,0.6192448849885412,0.16828938457626982,0.212465730435189,2025
12,2025-11-30 15:30:00,Hamburg,Stuttgart,0.180850669237145,0.2402560364552922,0.5788932943075629,0.9918541414674804,1.9147450003421056,0.33651753645975,0.1383482672455413,-0.42704742483166885,-0.055997596192571844,0.1952302834047255,0.11783663481139074,2,1,0.3446808510638298,0.2680851063829788,0.3872340425531915,0.19439207854229762,0.22701241419704243,0.57859550726066,2025
12,2025-11-30 17:30:00,Ein Frankfurt,Wolfsburg,0.5591604357229988,0.22295928284814817,0.21788028142885324,2.1542019693456447,1.3052826458002122,0.33651753645975,0.1383482672455413,0.23771526513298413,0.05483927028470063,-0.07370497725868473,0.003607044942138384,1,1,0.49092546337489146,0.2435599198138996,0.2655146168112089,0.6932617239165622,0.20654122943518474,0.10019704664825307,2025
12,2025-11-30 19:30:00,Freiburg,Mainz,0.38306478530185417,0.28149139687202196,0.33544381782612376,1.4078671587135039,1.3042899562232868,0.33651753645975,0.1383482672455413,-0.05134759903176729,-0.08144229889329288,-0.0850499032026202,0.014191164596156013,4,0,0.543356479576658,0.2540558674777346,0.2025876529456074,0.46796133456867584,0.3295708254616615,0.20246783996966264,2025
13,2025-12-05 20:30:00,Mainz,M'gladbach,0.4050691262643168,0.26856139555003217,0.3263694781856511,1.5491210852963155,1.3720815104859152,0.3297076513557656,0.1474093225243822,-0.10435575997775394,0.06492651445547826,0.022327304282091273,-0.03570601812370927,0,1,0.35197363026615724,0.2780383410682366,0.3699880286656062,0.3895259794869311,0.23705133370979703,0.3734226868032719,2025
13,2025-12-06 15:30:00,Augsburg,Leverkusen,0.17258469003837024,0.22048381948616316,0.6069314904754666,1.0720096543847184,2.1326289458702634,0.3297076513557656,0.1474093225243822,-0.20933157409006567,-0.1982503312261312,0.3326211038563869,0.0950267103400961,2,0,0.2827770564423738,0.2645077522340182,0.452715191323608,0.12713333988075243,0.14105216056880068,0.7318144995504469,2025
13,2025-12-06 15:30:00,FC Koln,St Pauli,0.4301122687562399,0.29896921222909617,0.27091851901466385,1.3544902661978082,1.0258957303397795,0.3297076513557656,0.1474093225243822,-0.11824697617943229,-0.05544480145313778,-0.4232525424192556,0.11911100529851615,1,1,0.4736362529650685,0.271624248818584,0.2547394982163476,0.5259034474722234,0.24206690062958022,0.23202965189819638,2025
13,2025-12-06 15:30:00,Heidenheim,Freiburg,0.28028037624797075,0.26785652022069356,0.4518631035313358,1.2359946008943345,1.6199096398690302,0.3297076513557656,0.1474093225243822,-0.2675629832467235,0.0023220001840669685,-0.0113266100356735,0.16398932850993472,2,1,0.20490234126582943,0.2685329828555029,0.5265646758786677,0.27272292444357843,0.2745846246179827,0.4526924509384388,2025
13,2025-12-06 15:30:00,Stuttgart,Bayern Munich,0.1920101498655173,0.19549678406756613,0.6124930660669167,1.4005733025167448,2.526434502020572,0.3297076513557656,0.1474093225243822,0.18445316131769707,-0.3246884806019353,0.633080584857682,-0.03597921519286777,0,5,0.20075856514735974,0.20204823473074748,0.5971932001218928,0.3625610261831226,0.20855660547954272,0.42888236833733456,2025
13,2025-12-06 15:30:00,Wolfsburg,Union Berlin,0.42302995984673886,0.28648524209115983,0.2904847980621014,1.4344342233927796,1.1512722320243682,0.3297076513557656,0.1474093225243822,-0.0778571286207692,-0.03848934320511179,-0.23086925419206272,0.04202922244188079,3,1,0.4709897610921501,0.27303754266211605,0.25597269624573377,0.3490668488847163,0.2540253660517195,0.3969077850635641,2025
13,2025-12-06 18:30:00,RB Leipzig,Ein Frankfurt,0.4645727690945315,0.24568966843878218,0.2897375624666865,1.8509459029755244,1.4341878069196778,0.3297076513557656,0.1474093225243822,0.13695574729605062,0.0016240861509770471,0.2219796286890791,-0.19108857927433284,6,0,0.5466793529971455,0.23566127497621311,0.21765937202664126,0.46816523405093435,0.26113248229678027,0.2707022836522854,2025
13,2025-12-07 15:30:00,Hamburg,Werder Bremen,0.27842179080152296,0.28150378388736863,0.4400744253111085,1.1441578452941301,1.4930933032691547,0.3297076513557656,0.1474093225243822,-0.3775356602980501,0.0350875465133133,-0.021140148012018103,0.0922825070778988,3,2,0.3996139848242267,0.271783574693134,0.3286024404826393,0.35857520452235947,0.22009076561444754,0.42133402986319296,2025
13,2025-12-07 17:30:00,Dortmund,Hoffenheim,0.6003607579322756,0.20650904037293982,0.19313020169478465,2.3568974435737307,1.3046497648988158,0.3297076513557656,0.1474093225243822,0.26730580338388493,0.11292333431935371,0.11436132914883809,-0.17813435513802037,2,0,0.5877126632723332,0.2117883471251651,0.20049898960250173,0.6135815471039702,0.27142714299256077,0.11499130990346894,2025
14,2025-12-12 20:30:00,Union Berlin,RB Leipzig,0.22720690387373482,0.2688301959563581,0.5039629001699071,1.0366688853682569,1.6446336712831051,0.32640556511654434,0.16343610542169335,-0.23749955617966992,-0.21632953661121077,0.1863372676910297,-0.015225165618950579,3,1,0.3106858774746285,0.28354765323738684,0.40576646928798465,0.3112290341890709,0.23045205539435043,0.4583189104165786,2025
14,2025-12-13 15:30:00,Ein Frankfurt,Augsburg,0.5739373501810521,0.22419163363283984,0.20187101618610814,2.1250645743925594,1.2104327079727255,0.32640556511654434,0.16343610542169335,0.19960174355878998,0.06435877576708769,-0.19673518224812234,0.06130752270786388,1,0,0.5142804439388815,0.2550496510591202,0.23066990500199835,0.5835893908240445,0.2614977844868887,0.15491282468906684,2025
14,2025-12-13 15:30:00,Hoffenheim,Hamburg,0.5586557329688985,0.23569048795877565,0.2056537790723258,1.9874200524003003,1.146779251915359,0.32640556511654434,0.16343610542169335,0.09121825976396224,0.1057774112276986,-0.2945408722769993,0.10509266986774535,4,1,0.5596377526932486,0.22764925533284688,0.21271299197390445,0.6062137400593887,0.224896798511307,0.16888946142930428,2025
14,2025-12-13 15:30:00,M'gladbach,Wolfsburg,0.4472156597435213,0.2573134603343512,0.29547087992212745,1.7124567950888683,1.3619845872362304,0.32640556511654434,0.16343610542169335,0.008933548716235851,0.039153842436323145,-0.05672929512911121,0.039266621402899354,1,3,0.4722820406963986,0.25608753705336057,0.27163042225024087,0.38594944491911326,0.41779656762504663,0.19625398745584,2025
14,2025-12-13 15:30:00,St Pauli,Heidenheim,0.40274507363987644,0.31144927302666797,0.28580565333345564,1.2411190905332687,1.0061290328293764,0.32640556511654434,0.16343610542169335,-0.42747066077150425,0.15364245521437508,-0.2573091044094825,-0.06298613400466455,2,1,0.5078555928461482,0.27714833237916653,0.21499607477468521,0.4015077475444128,0.21191429606181636,0.3865779563937707,2025
14,2025-12-13 18:30:00,Leverkusen,FC Koln,0.6869675157652162,0.1858009669852434,0.1272315172495403,2.4782108293815406,1.0097096841014441,0.32640556511654434,0.16343610542169335,0.30214577030613554,0.11554941920411059,-0.13281141227388002,-0.1839313047924363,2,0,0.5415019762845851,0.22924901185770752,0.22924901185770752,0.7476452037823069,0.17264407681657762,0.07971071940111538,2025
14,2025-12-14 15:30:00,Freiburg,Dortmund,0.26291379696227274,0.25034572103333924,0.486740482004388,1.2960619507045656,1.819040211598405,0.32640556511654434,0.16343610542169335,-0.02609984675479914,-0.20441142552623717,0.25809865124651304,0.013804789359812998,1,1,0.25792952765382265,0.2689836502675579,0.4730868220786194,0.29947116056843026,0.2543002510247449,0.44622858840682483,2025
14,2025-12-14 17:30:00,Bayern Munich,Mainz,0.796390074744968,0.1335068739986432,0.07010305125638856,2.987475382734321,0.8499493843564156,0.32640556511654434,0.16343610542169335,0.6476284297171417,-0.04304142312063048,-0.136684195974043,-0.3522998482292994,2,2,0.8740270484745132,0.08251304303780371,0.04345990848768298,0.853551717745755,0.08261587921944177,0.06383240303480321,2025
14,2025-12-14 19:30:00,Werder Bremen,Stuttgart,0.348515882432327,0.24821488487506307,0.40326923269260995,1.6017889764296198,1.7324333167712311,0.32640556511654434,0.16343610542169335,-0.01696935850223013,-0.0017511971414934649,0.1639647966168711,0.05915660000962717,0,4,0.33438610343466246,0.25884984866429794,0.4067640479010396,0.39284791753911635,0.20601386235343225,0.4011382201074514,2025
15,2025-12-19 20:30:00,Dortmund,M'gladbach,0.6129612763055007,0.21387148982127863,0.17316723387322058,2.218641807875548,1.122482424339914,0.3321521912464288,0.1596829369722801,0.24568457979872846,0.0593755023875747,-0.003327394745381824,-0.21328211359299631,2,0,0.6373626373626373,0.2032967032967033,0.15934065934065933,0.7050494071522063,0.2068930991602855,0.08805749368750818,2025
15,2025-12-20 15:30:00,Augsburg,Werder Bremen,0.3710611869442373,0.27486608498931503,0.35407272806644785,1.4335512190774826,1.39591755945137,0.3321521912464288,0.1596829369722801,-0.21982234337827541,0.08814195094799279,-0.04381018396433759,0.045209940480021936,0,0,0.4258015019634673,0.2735527091102508,0.30064578892628196,0.35318718898729573,0.3203584324924022,0.3264543785203021,2025
15,2025-12-20 15:30:00,FC Koln,Union Berlin,0.3768844302618346,0.28754917323545,0.3355663965027156,1.3530010324870332,1.2645323990023383,0.3321521912464288,0.1596829369722801,-0.16424066121172903,-0.025269354709208994,-0.20225212580239446,0.10480234334243448,0,1,0.3730747455378728,0.29471735384183056,0.33220790062029665,0.3798812386469103,0.32116355747540287,0.29895520387768676,2025
15,2025-12-20 15:30:00,Hamburg,Ein Frankfurt,0.2316748203245773,0.23750362647180032,0.5308215532036223,1.2588022479222052,1.975922858424687,0.3321521912464288,0.1596829369722801,-0.30240967366399946,0.040735217417782535,0.18208434818961391,0.1667990198688201,1,1,0.3849912169614772,0.2771028228277299,0.337905960210793,0.2940065845435356,0.22345366966812322,0.4825397457883412,2025
15,2025-12-20 15:30:00,Stuttgart,Hoffenheim,0.5204095785686433,0.22094155766499157,0.25864886376636487,2.192543447439263,1.5265134780180551,0.3321521912464288,0.1596829369722801,0.1912375485702637,0.1019895846707967,0.11845688544534452,-0.02762271417794647,0,0,0.4826157436012998,0.24380847150842863,0.2735757848902716,0.6094012874336825,0.20495385836538244,0.18564485420093496,2025
15,2025-12-20 15:30:00,Wolfsburg,Freiburg,0.41050624738907415,0.2655443686783285,0.3239493839325974,1.5841033297156837,1.3878337261528233,0.3321521912464288,0.1596829369722801,-0.03174001953854144,-7.658400917349781e-05,-0.03080960053391071,0.02640147035821624,3,4,0.3902432079531725,0.2774295372174472,0.3323272548293802,0.3721089781906972,0.23808248026432027,0.38980854154498257,2025
15,2025-12-20 18:30:00,RB Leipzig,Leverkusen,0.3779164427656295,0.25758944253148314,0.36449411470288745,1.5906033260779122,1.5594084100105998,0.3321521912464288,0.1596829369722801,0.17699570231553693,-0.2047174359117218,0.29576575888889295,-0.1836114251497945,1,3,0.4591618530781286,0.24576548271805834,0.29507266420381306,0.5062790439912438,0.22033110248248813,0.2733898535262681,2025
15,2025-12-21 15:30:00,Mainz,St Pauli,0.46895108559102144,0.3026907615261585,0.22835815288281988,1.3627742990432514,0.8759994789697053,0.3321521912464288,0.1596829369722801,-0.11877310249968673,-0.06353947802727551,-0.40655318242376065,-0.05798879165203214,0,0,0.4799908413259725,0.28422418398758487,0.2357849746864426,0.49925967190836346,0.2082672274804128,0.2924731006112238,2025
15,2025-12-21 17:30:00,Heidenheim,Bayern Munich,0.07193307080899694,0.12970648676814625,0.7983604424228568,0.908721006209348,3.0916928812175497,0.3321521912464288,0.1596829369722801,-0.25776606231083726,-0.3297862216854016,0.6360432081974587,0.1605233994455702,0,4,0.07211367673179395,0.11598579040852576,0.8119005328596803,0.12457564017451614,0.13921978156166875,0.736204578263815,2025
16,2026-01-09 20:30:00,Ein Frankfurt,Dortmund,0.3113397800435108,0.24316918531370577,0.4454910346427835,1.5323659021301077,1.855817832893806,0.32793786493258564,0.14980566651114366,0.17425227784979036,-0.22518292698222114,0.24757651375944306,0.04281110047442387,3,3,0.28417117686938276,0.2569963375512724,0.4588324855793449,0.4062651528303465,0.285241662641711,0.3084931845279426,2025
16,2026-01-10 15:30:00,Freiburg,Hamburg,0.5636546022939793,0.2416834891315421,0.19466190857447843,1.911817740903285,1.0528712163573184,0.32793786493258564,0.14980566651114366,0.018924145500635734,0.15138680934588986,-0.30622135734882955,0.02980441643365692,2,1,0.5335527850496359,0.26230527980093826,0.20414193514942588,0.589088302114503,0.2731332749881661,0.13777842289733083,2025
16,2026-01-10 15:30:00,Heidenheim,FC Koln,0.3635147023689416,0.28012818676961815,0.3563571108614402,1.378558309853446,1.362923172197699,0.32793786493258564,0.14980566651114366,-0.2657692724644153,0.10906399110250345,-0.1962939395161271,0.17798785901646458,2,2,0.3468519070747838,0.2756506358277607,0.3774974570974554,0.3687819405946018,0.2343602046374309,0.3968578547679674,2025
16,2026-01-10 15:30:00,Union Berlin,Mainz,0.36554185149191243,0.30226643859485186,0.3321917099132358,1.2361712741562467,1.1673646638506912,0.32793786493258564,0.14980566651114366,-0.19990925916192412,-0.06581535152260085,-0.13423414318149976,-0.03895493752333725,2,2,0.44903927437227265,0.297470812675638,0.2534899129520894,0.4673712898671147,0.26510025111714186,0.26752845901574357,2025
16,2026-01-10 18:30:00,Leverkusen,Stuttgart,0.5452470591841252,0.22591787470315192,0.22883506611272297,2.1207080862200516,1.3367788110983039,0.32793786493258564,0.14980566651114366,0.3179453709956455,-0.0439388665880298,0.16825673469323144,-0.20593175191745303,1,4,0.4397385823117676,0.25571754514869094,0.30454387253954135,0.7182541694902258,0.09492909110995983,0.18681673939981436,2025
16,2026-01-11 15:30:00,M'gladbach,Augsburg,0.4724555664975878,0.26781023670280274,0.25973419679960924,1.638616471347632,1.1650281355977665,0.32793786493258564,0.14980566651114366,-0.015302024533139275,0.0314107638501679,-0.23796317115433713,0.06277054367548791,4,0,0.4925142249420797,0.2605823184596599,0.24690345659826043,0.4249219071090689,0.27425831797262157,0.3008197749183096,2025
16,2026-01-11 17:30:00,Bayern Munich,Wolfsburg,0.8110936480321123,0.11890481270266061,0.07000153926522706,3.325738638484639,0.9922343001507221,0.32793786493258564,0.14980566651114366,0.6504271078840016,0.07352115702178827,0.0007041062420895267,-0.33643798109226125,8,1,0.8421713578954156,0.1013138475663658,0.05651479453821843,0.8524532742832397,0.10410741789013599,0.04343930782662434,2025
16,2026-01-27 20:30:00,St Pauli,RB Leipzig,0.21418085886713817,0.2825142791585096,0.5033048619743521,0.9161892667698022,1.5266953476769984,0.32793786493258564,0.14980566651114366,-0.41634526469236904,-0.14893057929184428,0.176648530916434,-0.0814808998795132,1,1,0.19836935011477874,0.26319955671653605,0.5384310931686852,0.21682567686427684,0.17714469017996717,0.6060296329557561,2025
16,2026-01-27 20:30:00,Werder Bremen,Hoffenheim,0.3714242808602956,0.25071308716382323,0.3778626319758811,1.6382457818690717,1.6535095500385344,0.32793786493258564,0.14980566651114366,-0.06096673306514926,0.07684922577704345,0.10080211598531148,0.07416004815589589,0,2,0.2573630112301238,0.2545807084060143,0.48805628036386184,0.35940317377448994,0.25598437272003693,0.38461245350547313,2025
17,2026-01-13 18:30:00,Stuttgart,Ein Frankfurt,0.49051497526281523,0.2276485307478296,0.2818364939893552,2.0885937921173405,1.564879481337935,0.33267786323958554,0.15751168629020107,0.1948037706900443,0.051497692569284444,0.18495435465955218,-0.06982340560209971,3,2,0.5703239829323261,0.22194211599960803,0.2077339010680658,0.5476293251006165,0.21181556565740212,0.24055510924198148,2025
17,2026-01-13 20:30:00,Dortmund,Werder Bremen,0.6323172235477175,0.2096699926418407,0.15801278381044198,2.241650475028237,1.0572939053952681,0.33267786323958554,0.15751168629020107,0.25355746996567563,0.06346539426251385,-0.06974383838813576,-0.20722130042150105,3,0,0.6751298236885475,0.1882832177617463,0.13658695854970615,0.7270732408920498,0.19005850934121063,0.08286824976673947,2025
17,2026-01-13 20:30:00,Mainz,Heidenheim,0.5280626789842313,0.2614706948660196,0.21046662614974923,1.7154055702819397,1.009154274432086,0.33267786323958554,0.15751168629020107,-0.12743276172292234,0.17689274898248591,-0.2601283036169082,-0.06343693159200303,2,1,0.5401190468562789,0.25195901917692365,0.20792193396679765,0.469539286978261,0.23712087294935694,0.29333984007238223,2025
17,2026-01-14 18:30:00,Wolfsburg,St Pauli,0.46137613726296145,0.2854966001991066,0.2531272625379317,1.4821425932276258,1.0398321856127721,0.33267786323958554,0.15751168629020107,-0.004769600733374859,-0.09193120979826765,-0.42161834337860693,0.1279998202846601,2,1,0.5125093896554758,0.2702055234859815,0.21728508685854273,0.42615016811878137,0.32273953756893875,0.2511102943122799,2025
17,2026-01-14 20:30:00,FC Koln,Bayern Munich,0.07836653328553843,0.13305470613257178,0.7885787605818898,0.9624131369079458,3.0926266264886597,0.33267786323958554,0.15751168629020107,-0.18633395028124122,-0.34216706350964987,0.681202564741524,0.11514034278319785,1,3,0.09731092025740781,0.1384423401600235,0.7642467395825687,0.1181096159149265,0.1069736524857316,0.7749167315993418,2025
17,2026-01-14 20:30:00,Hoffenheim,M'gladbach,0.4501128603200257,0.24389230791434902,0.3059948317656253,1.8539826096649987,1.507546653283572,0.33267786323958554,0.15751168629020107,0.09059690761168382,0.03654963005798492,0.0116743579503696,0.0661313754021749,5,1,0.495236908174712,0.24696853688502698,0.25779455494026104,0.44900032395958583,0.32086635450393836,0.2301333215364758,2025
17,2026-01-14 20:30:00,RB Leipzig,Freiburg,0.5412146282068071,0.23821898616794956,0.2205663856252432,1.9650330161865,1.2015647530440585,0.33267786323958554,0.15751168629020107,0.16684875526955462,0.018470742511263447,0.010294745117387077,-0.15934794011161887,2,0,0.5511811023622047,0.24167171411265906,0.2071471835251363,0.5916431862085167,0.2173606037990111,0.1909962099924721,2025
17,2026-01-15 20:30:00,Augsburg,Union Berlin,0.34719896009502677,0.30126964813566043,0.351531391769313,1.2057547806996198,1.2147184586305304,0.33267786323958554,0.15751168629020107,-0.2678163799954116,-0.03526742465750566,-0.19314737246009453,0.054981837869749646,1,1,0.36287216139286527,0.3002680185327543,0.3368598200743803,0.417144441951809,0.25327004296770866,0.32958551508048245,2025
17,2026-03-04 20:30:00,Hamburg,Leverkusen,0.1561511827851065,0.21510754651732644,0.628741270697567,1.0082707343772472,2.1670919561757302,0.33267786323958554,0.15751168629020107,-0.31425854377472096,-0.16769428647685491,0.29595913710903815,0.1447491560887156,0,1,0.26510003670051274,0.2585273085178554,0.47637265478163193,0.2913723442246591,0.24550716710759862,0.4631204886677422,2025
18,2026-01-16 20:30:00,Werder Bremen,Ein Frankfurt,0.3372704616120281,0.24438719453278382,0.4183423438551879,1.6046358478736138,1.8000735604597027,0.32553253580574315,0.17325675286196462,-0.0892087753310832,0.06331633144276493,0.18996409626076038,0.07233089892264252,3,3,0.3648234903537571,0.2717670638287408,0.3634094458175022,0.3248213662335868,0.1973439139711434,0.4778347197952698,2025
18,2026-01-17 15:30:00,Dortmund,St Pauli,0.6566188182339564,0.22449551716592914,0.1188856646001145,1.9623295976817645,0.7220851342750093,0.32553253580574315,0.17325675286196462,0.2589413190743728,-0.08359827004427216,-0.42352308832902746,-0.22762168000907254,3,2,0.7238591448077615,0.18451311534315493,0.09162773984908375,0.7335471917061857,0.17180465438546264,0.09464815390835167,2025
18,2026-01-17 15:30:00,FC Koln,Mainz,0.33707347844742064,0.2856327581657684,0.3772937633868111,1.2806207691552223,1.3671719734344712,0.32553253580574315,0.17325675286196462,-0.1866826451039661,-0.06476170729250297,-0.12428790853878893,0.11149972609881229,2,1,0.4518767214323854,0.27086558518137227,0.2772576933862424,0.3983921956915547,0.26019226445148175,0.3414155398569636,2025
18,2026-01-17 15:30:00,Hamburg,M'gladbach,0.29864466431864056,0.26722059263886605,0.43413474304249344,1.2998966193404995,1.6046608486720562,0.32553253580574315,0.17325675286196462,-0.31565296442808405,0.07914841348146835,0.0042226804355927775,0.1431572087731062,0,0,0.3899553562344591,0.2755989467815385,0.33444569698400234,0.37917060580372364,0.2565195803947313,0.3643098138015451,2025
18,2026-01-17 15:30:00,Hoffenheim,Leverkusen,0.3060281447557307,0.23478857187017982,0.4591832833740895,1.5911575575484578,1.9693469991720938,0.32553253580574315,0.17325675286196462,0.13437010670098706,-0.1686976204018129,0.2935091286811872,0.05866035081233894,1,0,0.4070705670317482,0.2534590323027866,0.33947040066546513,0.3901954194810207,0.3092754326137213,0.30052914790525787,2025
18,2026-01-17 15:30:00,Wolfsburg,Heidenheim,0.5414545337400449,0.2374918646269115,0.2210536016330436,1.973743929439954,1.209105358161934,0.32553253580574315,0.17325675286196462,0.0018932671767519828,0.17924965509062352,-0.2621615752615755,0.12650975217325927,1,1,0.5655987671001019,0.2355486137299676,0.19885261916993052,0.5099860022902921,0.33984828051638294,0.15016571719332483,2025
18,2026-01-17 18:30:00,RB Leipzig,Bayern Munich,0.21734617074934948,0.2142523297640553,0.5684014994865951,1.3772924011310668,2.274079788251926,0.32553253580574315,0.17325675286196462,0.16387958536886726,-0.3425493303319726,0.6777520806956457,-0.1817091346065599,1,5,0.22856983163895844,0.21748445874191888,0.5539457096191228,0.22150489777708798,0.23120247715625858,0.5472926250666534,2025
18,2026-01-18 15:30:00,Stuttgart,Union Berlin,0.5682818631848926,0.2386440006196179,0.19307413619548958,1.9441557064703299,1.0640203190924147,0.32553253580574315,0.17325675286196462,0.20553578658556115,-0.039497276501576944,-0.1992793211239945,-0.0641987270532721,1,1,0.5966219864943619,0.23104478888752253,0.1723332246181155,0.6179503933449302,0.22238300926444626,0.15966659739062364,2025
18,2026-01-18 17:30:00,Augsburg,Freiburg,0.32083271234540744,0.28070467444974706,0.39846261320484533,1.2720973496577066,1.4410984256248411,0.32553253580574315,0.17325675286196462,-0.2733598678678345,0.01523757393934506,-0.010269568258106394,0.050142650832397224,2,2,0.36347865595506085,0.29419053716362736,0.34233080688131184,0.3158351427400887,0.22841507822165705,0.45574977903825414,2025
19,2026-01-23 20:30:00,St Pauli,Hamburg,0.42422209097278496,0.3179218170204498,0.25785609200676524,1.229304944139446,0.9015542454589318,0.32665596762690835,0.16955339419517546,-0.38643114797418726,0.0966707097496341,-0.36711827071099745,-0.06317276262022638,0,0,0.3347331964144543,0.3232303374311397,0.342036466154406,0.36458272730189073,0.2339911206083542,0.401426152089755,2025
19,2026-01-24 15:30:00,Bayern Munich,Augsburg,0.8664714693063227,0.09301282762605421,0.040515703067623025,3.4965005349166276,0.756844683801739,0.32665596762690835,0.16955339419517546,0.6980783822792698,0.057474877046727796,-0.2580349919694437,-0.3472181955664994,1,2,0.8414541081793584,0.10101056818444604,0.05753532363619546,0.8851333971521574,0.06563500137529894,0.04923160147254369,2025
19,2026-01-24 15:30:00,Ein Frankfurt,Hoffenheim,0.4602442335648014,0.22612336294145882,0.3136324034937396,2.0790816096233065,1.7068222706641438,0.32665596762690835,0.16955339419517546,0.20570245213658933,0.030014448414838784,0.12490673126137826,0.0830706215561756,1,3,0.31366283564397257,0.26196979848477037,0.424367365871257,0.44914329394685576,0.1870073780132123,0.363849328039932,2025
19,2026-01-24 15:30:00,Heidenheim,RB Leipzig,0.20375318900608252,0.2413639953406795,0.5548828156532379,1.0994493590570653,1.9214648147338997,0.32665596762690835,0.16955339419517546,-0.26600462581696455,-0.13539526420952516,0.1606805065594324,0.16575134531508384,0,3,0.20400411812264796,0.2167249291834135,0.5792709526939386,0.25442658788898764,0.1805211394561034,0.565052272654909,2025
19,2026-01-24 15:30:00,Leverkusen,Werder Bremen,0.6465807425463286,0.2009834472628996,0.15243581019077185,2.3458279057197813,1.083251442681209,0.32665596762690835,0.16955339419517546,0.2668517489238601,0.0895772803239407,-0.06555786006783158,-0.18113099411390365,1,0,0.6102472597501912,0.21310221769054294,0.17665052255926586,0.5813976095864082,0.19190991621970596,0.22669247419388586,2025
19,2026-01-24 15:30:00,Mainz,Wolfsburg,0.4414599650212987,0.26526737431021424,0.293272660668487,1.6312931597459877,1.2965335500946475,0.32665596762690835,0.16955339419517546,-0.12930372139492705,0.12246740939353228,-0.01247958461555583,-0.05448217991445443,3,1,0.41049998187157827,0.2822957833291034,0.3072042347993184,0.47192196162869976,0.17804892261991997,0.3500291157513802,2025
19,2026-01-24 18:30:00,Union Berlin,Dortmund,0.2301789280411533,0.2606542164572638,0.5091668555015829,1.0960899198700422,1.7229545949682838,0.32665596762690835,0.16955339419517546,-0.200635089615512,-0.20382504336910065,0.27134815912799565,-0.05396352186726032,0,3,0.29288074496845895,0.2892760588765395,0.4178431961550015,0.16402545989069497,0.30912641326607376,0.5268481268432312,2025
19,2026-01-25 15:30:00,M'gladbach,Stuttgart,0.31698632681595934,0.24827130343807416,0.4347423697459665,1.5062458521616202,1.7862465998202643,0.32665596762690835,0.16955339419517546,-0.02058234507404933,-0.06600665224661946,0.19357822685029857,0.05988235225332841,0,3,0.32728661976570633,0.26110400690449703,0.41160937332979664,0.29779819669974894,0.27054847159759926,0.43165333170265174,2025
19,2026-01-25 17:30:00,Freiburg,FC Koln,0.5083342770754076,0.25085612864629214,0.2408095942783003,1.822823378409902,1.2030845082195234,0.32665596762690835,0.16955339419517546,-0.0012817260502854223,0.10545897010209808,-0.16862039892818936,0.026853113723083168,2,1,0.4751447394689559,0.26132960670792577,0.26352565382311843,0.48942698945298063,0.3601514479715914,0.15042156257542796,2025
20,2026-01-30 20:30:00,FC Koln,Wolfsburg,0.37645833326364503,0.2589714683459968,0.3645701983903583,1.575147154609254,1.5476259771838339,0.33140321949905227,0.14564779839535555,-0.16924150534458568,0.1465391868612627,-0.010084074470622451,0.11540298413875351,1,0,0.4634280421407755,0.25987815622811444,0.27669380163111007,0.44888225900964673,0.20097277771219546,0.3501449632781578,2025
20,2026-01-31 15:30:00,Augsburg,St Pauli,0.39674621010132155,0.321039179595583,0.28221461030309536,1.1781721581760825,0.9531264656131709,0.33140321949905227,0.14564779839535555,-0.2296628858485858,-0.08342391303261897,-0.40974732716590656,0.030336426171818684,2,1,0.4457622647136417,0.3073720191326092,0.24686571615374908,0.49056827678199766,0.26687231675497564,0.2425594064630266,2025
20,2026-01-31 15:30:00,Ein Frankfurt,Leverkusen,0.30664393186441496,0.23229629462975024,0.4610597735058348,1.6176129704749884,2.0018357323910907,0.33140321949905227,0.14564779839535555,0.1996030842965617,-0.19570251459397445,0.25617802586238775,0.10648338041245779,1,3,0.2781059710987912,0.26111060619830956,0.4607834227028991,0.4254187437677383,0.20845443890973378,0.36612681732252794,2025
20,2026-01-31 15:30:00,Hoffenheim,Union Berlin,0.5248147973780904,0.2515583238854478,0.22362687873646175,1.8168948123232558,1.125143439994971,0.33140321949905227,0.14564779839535555,0.1503716532023436,-0.030293774209719924,-0.2126386137690008,-0.0008540759836329202,3,1,0.5190710410222606,0.2588205466254247,0.2221084123523148,0.528785146091168,0.31520617976266946,0.15600867414616254,2025
20,2026-01-31 15:30:00,RB Leipzig,Mainz,0.5335208667196928,0.25136203513867017,0.21511709814163715,1.817863003787896,1.0888691854187857,0.33140321949905227,0.14564779839535555,0.17223607721123835,-0.051625457641926296,-0.10090323439645758,-0.14536027194956894,1,2,0.6189287152637939,0.208135320177205,0.1729359645590012,0.6086745313544594,0.24457067191996043,0.1467547967255803,2025
20,2026-01-31 15:30:00,Werder Bremen,M'gladbach,0.39419245516122536,0.26333413169439385,0.34247341314438096,1.57396074099567,1.4557856970259695,0.33140321949905227,0.14564779839535555,-0.10467144193551654,0.08121563153699309,-0.036024264288828656,0.08016679762279501,1,1,0.4382871536523929,0.26952141057934503,0.29219143576826195,0.3874116432591191,0.271234205108703,0.34135415163217786,2025
20,2026-01-31 18:30:00,Hamburg,Bayern Munich,0.06403384966838505,0.13134856860958305,0.804617581722032,0.7877715957620337,2.9584452018392344,0.33140321949905227,0.14564779839535555,-0.39814599418198743,-0.3174521079460713,0.6850744639034402,0.06818617728213955,2,2,0.1040439467684699,0.1578175017481336,0.7381385514833966,0.09575222427812526,0.06605832206007614,0.8381894536617986,2025
20,2026-02-01 15:30:00,Stuttgart,Freiburg,0.5407363311817323,0.23095179312637373,0.22831187569189407,2.0557181112956813,1.2933710658166024,0.33140321949905227,0.14564779839535555,0.21321825055857738,0.03035596433919563,0.007596655941328768,-0.08174783629841326,1,0,0.5770848613281306,0.22775988473725253,0.19515525393461677,0.45365400705276815,0.30726238750491935,0.23908360544231258,2025
20,2026-02-01 17:30:00,Dortmund,Heidenheim,0.7416046454406634,0.16597286989622895,0.09242248466310773,2.5951404619693426,0.8479410863812069,0.33140321949905227,0.14564779839535555,0.291850371118645,0.1847392540664647,-0.2815343476919499,-0.2148129910178065,3,2,0.7490887949732787,0.15652601686008807,0.09438518816663312,0.6796263378307799,0.2266464024209946,0.09372725974822563,2025
21,2026-02-06 20:30:00,Union Berlin,Ein Frankfurt,0.32950650589532493,0.2571242789772478,0.41336921512742736,1.47009887758541,1.664856876711865,0.3311316012408808,0.14784987336012148,-0.21407370069575848,0.12042188828684666,0.19018284514467634,-0.011575286580730544,1,1,0.43902124113322566,0.2771402525147796,0.2838385063519948,0.33370542904955514,0.25950093843031585,0.40679363252012907,2025
21,2026-02-07 15:30:00,Freiburg,Werder Bremen,0.4703228438768545,0.25919993888395315,0.2704772172391923,1.7175403003114618,1.260917628698476,0.3311316012408808,0.14784987336012148,-0.012739314451250537,0.07465104920837433,-0.11557126366166832,0.016279395064173637,1,0,0.4476416333214887,0.2814513263398582,0.27090704033865315,0.5291122107083549,0.19879755740203875,0.2720902318896064,2025
21,2026-02-07 15:30:00,Heidenheim,Hamburg,0.38082083293315,0.2955766748500277,0.3236024922168223,1.306091992474453,1.1861310597150154,0.3311316012408808,0.14784987336012148,-0.2583648386177459,0.046422830732166985,-0.35301077365766326,0.1925759725489169,0,2,0.32814154552720515,0.2794558562798453,0.39240259819294954,0.34526467509559244,0.22383314797660533,0.43090217692780225,2025
21,2026-02-07 15:30:00,Mainz,Augsburg,0.47014146279638647,0.28018397728675015,0.24967455991686324,1.5308386943016223,1.0567833912864122,0.3311316012408808,0.14784987336012148,-0.08723206392099862,0.034066340746337055,-0.2156729472250093,-0.06022889595577187,2,0,0.48526005589325916,0.26369874185796155,0.25104120224877935,0.3595132352361915,0.35181028004334947,0.2886764847204591,2025
21,2026-02-07 15:30:00,St Pauli,Stuttgart,0.21939103672203664,0.275576926099009,0.5050320371789542,0.9701711022280094,1.5850759109237011,0.3311316012408808,0.14784987336012148,-0.40740224719523005,-0.10186205639658762,0.1968322468243142,-0.06733154855554356,2,1,0.19653299724320228,0.2497063811127159,0.5537606216440817,0.21024776934113407,0.1745250054949323,0.6152272251639336,2025
21,2026-02-07 15:30:00,Wolfsburg,Dortmund,0.21395644810461434,0.22318547005863962,0.5628580818367461,1.2828258602919889,2.1484698472290558,0.3311316012408808,0.14784987336012148,-0.03615949129727006,-0.19375663541531793,0.29463973131242527,0.13898455724510192,1,2,0.21084706667880662,0.2260523839873744,0.5631005493338189,0.17280949421399927,0.23800168113202355,0.5891888246539772,2025
21,2026-02-07 18:30:00,M'gladbach,Leverkusen,0.23507410316947314,0.2393105903300387,0.525615306500488,1.2608111647629647,1.9546286140147713,0.3311316012408808,0.14784987336012148,-0.043686363125856414,-0.20353981609230146,0.26469654615863836,0.07437206073587388,1,1,0.2707514279356131,0.2581410874564201,0.4711074846079668,0.21023787044799216,0.23975306349972506,0.5500090660522828,2025
21,2026-02-08 15:30:00,FC Koln,RB Leipzig,0.24082523779898896,0.25438562182903207,0.5047891403719789,1.1793224398148827,1.7849126436776706,0.3311316012408808,0.14784987336012148,-0.1848045470568356,-0.12923685753129338,0.1598045175775406,0.08843335609947242,1,2,0.28451604559646754,0.24460989894137858,0.47087405546215383,0.22866444939045422,0.25829445306081744,0.5130410975487283,2025
21,2026-02-08 17:30:00,Bayern Munich,Hoffenheim,0.7506813548993548,0.14208085050661584,0.10723779459402921,3.1719631111945876,1.2251760968729803,0.3311316012408808,0.14784987336012148,0.675752254864694,-0.0003830552706210532,0.16442835624979973,-0.29247537127602613,5,1,0.7705476852740659,0.1337223578996245,0.0957299568263096,0.663849668476852,0.20704748255283423,0.12910284897031382,2025
22,2026-02-13 20:30:00,Dortmund,Mainz,0.5868533689455758,0.23128833137276456,0.18185829968165967,2.0162770884810253,1.0524709736458908,0.32349325340417,0.155742265489569,0.2940945634595155,-0.0720772969057392,-0.07826915820635084,-0.19408338748742734,4,0,0.5734551574897812,0.22938206299591252,0.19716277951430636,0.7395368272758238,0.1635796049419509,0.09688356778222515,2025
22,2026-02-14 15:30:00,Ein Frankfurt,M'gladbach,0.5030914874029425,0.22957628421981036,0.26733222837724707,2.0705966681519112,1.484757720043326,0.32349325340417,0.155742265489569,0.1837343583536801,0.0648669339791255,-0.0463051249063453,0.1180634789602109,3,0,0.44416128820192347,0.2713607870282645,0.284477924769812,0.5132690888079621,0.24991257268065784,0.23681833851138007,2025
22,2026-02-14 15:30:00,Hamburg,Union Berlin,0.3503805156400006,0.3121323020506669,0.3374871823093328,1.1503578779852124,1.1243803118678195,0.32349325340417,0.155742265489569,-0.3218749633996207,-0.01728746328308,-0.22044920370646492,0.014188000298682661,3,2,0.40256410256410263,0.29871794871794877,0.29871794871794877,0.29006068235830657,0.43450432959658436,0.2754349880451091,2025
22,2026-02-14 15:30:00,Hoffenheim,Freiburg,0.4866565508494355,0.24220163979247794,0.2711418093580865,1.9083429313825595,1.3918086144650195,0.32349325340417,0.155742265489569,0.1649964068864411,0.0020033645248115524,-0.022165250007005987,0.029276059454038255,3,0,0.5528070579591938,0.23973775472720138,0.2074551873136047,0.4560189453169433,0.2926595124964126,0.25132154218664404,2025
22,2026-02-14 15:30:00,Leverkusen,St Pauli,0.6372801555449832,0.23076734294289117,0.1319525015121258,1.9319319038414582,0.772185988724232,0.32349325340417,0.155742265489569,0.2532571206782963,-0.07397215086175253,-0.37810520155315513,-0.20391789178789574,4,0,0.6238683285732474,0.2227047697743743,0.1534269016523784,0.7649363793752738,0.12032632929905462,0.11473729132567155,2025
22,2026-02-14 15:30:00,Werder Bremen,Bayern Munich,0.09835047705764527,0.14855513249649557,0.7530943904458591,1.0536476260103307,2.9560412010963746,0.32349325340417,0.155742265489569,-0.13442063188458864,-0.2925568134609055,0.6920045897892639,0.06835309792000568,0,3,0.11951862661481523,0.16154490183957873,0.7189364715456061,0.12369751796022868,0.13205855080882806,0.7442439312309433,2025
22,2026-02-14 18:30:00,Stuttgart,FC Koln,0.6153853206692441,0.21778144616711928,0.16683323316363666,2.1559803521333567,1.0561709122365786,0.32349325340417,0.155742265489569,0.19243319304378403,0.09657682795701499,-0.18654995098616584,-0.08229328152114243,3,1,0.6326981200831708,0.2001529084764171,0.16714897144041213,0.7399857124942845,0.15591642179345644,0.10409786571225912,2025
22,2026-02-15 15:30:00,Augsburg,Heidenheim,0.4732972392749196,0.2753747653288946,0.25132799539618567,1.5729747454742646,1.089586466595411,0.32349325340417,0.155742265489569,-0.23152950609589887,0.2052625561425929,-0.2801807466375158,0.042485729043817325,1,0,0.5022299786697693,0.25382974597634284,0.24394027535388793,0.5844405782578705,0.240250617822762,0.17530880391936735,2025
22,2026-02-15 17:30:00,RB Leipzig,Wolfsburg,0.5968999649790894,0.21750784720918434,0.18559218781172626,2.1917572369608673,1.1696828811713567,0.32349325340417,0.155742265489569,0.16423030487733697,0.1412377896198596,-0.038591540062965814,-0.12816904300387189,2,2,0.6233703704622899,0.20199340330430424,0.17463622623340588,0.6798002036580116,0.2010510006522811,0.11914879568970721,2025
23,2026-02-20 20:30:00,Mainz,Hamburg,0.48602288016926387,0.27929924851984056,0.23467787131089574,1.5473249231560602,1.0082445875697907,0.3159437569009436,0.17575977085741412,-0.09645666218830962,0.0412807183274897,-0.26191275461866353,-0.04582021566837731,1,1,0.45681802616259165,0.2727667054767938,0.2704152683606146,0.5609076186185125,0.23104676564958485,0.2080456157319026,2025
23,2026-02-21 15:30:00,Bayern Munich,Ein Frankfurt,0.803007506560389,0.1155767351590836,0.08141575828052752,3.581555757341214,1.2131300308793738,0.3159437569009436,0.17575977085741412,0.6880132900893939,0.09608045725678208,0.19231750365593847,-0.3150574385831285,3,2,0.8656552587990014,0.085929014660195,0.04841572654080382,0.7772849149979876,0.10845188641893391,0.11426319858307837,2025
23,2026-02-21 15:30:00,FC Koln,Hoffenheim,0.2764038387764501,0.24866122937866475,0.474934931844885,1.3606934749834643,1.8284774017251542,0.3159437569009436,0.17575977085741412,-0.19138792657955397,0.007678876686286699,0.17568209479767852,0.11185774791797833,2,2,0.27411180705356447,0.25342412350235205,0.47246406944408353,0.24757716378199493,0.24825418467742694,0.5041686515405781,2025
23,2026-02-21 15:30:00,Union Berlin,Leverkusen,0.21143226653367522,0.25134631108365074,0.5372214223826741,1.0724590473866817,1.8171423758827914,0.3159437569009436,0.17575977085741412,-0.20401851070255686,-0.21773083021964534,0.27518120701828613,0.006140180093022162,1,0,0.3031454677771489,0.28826716261017227,0.408587369612679,0.19986949014038535,0.21767498077818706,0.5824555290814276,2025
23,2026-02-21 15:30:00,Wolfsburg,Augsburg,0.4555299161404017,0.26713040994506704,0.2773396739145313,1.630125558779934,1.2309187218337787,0.3159437569009436,0.17575977085741412,-0.028477202931415164,0.025430716951415747,-0.2451059503144178,0.13692301230581436,2,3,0.42792292346103766,0.27644578241288276,0.29563129412607964,0.3844144226587483,0.31089904155630754,0.3046865357849441,2025
23,2026-02-21 18:30:00,RB Leipzig,Dortmund,0.34762951447141,0.25395665275377266,0.3984138327748174,1.547856773454439,1.6670349189376592,0.3159437569009436,0.17575977085741412,0.15804795236493965,-0.2128802328445787,0.31071923797796563,-0.11561644415648041,2,2,0.47593993851974464,0.2416499172381178,0.2824101442421377,0.2893029006506872,0.27918241791097903,0.4315146814383337,2025
23,2026-02-22 15:30:00,Freiburg,M'gladbach,0.453256904247785,0.2615500166123233,0.2851930791398918,1.6789575680401376,1.2960755759830458,0.3159437569009436,0.17575977085741412,-0.04484336125873668,0.07131293911451705,-0.07064433736350624,0.014041491494136416,2,1,0.4561657841327006,0.28134775907585724,0.2624864567914422,0.5186922341749473,0.24571834113599672,0.235589424689056,2025
23,2026-02-22 17:30:00,St Pauli,Werder Bremen,0.35710191768235866,0.3099115110672715,0.3329865712503698,1.1755871215583211,1.1267457895890414,0.3159437569009436,0.17575977085741412,-0.39578940599789225,0.06585357896018999,-0.15401216845597404,-0.04259794263808873,2,1,0.35425993999908206,0.30186136366481264,0.34387869633610524,0.4044919812099028,0.21486340234009677,0.3806446164500003,2025
23,2026-02-22 19:30:00,Heidenheim,Stuttgart,0.192055229906748,0.2310647936989624,0.5768799763942896,1.1085232230242763,2.0304973314869583,0.3159437569009436,0.17575977085741412,-0.3044127885726624,-0.08426203937667222,0.19913291535739297,0.19320408167026912,3,3,0.21292053676071993,0.22354127612408126,0.5635381871151989,0.27304515858891004,0.19417288588303552,0.5327819555280544,2025
24,2026-02-27 20:30:00,Augsburg,FC Koln,0.42870063776207007,0.2812408651773101,0.29005849706061987,1.4816146559580794,1.181474443205585,0.3208348610718978,0.17721451016678422,-0.21812339867315966,0.11320650427567536,-0.18252596278351363,0.028454288318924544,2,0,0.43367037771942535,0.2763209486353861,0.2900086736451885,0.4484581840143182,0.3633702373606837,0.18817157862499803,2025
24,2026-02-28 15:30:00,Hoffenheim,St Pauli,0.5763683588855301,0.24472439862539352,0.17890724248907636,1.8654771809071709,0.9563233612811407,0.3208348610718978,0.17721451016678422,0.17248489520387036,-0.04701738499740533,-0.3799662448342382,0.014472204657922549,0,1,0.6224093562712679,0.22377098284990818,0.15381966087882395,0.7017320613058637,0.20791760474691745,0.09035033394721881,2025
24,2026-02-28 15:30:00,Leverkusen,Mainz,0.5992156896433907,0.2310687389237101,0.16971557143289903,2.0020631289096418,0.9873268830828367,0.3208348610718978,0.17721451016678422,0.24665381347817325,-0.05052497139907952,-0.11109599033796878,-0.22249297657962525,1,1,0.5583906515790252,0.2345240736631906,0.2070852747577842,0.7233978068602577,0.18795639766289324,0.08864579547684916,2025
24,2026-02-28 15:30:00,M'gladbach,Union Berlin,0.42539803483893335,0.2805145394208414,0.2940874257402252,1.4830034968927546,1.1980065557293236,0.3208348610718978,0.17721451016678422,-0.08110961788111853,-0.022870332218874332,-0.21225263981315068,0.07207675064768784,1,0,0.4004150481562284,0.28829883467248446,0.3112861171712872,0.3585287300681744,0.30324425572293434,0.33822701420889134,2025
24,2026-02-28 15:30:00,Werder Bremen,Heidenheim,0.49903239299172436,0.26117263777272165,0.23979496923555393,1.715210421505102,1.1314771807789414,0.3208348610718978,0.17721451016678422,-0.160796497671074,0.2022828942790711,-0.2712437017516169,0.07393285933753573,2,0,0.5875512823032879,0.22329739945018068,0.18915131824653134,0.5158700443797243,0.25061979834049514,0.23351015727978058,2025
24,2026-02-28 18:30:00,Dortmund,Bayern Munich,0.283652469055549,0.2195060417995854,0.49684148914486564,1.6550941150765277,2.204100130571199,0.3208348610718978,0.17721451016678422,0.3081057646680714,-0.3022972615788736,0.6769324593065417,-0.2074479988260939,2,3,0.22310744820055453,0.21444802669505356,0.5624445251043919,0.15671615922170168,0.3373658834078909,0.5059179573704073,2025
24,2026-03-01 15:30:00,Stuttgart,Wolfsburg,0.6099723206526313,0.20512855431163138,0.18489912503573736,2.3628030793776205,1.2652079855505376,0.3208348610718978,0.17721451016678422,0.20657408395600985,0.15522520453016958,-0.028042379430458113,-0.05755595752172531,4,0,0.6844788936041284,0.1736548304143807,0.14186627598149104,0.7083582840870903,0.2013977703109151,0.09024394560199467,2025
24,2026-03-01 17:30:00,Ein Frankfurt,Freiburg,0.501514485298198,0.2338811661050944,0.26460434859670745,2.0154312629259152,1.4347377707218854,0.3208348610718978,0.17721451016678422,0.19612075406606838,0.006663073459504972,-0.04694027454197514,0.08708750781010531,2,0,0.4221246581258097,0.2716280408809558,0.3062473009932345,0.45077376703146527,0.24559436009448904,0.3036318728740457,2025
24,2026-03-01 19:30:00,Hamburg,RB Leipzig,0.24794065479822808,0.2671916843810931,0.4848676608206789,1.125674391963331,1.6521607156202591,0.3208348610718978,0.17721451016678422,-0.26683813791125743,-0.11282891775216668,0.15699636431106723,0.02425273046831388,1,2,0.25244618395303325,0.24266144814090015,0.5048923679060665,0.31846118253808003,0.2628251309102161,0.41871368655170377,2025
25,2026-03-06 20:30:00,Bayern Munich,M'gladbach,0.8360946146650132,0.10609263964593131,0.05781274568905539,3.477925421878172,0.9393460180238995,0.30758119924531974,0.18637366700722688,0.6905662204191674,0.061914886212239936,-0.08203492280160132,-0.28811764779759613,4,1,0.7783720052332466,0.13302685400172717,0.08860114076502618,0.8315415695189242,0.08841979743345794,0.08003863304761799,2025
25,2026-03-07 15:30:00,Freiburg,Leverkusen,0.25763662083536043,0.2582194606371656,0.4841439185274738,1.2199285377845048,1.7370075663607152,0.30758119924531974,0.18637366700722688,-0.06119275326124126,-0.23396983154822823,0.2327029942016643,0.01187964979599984,3,3,0.3196099411507222,0.27882885073683183,0.40156120811244594,0.351643525028457,0.23919004093535098,0.4091664340361919,2025
25,2026-03-07 15:30:00,Heidenheim,Hoffenheim,0.23329323470131547,0.23873724120607953,0.527969524092605,1.2569962354738902,1.961352564724864,0.30758119924531974,0.18637366700722688,-0.2859087892040999,0.020678857705449687,0.15583131507359238,0.21022180496830464,2,4,0.17262150445643498,0.2054838039919051,0.6218946915516599,0.22922635197628918,0.2682228592229989,0.502550788800712,2025
25,2026-03-07 15:30:00,Mainz,Stuttgart,0.31529784422977153,0.26368458884120216,0.42101756692902614,1.3766271421621536,1.6173218185214693,0.30758119924531974,0.18637366700722688,-0.10509036672347988,-0.06922809193021848,0.2318471133910749,-0.05865672987615578,2,2,0.27027672895856236,0.24876929694594466,0.48095397409549306,0.34493583648723364,0.2706774303089937,0.38438673320377265,2025
25,2026-03-07 15:30:00,RB Leipzig,Augsburg,0.590972948280199,0.23412793732864348,0.17489911439115774,1.9749540860503347,0.9971300810986088,0.30758119924531974,0.18637366700722688,0.16727568824734862,0.01931459601351022,-0.20296212043089829,-0.10749312382936138,2,1,0.7043744709262815,0.17284465799482554,0.1227808710788931,0.5450407078307796,0.28750438428297975,0.16745490788624057,2025
25,2026-03-07 15:30:00,Wolfsburg,Hamburg,0.45428598532470355,0.26964664123522386,0.27606737344007265,1.606572615985745,1.2100729239121162,0.30758119924531974,0.18637366700722688,-0.03954036944715485,0.01968860310739696,-0.29682796173995335,0.1799273879832225,1,2,0.3668807026625092,0.2786986940106895,0.35442060332680136,0.3878839914409846,0.2468270817240125,0.36528892683500275,2025
25,2026-03-07 18:30:00,FC Koln,Dortmund,0.18053054248154243,0.22191541275352147,0.5975540447649362,1.1082481250442286,2.1275493064094797,0.30758119924531974,0.18637366700722688,-0.20394055469289524,-0.1872338087346786,0.31867641373784616,0.12871314396430944,1,2,0.23257551250454392,0.23788815111505382,0.5295363363804023,0.18857980806080304,0.29001165528817274,0.5214085366510242,2025
25,2026-03-08 15:30:00,St Pauli,Ein Frankfurt,0.28835280621002835,0.2745443316883096,0.437102862101662,1.218309229569131,1.5458593878814297,0.30758119924531974,0.18637366700722688,-0.3711096814141478,0.0746188352881395,0.20158996983211147,-0.07359117525983971,0,0,0.3701787626657879,0.2866628223082626,0.3431584150259494,0.31499211819403866,0.21427895950475553,0.4707289223012058,2025
25,2026-03-08 17:30:00,Union Berlin,Werder Bremen,0.4142736791682001,0.2901036695045509,0.2956226513272489,1.396295046603751,1.1449009648490935,0.30758119924531974,0.18637366700722688,-0.2252475374071594,0.06511500459857704,-0.1487205534240935,-0.02354250613738644,1,4,0.3960571274059143,0.29517465155723804,0.3087682210368477,0.3997098512221862,0.2963551214739182,0.3039350273038957,2025
26,2026-03-13 20:30:00,M'gladbach,St Pauli,0.4409594020967496,0.30090319136421984,0.2581374065390306,1.3527804212305274,0.9782173524738994,0.3172094196693333,0.17751978950400937,-0.08713884974620757,-0.10542831370422862,-0.4035747554032966,0.06434194388794776,2,0,0.4909610506373823,0.28416230506587886,0.22487664429673868,0.3761557949222986,0.32509424858685915,0.2987499564908423,2025
26,2026-03-14 15:30:00,Dortmund,Augsburg,0.6698154644930101,0.20084360244296104,0.12934093306402897,2.2735427095290603,0.9210248861719637,0.3172094196693333,0.17751978950400937,0.3104344761374831,0.016175594601264196,-0.20811273232462435,-0.19136490962013053,2,0,0.6133398451126769,0.20993511477011093,0.17672504011721202,0.7771035717187079,0.13164952265730448,0.09124690562398764,2025
26,2026-03-14 15:30:00,Ein Frankfurt,Heidenheim,0.6634585648711488,0.1917719335258948,0.14476950160295637,2.456170058838168,1.0992920999042943,0.3172094196693333,0.17751978950400937,0.17400248133778298,0.22987155957459116,-0.27439243067772684,0.05184943810685117,1,0,0.5829338611816343,0.22031068462498388,0.19675545419338183,0.6192556265220683,0.2504275122121762,0.1303168612657555,2025
26,2026-03-14 15:30:00,Hoffenheim,Wolfsburg,0.5918597410761803,0.20767317609089703,0.2004670828329226,2.3508813062133394,1.3389960045929388,0.3172094196693333,0.17751978950400937,0.1756374919510183,0.18442358064838255,-0.05439169008145745,0.029102353242875637,1,1,0.6657929389807662,0.188886930374825,0.1453201306444087,0.6173900097555142,0.19582488578137072,0.18678510446311514,2025
26,2026-03-14 15:30:00,Leverkusen,Bayern Munich,0.26166702856085255,0.218525238620798,0.5198077328183492,1.5646605035297516,2.227130554298708,0.3172094196693333,0.17751978950400937,0.24280772767936853,-0.2898680670453677,0.6889863145891119,-0.20548172430737718,1,1,0.19085049186766412,0.2006586541906276,0.6084908539417083,0.20215180268218627,0.26244925173128614,0.5353989455865276,2025
26,2026-03-14 18:30:00,Hamburg,FC Koln,0.4231699342033613,0.29067885779690794,0.2861512079997309,1.4039989146908503,1.1145526278444262,0.3172094196693333,0.17751978950400937,-0.2784209241714023,0.12301624758916538,-0.21258714809929663,0.0038308221946961206,1,1,0.40323000781453505,0.2719458192237562,0.32482417296170873,0.4585654044988943,0.25125233092214666,0.29018226457895907,2025
26,2026-03-15 15:30:00,Werder Bremen,Mainz,0.37653060780280545,0.28192917610657375,0.3415402160906208,1.3921702501357731,1.3161282436149306,0.3172094196693333,0.17751978950400937,-0.10783634312928482,-0.05602900547859429,-0.10013562085863834,0.0576204788999494,0,2,0.4192169001499825,0.26984076331493123,0.3109423365350864,0.4086336153379511,0.2777098819542641,0.3136565027077848,2025
26,2026-03-15 17:30:00,Freiburg,Union Berlin,0.47357846057934644,0.27269021683014816,0.25373132259050546,1.5962063708352452,1.1137792143816865,0.3172094196693333,0.17751978950400937,-0.03915868932411877,0.012059275853832511,-0.23544326319885844,0.025992773634124042,0,1,0.49662450863100327,0.2651469834216373,0.2382285079473594,0.47117339961333604,0.32262624698727177,0.20620035339939222,2025
26,2026-03-15 19:30:00,Stuttgart,RB Leipzig,0.4470606601748419,0.24422502114098898,0.3087143186841692,1.846403772468202,1.5140065002436165,0.3172094196693333,0.17751978950400937,0.22969245893763568,-0.11118182763356574,0.16038222148583323,-0.06283219272533719,1,0,0.390824590538105,0.23989233178809513,0.3692830776737999,0.5054325068359451,0.25306812838211556,0.2414993647819394,2025
27,2026-03-20 20:30:00,RB Leipzig,Hoffenheim,0.48711265072074983,0.23855084336542026,0.27433650591382996,1.9509015383822739,1.4350473056585564,0.30849506027900164,0.17627830492670016,0.15057790840303087,0.03294031950207565,0.16808944557047592,-0.11538669156552833,5,0,0.4930695202528009,0.23538494685435218,0.2715455328928469,0.4917617091910716,0.2371485682866817,0.27108972252224656,2025
27,2026-03-21 15:30:00,Bayern Munich,Union Berlin,0.8314406502380202,0.11363550772760674,0.05492384203437322,3.2261714958076695,0.8101496786802962,0.30849506027900164,0.17627830492670016,0.6874697807087581,-0.0009470071136660073,-0.22861873922688578,-0.29041258094486644,4,0,0.8301656274712479,0.10819921096222723,0.061635161566524974,0.8122625185421012,0.09772862025820782,0.09000886119969098,2025
27,2026-03-21 15:30:00,FC Koln,M'gladbach,0.3546761612611106,0.273876529752777,0.37144730898611245,1.4046792508275512,1.4419311458414164,0.30849506027900164,0.17627830492670016,-0.20720703924964343,0.06224265954130006,-0.06865999044897717,0.12614821882295682,3,3,0.40796503156872277,0.2792617775619233,0.31277319086935407,0.3996486100493611,0.27147012835188833,0.32888126159875064,2025
27,2026-03-21 15:30:00,Heidenheim,Leverkusen,0.15082689505263389,0.2140200249148655,0.6351530800325006,0.9816724456551363,2.1681082242277565,0.30849506027900164,0.17627830492670016,-0.2869799589346389,-0.21629099093770113,0.243944363835621,0.22141557714111101,3,3,0.1785639168329631,0.2046857125268682,0.6167503706401687,0.30653471617515615,0.18592707556807156,0.5075382082567723,2025
27,2026-03-21 15:30:00,Wolfsburg,Werder Bremen,0.4192962339190315,0.25818693315238783,0.32251683292858074,1.6648009075504882,1.440886879160239,0.30849506027900164,0.17627830492670016,-0.050400054816946566,0.07533223084923446,-0.12036466097042708,0.17712841300369017,0,1,0.4017120048731225,0.26257153391148225,0.33571646121539517,0.3889574961958146,0.29296409459431816,0.31807840920986724,2025
27,2026-03-21 18:30:00,Dortmund,Hamburg,0.6837657348771499,0.1990798765016274,0.11715438862122278,2.2504908276658875,0.8430134036313718,0.30849506027900164,0.17627830492670016,0.31647630196758203,0.00989867088203024,-0.28236422009244255,-0.1969032613746525,3,2,0.6668340457066264,0.19670209298040653,0.1364638613129671,0.7573859201957404,0.1409488648941834,0.10166521491007618,2025
27,2026-03-22 15:30:00,Mainz,Ein Frankfurt,0.3837899011218312,0.26155425169085533,0.35465584718731347,1.5684811359862103,1.5015405836487485,0.30849506027900164,0.17627830492670016,-0.08122074027974632,0.04655509686435065,0.16401896329909604,-0.06602238676502427,2,1,0.436941433453512,0.26764218858263555,0.29541637796385245,0.3893312146190048,0.2672231349079224,0.34344565047307285,2025
27,2026-03-22 17:30:00,St Pauli,Freiburg,0.3254202957603086,0.31053121215961144,0.36404849208007994,1.1068588627206448,1.1849543174071555,0.30849506027900164,0.17627830492670016,-0.4166987818545365,0.03345156696314953,-0.05355401759183884,-0.08523681955442722,1,2,0.3525264394829612,0.3125734430082256,0.33490011750881316,0.34561058501120795,0.3391889876963641,0.3152004272924279,2025
27,2026-03-22 19:30:00,Augsburg,Stuttgart,0.25428352453654596,0.2576020780359268,0.48811439742752716,1.2112569723571667,1.7454088106817283,0.30849506027900164,0.17627830492670016,-0.215116928591096,-0.07799779607630836,0.22764249522500096,0.02085124817448544,2,5,0.27819995738747866,0.2506775017101077,0.47112254090241357,0.2680535619143726,0.2829318068780953,0.44901463120753216,2025
28,2026-04-04 15:30:00,Freiburg,Bayern Munich,0.12468249507085072,0.1674122837044421,0.7079052212247071,1.1422250472715403,2.771583877853792,0.3180899103296767,0.18001243608134915,-0.05295139052291394,-0.3121727999081664,0.6781781541118389,0.02315088940321372,2,3,0.17247700930103785,0.20315621702920508,0.624366773669757,0.21191674701494884,0.17397167782305928,0.6141115751619919,2025
28,2026-04-04 15:30:00,Hamburg,Augsburg,0.401369545487127,0.2948440778548965,0.3037863766579765,1.3445952338082552,1.140032315383105,0.3180899103296767,0.18001243608134915,-0.25722039713847705,0.05521107708279972,-0.2083728276630304,0.021339526165279,1,1,0.3958544911718282,0.27839025046802157,0.3257552583601503,0.3807639070422341,0.2919940014320352,0.3272420915257308,2025
28,2026-04-04 15:30:00,Hoffenheim,Mainz,0.45866264468889695,0.2552553932307265,0.28608196208037634,1.7454428523323764,1.3453350828346076,0.3180899103296767,0.18001243608134915,0.14102294186955572,-0.08211698125223191,-0.0849210561385398,0.06347426005342664,1,2,0.5535609090627229,0.23824140390041237,0.20819768703686484,0.46093487829941665,0.29447002952650053,0.2445950921740828,2025
28,2026-04-04 15:30:00,Leverkusen,Wolfsburg,0.6764551813196824,0.18896430235717895,0.13458051632313855,2.4607717223618173,1.0436064994502667,0.3180899103296767,0.18001243608134915,0.24346531536761865,0.15890734724663538,-0.08689270902012922,-0.18851469913525554,6,3,0.6608486307553415,0.19229611796569362,0.1468552512789648,0.7501071379793072,0.13978351945038056,0.11010934257031228,2025
28,2026-04-04 15:30:00,M'gladbach,Heidenheim,0.5501840133278388,0.23926898617232986,0.21054700049983138,1.9488029416536807,1.1462782244648086,0.3180899103296767,0.18001243608134915,-0.05358166596041241,0.22269462755094138,-0.2564411071249248,0.07487156438690418,2,2,0.5911462595318208,0.22273046271459598,0.1861232777535832,0.4640537399094845,0.36983524537860224,0.16611101471191325,2025
28,2026-04-04 15:30:00,Werder Bremen,RB Leipzig,0.2669442155046766,0.26016052718147203,0.4728952573138513,1.241397805028911,1.710309067673747,0.3180899103296767,0.18001243608134915,-0.137405144799451,-0.14445919475740868,0.17442930537559412,0.04415487980722794,1,2,0.2514424536896447,0.23747342848466446,0.5110841178256909,0.33521719334467515,0.26360802786062076,0.40117477879470415,2025
28,2026-04-04 18:30:00,Stuttgart,Dortmund,0.38254299884745313,0.2408847584676761,0.3765722426848708,1.7620132441968925,1.7474391555541218,0.3180899103296767,0.18001243608134915,0.2543895952251433,-0.18603489758011713,0.3131643861947614,-0.07310291999955026,0,2,0.4025051780254463,0.24359404280501032,0.3539007791695434,0.3630961954205692,0.26095145029294464,0.37595235428648616,2025
28,2026-04-05 15:30:00,Union Berlin,St Pauli,0.41105010190562563,0.3235551939889414,0.2653947041054331,1.1826854254028745,0.8988706326922662,0.3180899103296767,0.18001243608134915,-0.25106504647973277,-0.07924966288873296,-0.4254740402554189,0.0007679737170145948,1,1,0.46053670977497907,0.29543864400659037,0.24402464621843045,0.4896556629684497,0.20583764557643935,0.304506691455111,2025
28,2026-04-05 17:30:00,Ein Frankfurt,FC Koln,0.5927697235169325,0.21724290697598186,0.18998736950708575,2.2016561584144574,1.197261590650718,0.3180899103296767,0.18001243608134915,0.14691458269821545,0.14419294732307544,-0.18140329802772528,0.043350328953133156,2,2,0.4940061732826071,0.25367884573971716,0.2523149809776757,0.6417685873695753,0.21140830118609963,0.14682311144432517,2025
29,2026-04-10 20:30:00,Augsburg,Hoffenheim,0.3199108494917034,0.25994093249998834,0.42014821800830837,1.4191905575008417,1.6499036187479936,0.32661660049113583,0.17162628797315632,-0.21497490833645688,0.06681869902752222,0.12569795445375212,0.048402318381498735,2,2,0.27140379767126677,0.244546130193381,0.4840500721353521,0.3613942300667453,0.3193963839157102,0.31920938601754445,2025
29,2026-04-11 15:30:00,Dortmund,Leverkusen,0.47139188382231156,0.24034164250043533,0.288266473677253,1.9173290866781094,1.4741439275315076,0.32661660049113583,0.17162628797315632,0.3092014977051023,-0.15651126929702364,0.2792925418811715,-0.21783170918513428,0,1,0.45676624264703103,0.2482687229163282,0.29496503443664074,0.3280591832413473,0.2115320128610657,0.4604088038975871,2025
29,2026-04-11 15:30:00,Heidenheim,Union Berlin,0.34559686257096645,0.2876626909695182,0.3667404464595153,1.2871605445666676,1.3324369160590752,0.32661660049113583,0.17162628797315632,-0.2452145168483636,-0.0005897075286875588,-0.2598939845689759,0.2202869174702248,3,1,0.3427508319791074,0.2770316459064172,0.3802175221144754,0.36747037236555224,0.18296921578343184,0.449560411851016,2025
29,2026-04-11 15:30:00,RB Leipzig,M'gladbach,0.5929277752668989,0.22255459314138754,0.1845176315917136,2.1253063556226697,1.1264622709654954,0.32661660049113583,0.17162628797315632,0.1723631240432551,0.08330994682956346,-0.05778742916577012,-0.14974718325929057,1,0,0.6433104976828531,0.19856941366109207,0.1581200886560548,0.6797018100244611,0.23228180380443758,0.0880163861711014,2025
29,2026-04-11 15:30:00,Wolfsburg,Ein Frankfurt,0.3185217426249167,0.23527625296415697,0.44620200441092633,1.6310349955724677,1.9465294725184754,0.32661660049113583,0.17162628797315632,-0.05920218919784677,0.05017408065509943,0.13967931010940993,0.19975211864191017,1,2,0.38084910088535684,0.2588090575077287,0.3603418416069145,0.3242947688787659,0.1828588532224744,0.49284637789875974,2025
29,2026-04-11 18:30:00,St Pauli,Bayern Munich,0.09091240670517686,0.17124645918866901,0.737841134106154,0.7980037801405404,2.5023399676794766,0.32661660049113583,0.17162628797315632,-0.42622829430810083,-0.29765653868151815,0.6748646829181512,-0.08425500222610167,0,5,0.11413900622507646,0.1696605119656652,0.7162004818092583,0.13628358116666225,0.14239654607777655,0.7213198727555612,2025
29,2026-04-12 15:30:00,FC Koln,Werder Bremen,0.37960355359233156,0.2748530745041484,0.34554337190352025,1.4511516745190516,1.3757175991159232,0.32661660049113583,0.17162628797315632,-0.16930972631658744,0.04342433731758342,-0.1468830349349435,0.13924191969110702,3,1,0.4101197650653649,0.27786220769221465,0.31201802724242045,0.362121706693911,0.32020104106136743,0.31767725224472154,2025
29,2026-04-12 17:30:00,Stuttgart,Hamburg,0.6213229728676863,0.22084446353634693,0.157832563595967,2.1002423278695384,0.9816812308187959,0.32661660049113583,0.17162628797315632,0.2290528926839529,0.014756951147320792,-0.2709370141679124,-0.07416822184965852,4,0,0.734943948137306,0.15863882860299355,0.10641722325970042,0.7101909838905138,0.20282884905024653,0.08698016705923976,2025
29,2026-04-12 19:30:00,Mainz,Freiburg,0.44295298161243357,0.27426936829291443,0.28277765009465194,1.5549668123506668,1.2023934024761385,0.32661660049113583,0.17162628797315632,-0.08053265280444545,0.02374396720383131,-0.04553236637123526,-0.0967701616409524,0,1,0.4272921784610508,0.2937633726919724,0.2789444488469767,0.40613521111278694,0.3184599108569402,0.27540487803027286,2025
30,2026-04-17 20:30:00,St Pauli,FC Koln,0.3612084892725704,0.30480552029186664,0.3339859904355629,1.212809813595565,1.1569892269993247,0.32610726931626927,0.1723439248068445,-0.4414335248230012,0.13592215825811751,-0.1371739699873909,-0.043112162310796065,1,1,0.33280206122566947,0.28876978850965784,0.3784281502646726,0.36506670713288547,0.3259385252690377,0.30899476759807676,2025
30,2026-04-18 15:30:00,Hoffenheim,Dortmund,0.2823159574280112,0.23511065714927518,0.48257338542271344,1.497214840001059,1.9886855130228673,0.32610726931626927,0.1723439248068445,0.13211385662162917,-0.2269584419095945,0.2867585659515952,0.07460803899209995,2,1,0.42898498913917793,0.2459364204750784,0.32507859038574377,0.3251250087662732,0.2704362806835668,0.40443871055015995,2025
30,2026-04-18 15:30:00,Leverkusen,Augsburg,0.6674862413294025,0.20081710026130192,0.13169665840929567,2.2821890854002547,0.9381184449589033,0.32610726931626927,0.1723439248068445,0.27342733746046294,0.05325657593296169,-0.2031644319898963,-0.18682190133077492,1,2,0.6802108482839465,0.18051749435227807,0.13927165736377536,0.7637505984703578,0.14191748953108074,0.09433191199856149,2025
30,2026-04-18 15:30:00,Union Berlin,Wolfsburg,0.4135217674895501,0.27097461191102146,0.3155036205994286,1.5428046759694856,1.3239958136074417,0.32610726931626927,0.1723439248068445,-0.2637725619210261,0.19892334597847097,-0.0679809893956771,0.022528015661311167,1,2,0.43850250651067124,0.26359420335192035,0.29790329013740835,0.5035647881379567,0.30277587167619024,0.19365934018585307,2025
30,2026-04-18 15:30:00,Werder Bremen,Hamburg,0.45210458856416175,0.2824834751390446,0.2654119362967937,1.4976953654421574,1.0968910808399084,0.32610726931626927,0.1723439248068445,-0.15028731947281038,0.05576362891106983,-0.29760414565158805,0.06397676449473524,3,1,0.5258246585554166,0.24900162402491954,0.22517371741966408,0.4237156279715434,0.270222889168294,0.30606148286016266,2025
30,2026-04-18 18:30:00,Ein Frankfurt,RB Leipzig,0.3562214544955383,0.2504047567759191,0.39337378872854273,1.6026185884238866,1.690741573720616,0.32610726931626927,0.1723439248068445,0.14104790071865372,-0.16786018563051172,0.1582164712731308,0.04084349311868521,1,3,0.3238243523435875,0.24141147089881837,0.43476417675759416,0.44777863150642766,0.25338255603445536,0.2988388124591171,2025
30,2026-04-19 15:30:00,Freiburg,Heidenheim,0.5555665118000432,0.239063102055562,0.2053703861443948,1.9483297036217573,1.1224805355678849,0.32610726931626927,0.1723439248068445,-0.04916486116644202,0.2176861103146701,-0.21261235980420295,0.002046090720534591,2,1,0.5794237066899233,0.22783165165963004,0.19274464165044675,0.550116696026831,0.2729295138506942,0.17695379012247486,2025
30,2026-04-19 17:30:00,Bayern Munich,Stuttgart,0.7135883527124551,0.1564139004364148,0.12999774685113014,3.019806773952129,1.3078727747436611,0.32610726931626927,0.1723439248068445,0.6931999173367399,-0.0864582642550759,0.2507115903494895,-0.30841687837704435,4,2,0.6448136547694931,0.18244727441152325,0.1727390708189835,0.7866447824994276,0.10659166756122085,0.10676354993935161,2025
30,2026-04-19 19:30:00,M'gladbach,Mainz,0.3699729694594239,0.2814165699609927,0.34861046057958345,1.3827762739971636,1.336276663972747,0.32610726931626927,0.1723439248068445,-0.07486479598434698,-0.09949312716309554,-0.10264547535204352,0.06642534352327173,1,1,0.4222626688380112,0.269374461155283,0.30836287000670565,0.3792384083416261,0.3136060849897375,0.30715550666863645,2025
31,2026-04-24 20:30:00,RB Leipzig,Union Berlin,0.6271601426367593,0.22612941546207768,0.14671044190116275,2.0153784574243176,0.8837286046819993,0.33030899471576664,0.1683648602725366,0.1723052429530061,0.02982789988305363,-0.27476386459930624,-0.1791504018759246,3,1,0.6216741698305767,0.2133472719191297,0.1649785582502936,0.7439030520720579,0.16724528748038273,0.08885166044755946,2025
31,2026-04-25 15:30:00,Augsburg,Ein Frankfurt,0.32631409598641425,0.25920195995855455,0.4144839440550314,1.4439583338359638,1.6474642193380895,0.33030899471576664,0.1683648602725366,-0.1872755947622829,0.055989925144074124,0.13306653696735946,0.03586173731961704,1,1,0.39628105655641765,0.2534480470116926,0.35027089643188974,0.3573776360650761,0.30230947904146316,0.3403128848934606,2025
31,2026-04-25 15:30:00,FC Koln,Leverkusen,0.20941973138610587,0.2305778859195388,0.5600023826943552,1.2022481042876285,2.0512163037076747,0.33030899471576664,0.1683648602725366,-0.14345866477735808,-0.1710219658403557,0.257342649658861,0.13078129171342448,1,2,0.2659296482412061,0.23879396984924622,0.4952763819095478,0.17066265723931065,0.293256229544059,0.5360811132166304,2025
31,2026-04-25 15:30:00,Heidenheim,St Pauli,0.3873695807966727,0.303674131038681,0.30895628816464626,1.2655245341405346,1.1045626691781802,0.33030899471576664,0.1683648602725366,-0.21610113482875182,-0.047086032429748,-0.44678731371369124,0.21592780112885857,2,0,0.40719987875957947,0.2767025882372216,0.3160975330031989,0.4077364177256655,0.23163337910069778,0.36063020317363664,2025
31,2026-04-25 15:30:00,Mainz,Bayern Munich,0.1397902339633304,0.1870710074580259,0.6731387585786437,1.0990858868652855,2.510090397868691,0.33030899471576664,0.1683648602725366,-0.10885336484012004,-0.2953416677663435,0.6981383131155199,-0.1081285402489939,3,4,0.25719354036928715,0.22123520178685127,0.5215712578438616,0.1495699337237468,0.22129819934841521,0.629131866927838,2025
31,2026-04-25 15:30:00,Wolfsburg,M'gladbach,0.39253183570833183,0.2551583031133141,0.352309861178354,1.6439517242998924,1.549859576986829,0.33030899471576664,0.1683648602725366,-0.060983043897207184,0.05941212033065112,-0.08336574776361937,0.19122108438262012,0,0,0.4411298807461092,0.2562179033374662,0.30265221591642455,0.39308433954549377,0.24977707234290908,0.3571385881115971,2025
31,2026-04-25 18:30:00,Hamburg,Hoffenheim,0.27542002520205755,0.2570142561728107,0.4675657186251317,1.2943506386209096,1.7365633184169036,0.33030899471576664,0.1683648602725366,-0.3006884259609815,0.060023703004053235,0.1365826293092305,0.08501643175259734,1,2,0.21542106209727935,0.22474216574571929,0.5598367721570014,0.32584811370795574,0.24028709256454647,0.43386479372749764,2025
31,2026-04-26 15:30:00,Stuttgart,Werder Bremen,0.6189414144050935,0.2099888598966877,0.17106972569821893,2.2666378435512384,1.138462356842999,0.33030899471576664,0.1683648602725366,0.25773849133820526,0.06188526102625688,-0.12757944062089033,-0.07305101193802188,1,1,0.6153420634961666,0.20784887478092737,0.17680906172290609,0.6882088562358977,0.19124822083281973,0.12054292293128258,2025
31,2026-04-26 17:30:00,Dortmund,Freiburg,0.6153282420475894,0.2174076537349968,0.16726410421741378,2.161537551345876,1.0613415159724378,0.33030899471576664,0.1683648602725366,0.27394947900176986,-0.0018035361975360987,-0.05040702411007603,-0.22036828154835844,4,0,0.6658120468419598,0.19237602173097612,0.14181193142706394,0.5850861732273908,0.22563194368641729,0.189281883086192,2025
32,2026-05-02 15:30:00,Bayern Munich,Heidenheim,0.898354278418262,0.06918870509736813,0.03245701648437006,4.123310293372766,0.8732149247134898,0.32462944026383983,0.1763083585572085,0.7115909296943309,0.2041275815026527,-0.20074105746834217,-0.2594619452718587,3,3,0.7468746636833862,0.1428015290198887,0.1103238072967253,0.8390992443254003,0.09839769913733848,0.06250305653726113,2025
32,2026-05-02 15:30:00,Ein Frankfurt,Hamburg,0.5901352720676056,0.22830705880000732,0.18155766913238688,2.0509429142143936,1.0703413353509015,0.32462944026383983,0.1763083585572085,0.12637349007154267,0.09098835666276242,-0.30644635672687126,0.04979451906641193,1,2,0.5635059760956176,0.22486055776892427,0.21163346613545816,0.5341149176527082,0.23894207057843947,0.2269430117688522,2025
32,2026-05-02 15:30:00,Hoffenheim,Stuttgart,0.3607762984817961,0.23564356959721966,0.4035801319209842,1.7603299295975228,1.8664363361302299,0.32462944026383983,0.1763083585572085,0.14042473148272883,-0.07586127882355428,0.2448217427963468,0.05457972704066184,3,3,0.4331496318251285,0.23507618209604966,0.33177418607882186,0.41151677954506477,0.29607513175376354,0.2924080887011717,2025
32,2026-05-02 15:30:00,Union Berlin,FC Koln,0.40343812778802945,0.2819688632385445,0.314593008973426,1.4397367326377024,1.2470792897011622,0.32462944026383983,0.1763083585572085,-0.26858533860295797,0.13210781209822123,-0.1473699376544397,0.04354474643050132,2,2,0.35892355133936865,0.27797936765452586,0.3630970810061055,0.36908268562982466,0.3070051353727657,0.3239121789974096,2025
32,2026-05-02 15:30:00,Werder Bremen,Augsburg,0.4279374111287445,0.2801140932804844,0.2919484955907712,1.4894528512235734,1.1941054367360193,0.32462944026383983,0.1763083585572085,-0.12867638935893008,0.026147429111788488,-0.1926902397754066,0.04545811605733126,1,3,0.48547617830301,0.24527984924733226,0.2692439724496578,0.39421899072406674,0.3016315911646389,0.3041494181112943,2025
32,2026-05-02 18:30:00,Leverkusen,RB Leipzig,0.4574898270031847,0.2505854736435486,0.2919246993532667,1.791557443183264,1.4021781766019843,0.32462944026383983,0.1763083585572085,0.2583499960220519,-0.1762024732999631,0.18671865952581285,-0.17332123180425948,4,1,0.44726508088552386,0.23369600476268618,0.31903891435179,0.37511570605829775,0.27413349046976515,0.35075080347193704,2025
32,2026-05-03 15:30:00,St Pauli,Mainz,0.27052697477293114,0.31477620104153864,0.41469682418553,0.9500252667777673,1.2367943427027837,0.32462944026383983,0.1763083585572085,-0.46823148853700575,-0.08397300841710055,-0.07694330960360947,-0.03516330596037013,1,2,0.3402314335491329,0.2870050436380722,0.372763522812795,0.36109778058334147,0.21258567124893316,0.42631654816772546,2025
32,2026-05-03 17:30:00,M'gladbach,Dortmund,0.21853652485663505,0.24154920700666602,0.539914268136699,1.168633438379464,1.9259302534524376,0.32462944026383983,0.1763083585572085,-0.1073288502503776,-0.23777388379130276,0.2939170387308095,0.036862620564843976,1,0,0.25781132830075487,0.24566315052742088,0.4965255211718243,0.2136447545650426,0.23241099610643176,0.5539442493285257,2025
32,2026-05-03 19:30:00,Freiburg,Wolfsburg,0.49025235758811553,0.24876850493732625,0.26097913747455836,1.8379195023166812,1.300148727484069,0.32462944026383983,0.1763083585572085,-0.06425641851871827,0.17195284632641955,-0.08395563952896014,0.021804862945748026,1,1,0.4565447077943285,0.2607010169856193,0.2827542752200523,0.5375079221498513,0.31508882914089137,0.14740324870925742,2025
33,2026-05-08 20:30:00,Dortmund,Ein Frankfurt,0.6050480851403982,0.21043852107045524,0.18451339378914644,2.2859283343983674,1.21850533157225,0.3351935740063481,0.16824141986516797,0.2664925254274016,0.05684469580029509,0.10802303672874916,-0.24559164114061843,3,2,0.5517041480519972,0.22120213483216863,0.22709371711583418,0.596761906907671,0.24794619108400032,0.1552919020083288,2025
33,2026-05-09 15:30:00,Augsburg,M'gladbach,0.3917547235770536,0.2834273353456041,0.3248179410773422,1.40937318741358,1.2646250634779401,0.3351935740063481,0.16824141986516797,-0.16857187618885752,0.00828193993306042,-0.11658360668679743,0.016165718419435197,3,1,0.48977191887222515,0.2398626577040898,0.270365423423685,0.4272646510511295,0.23053393220868174,0.34220141674018884,2025
33,2026-05-09 15:30:00,Hoffenheim,Werder Bremen,0.5388586317410189,0.23139819781808907,0.22974317044089193,2.050492268738853,1.296756474223938,0.3351935740063481,0.16824141986516797,0.15046049502024167,0.0641844065238266,-0.14062773035544485,0.06530028323990077,1,0,0.6341298174637114,0.19271296300745233,0.17315721952883634,0.6400096188943348,0.21469637009752293,0.14529401100814224,2025
33,2026-05-09 15:30:00,RB Leipzig,St Pauli,0.6390299092405923,0.23133029381296094,0.12963979694644662,1.9206187539969801,0.7558565546787154,0.3351935740063481,0.16824141986516797,0.17642265646604394,-0.027210248508192862,-0.4700821337987689,-0.14501510350203828,2,1,0.7395833191219987,0.1562846614450813,0.10413201943292001,0.800807685482322,0.10749835690482078,0.09169395761285726,2025
33,2026-05-09 15:30:00,Stuttgart,Leverkusen,0.38781113837966485,0.24090111434325417,0.371287747277081,1.7742389284088655,1.7339116270605697,0.3351935740063481,0.16824141986516797,0.25166054536872084,-0.18172398098956785,0.2754858379177794,-0.06029949965081816,3,1,0.47151346196170485,0.22774557992810504,0.30074095811018997,0.3727076850438957,0.2622657468531878,0.36502656810291645,2025
33,2026-05-09 18:30:00,Wolfsburg,Bayern Munich,0.09648656416868459,0.13296869899315028,0.7705447368381653,1.2009265972381127,3.2902079328523155,0.3351935740063481,0.16824141986516797,-0.0938379683148045,-0.22650360236319067,0.6978540945833889,0.15790309566528252,0,1,0.17731457944981077,0.18143817432073658,0.6412472462294526,0.10678417068415655,0.08213873934505371,0.8110770899707898,2025
33,2026-05-10 15:30:00,Hamburg,Freiburg,0.32841049586852344,0.2861243513189409,0.3854651528125358,1.2562444622465634,1.3788018351956168,0.3351935740063481,0.16824141986516797,-0.2878694886964538,0.01256117947853112,-0.08212292567725159,0.0681442383398866,3,2,0.3187426592080903,0.26103159277765614,0.4202257480142536,0.31845491674690524,0.3151040423410962,0.3664410409119986,2025
33,2026-05-10 17:30:00,FC Koln,Heidenheim,0.4561428727647133,0.2552745056082163,0.28858262162707027,1.742591494002453,1.3539350183502668,0.3351935740063481,0.16824141986516797,-0.13643846564144674,0.18837684136249244,-0.16997961874474604,0.13780122572102602,1,3,0.46412120580728217,0.23148761376066915,0.3043911804320487,0.4129358559155755,0.28688158569278216,0.3001825583916423,2025
33,2026-05-10 19:30:00,Mainz,Union Berlin,0.5101036646738122,0.2717262684116546,0.21817006691453333,1.6196414786450402,0.9853498213982383,0.3351935740063481,0.16824141986516797,-0.07128631714944776,0.05005613855129792,-0.2644394424420459,-0.08551268379704331,1,3,0.5645739145269982,0.21948306747419602,0.21594301799880575,0.5521453788679329,0.2653030829703102,0.1825515381617568,2025
34,2026-05-16 15:30:00,Bayern Munich,FC Koln,0.8691586632028783,0.08610477782988091,0.044736558967241005,3.8352140904933094,0.9354651924620208,0.3397698111146541,0.1694309483785971,0.6749565870528453,0.16006791213692625,-0.15530884144022752,-0.25117231105096516,5,1,0.822435011866992,0.10291722431705497,0.07464776381595309,0.7953173236644443,0.13348636635331088,0.07119630998224476,2025
34,2026-05-16 15:30:00,Ein Frankfurt,Stuttgart,0.3418923648898156,0.2327549092219343,0.42535272588825007,1.7343147753261088,1.9427449178306262,0.3397698111146541,0.1694309483785971,0.11321872300363456,-0.07180708928341789,0.2605361158132808,0.0637959522091233,2,2,0.2678923542644486,0.21987391340572668,0.5122337323298247,0.3203173207219961,0.37195336565021647,0.30772931362778744,2025
34,2026-05-16 15:30:00,Freiburg,RB Leipzig,0.28713528091851703,0.2567299119486486,0.45613480713283444,1.337938203758416,1.7282352783270167,0.3397698111146541,0.1694309483785971,-0.07541733671938197,-0.14265364766624353,0.17347705360387836,0.03385395283413046,4,1,0.3816297401628443,0.25031628118208066,0.36805397865507516,0.3231346792947624,0.32058537287453664,0.35627994783070094,2025
34,2026-05-16 15:30:00,Heidenheim,Mainz,0.3232509455027014,0.26957459468473677,0.40717445981256195,1.3559746564379322,1.5441904110785993,0.3397698111146541,0.1694309483785971,-0.14617608088506848,-0.05850417920716576,-0.08332320469848616,0.178053160820166,0,2,0.4852923942341498,0.23063400914098206,0.28407359662486814,0.3517670792092245,0.23573149895752174,0.4125014218332537,2025
34,2026-05-16 15:30:00,Leverkusen,Hamburg,0.6807199500770215,0.1943356048248042,0.12494444509817426,2.345042246180808,0.9312631301354972,0.3397698111146541,0.1694309483785971,0.26345671813380966,0.079645939537822,-0.24646950203259574,-0.16451371899546338,1,1,0.7360782190460734,0.15102089469927518,0.11290088625465138,0.7994629898249787,0.12090090300681239,0.07963610716820906,2025
34,2026-05-16 15:30:00,M'gladbach,Hoffenheim,0.34807092242235765,0.2555992885523889,0.3963297890252532,1.5347962822855232,1.6475220712082723,0.3397698111146541,0.1694309483785971,-0.12478513750731698,0.043982035122357356,0.13239156785432418,0.0271110051238365,4,0,0.21349334079029958,0.2106017831272256,0.5759048760824749,0.3370013906989583,0.27328021632711547,0.38971839297392624,2025
34,2026-05-16 15:30:00,St Pauli,Wolfsburg,0.34189649584684745,0.3027492756203561,0.3553542285327964,1.185874172797536,1.213614597866782,0.3397698111146541,0.1694309483785971,-0.4665693958356749,0.12784883752699897,-0.1181434623552585,-0.028023171214307183,1,3,0.3650938924935035,0.2625394283099351,0.37236667919656136,0.38943768298678877,0.21474031721309367,0.39582199980011745,2025
34,2026-05-16 15:30:00,Union Berlin,Augsburg,0.3718017511384839,0.2890545600556313,0.33914368880588486,1.3329496569006902,1.2632814043513314,0.3397698111146541,0.1694309483785971,-0.23364948592872212,0.011843000152686465,-0.14713820458334786,0.04108101831500232,4,0,0.3717382450285299,0.23621847975230628,0.3920432752191639,0.3591128617985645,0.3402990800017827,0.30058805819965284,2025
34,2026-05-16 15:30:00,Werder Bremen,Dortmund,0.20684961392233686,0.24098832421307306,0.5521620618645899,1.1168946859281916,1.927403104991954,0.3397698111146541,0.1694309483785971,-0.16517797748742383,-0.23347054932859523,0.2693804359014353,0.04702330839200864,0,2,0.2990326015541811,0.23679739006320938,0.4641700083826095,0.1946064715643196,0.24420646135209734,0.561187067083583,2025
